grille,valeur,frais_bps,annee,n_trades,pnl_bps,pnl_compose,esperance_bps,esperance_atr,long_bps,short_bps,timing_bps,derive_bps,long_atr,short_atr,timing_atr,derive_atr,pnl_compose_r25
A,0.75,5,2020,189,3814.08,0.407374,20.1803,0.484886,27.1037,11.7093,19.4065,7.69719,0.62986,0.307505,0.468683,0.161177,0.235593
A,0.75,5,2021,192,-2141.56,-0.252658,-11.1539,-0.144117,-13.3119,-8.80829,-11.0601,-2.25183,-0.106174,-0.185359,-0.145767,0.0395921,-0.0742072
A,0.75,5,2022,173,647.735,0.0270116,3.74413,0.131169,-14.4738,24.9225,5.22434,-19.6981,-0.143201,0.450126,0.153462,-0.296663,0.0525499
A,0.75,5,2023,188,2712.04,0.293847,14.4257,0.35579,26.1165,1.96413,14.0403,12.0762,0.885956,-0.209331,0.338312,0.547644,0.173559
A,0.75,5,2024,171,2176.04,0.213996,12.7254,0.317189,17.3311,6.96821,12.1497,5.18147,0.419431,0.189387,0.304409,0.115022,0.142356
A,0.75,5,2025,167,1971.5,0.201033,11.8054,0.527967,13.1829,10.156,11.6695,1.51347,0.569873,0.477791,0.523832,0.046041,0.170493
A,0.75,10,2020,189,2869.08,0.280631,15.1803,0.377335,22.1037,6.70933,14.4065,7.69719,0.512748,0.211653,0.362201,0.150547,0.175522
A,0.75,10,2021,192,-3101.56,-0.321208,-16.1539,-0.213576,-18.3119,-13.8083,-16.0601,-2.25183,-0.173324,-0.257328,-0.215326,0.0420018,-0.10458
A,0.75,10,2022,173,-217.265,-0.0581167,-1.25587,0.0131171,-19.4738,19.9225,0.224336,-19.6981,-0.264651,0.336023,0.0356858,-0.300337,0.00454556
A,0.75,10,2023,188,1772.04,0.177883,9.42573,0.148986,21.1165,-3.03587,9.04032,12.0762,0.681225,-0.418345,0.13144,0.549785,0.0893164
A,0.75,10,2024,171,1321.04,0.114584,7.7254,0.177895,12.3311,1.96821,7.14968,5.18147,0.28129,0.0486521,0.164971,0.116319,0.0796654
A,0.75,10,2025,167,1136.5,0.104891,6.8054,0.348917,8.18293,5.15599,6.66946,1.51347,0.394704,0.294093,0.344398,0.0503053,0.0988643
A,0.8,5,2020,189,4315.86,0.480303,22.8352,0.535105,29.1122,15.1552,22.1337,6.97853,0.664614,0.376647,0.52063,0.143983,0.265444
A,0.8,5,2021,192,-629.81,-0.131717,-3.28026,-0.045536,-2.29086,-4.3557,-3.32328,1.03242,0.0441582,-0.14303,-0.0494357,0.0935939,-0.0295825
A,0.8,5,2022,173,721.537,0.0313169,4.17073,0.207669,-18.9774,31.0804,6.05152,-25.0289,-0.193379,0.673887,0.240254,-0.433633,0.0836075
A,0.8,5,2023,188,3340.57,0.376565,17.769,0.444302,26.2842,8.69229,17.4883,8.79596,0.900951,-0.0424561,0.429248,0.471704,0.221396
A,0.8,5,2024,171,2013.1,0.193463,11.7725,0.299274,15.7889,6.75193,11.2704,4.51851,0.390629,0.185081,0.287855,0.102774,0.133261
A,0.8,5,2025,167,2196.55,0.228479,13.153,0.564647,14.0259,12.1078,13.0669,0.959002,0.598761,0.523799,0.56128,0.0374811,0.188605
A,0.8,10,2020,189,3370.86,0.347027,17.8352,0.427554,24.1122,10.1552,17.1337,6.97853,0.547502,0.280795,0.414148,0.133353,0.203931
A,0.8,10,2021,192,-1589.81,-0.211301,-8.28026,-0.114995,-7.29086,-9.3557,-8.32328,1.03242,-0.0229916,-0.214999,-0.118995,0.0960036,-0.0614118
A,0.8,10,2022,173,-143.463,-0.0541678,-0.829269,0.0896165,-23.9774,26.0804,1.05152,-25.0289,-0.314829,0.559784,0.122478,-0.437306,0.034205
A,0.8,10,2023,188,2400.57,0.253225,12.769,0.237498,21.2842,3.69229,12.4883,8.79596,0.69622,-0.25147,0.222375,0.473845,0.133735
A,0.8,10,2024,171,1158.1,0.0957229,6.77249,0.15998,10.7889,1.75193,6.27043,4.51851,0.252488,0.0443461,0.148417,0.104071,0.0710675
A,0.8,10,2025,167,1361.55,0.130152,8.15299,0.385597,9.02585,7.10785,8.06685,0.959002,0.423592,0.340102,0.381847,0.0417454,0.115875
A,0.85,5,2020,189,3485.94,0.354984,18.4441,0.5141,22.9994,12.8706,17.935,5.06439,0.644835,0.354143,0.499489,0.145346,0.252746
A,0.85,5,2021,192,395.095,-0.039867,2.05779,0.0237499,10.1417,-6.72903,1.70631,8.43534,0.241286,-0.212702,0.0142918,0.226994,0.00271052
A,0.85,5,2022,173,1644.26,0.128922,9.50439,0.304712,-17.7391,41.1749,11.7179,-29.457,-0.177558,0.865351,0.343897,-0.521455,0.115262
A,0.85,5,2023,188,3591.21,0.411117,19.1022,0.503674,28.8811,8.67853,18.7798,10.1013,1.00828,-0.0341981,0.487039,0.521237,0.25388
A,0.85,5,2024,171,2163.85,0.211362,12.6541,0.334344,15.4075,9.21244,12.3099,3.09751,0.399465,0.252943,0.326204,0.073261,0.147784
A,0.85,5,2025,167,2039.25,0.208976,12.2111,0.549728,14.0259,10.0381,12.032,1.99389,0.598761,0.491017,0.544889,0.0538721,0.181176
A,0.85,10,2020,189,2540.94,0.232932,13.4441,0.40655,17.9994,7.87059,12.935,5.06439,0.527723,0.258292,0.393007,0.134716,0.191851
A,0.85,10,2021,192,-564.905,-0.127827,-2.94221,-0.0457092,5.14165,-11.729,-3.29369,8.43534,0.174136,-0.284671,-0.0552677,0.229404,-0.030173
A,0.85,10,2022,173,779.259,0.035393,4.50439,0.18666,-22.7391,36.1749,6.71792,-29.457,-0.299008,0.751249,0.22612,-0.525128,0.0644212
A,0.85,10,2023,188,2651.21,0.284697,14.1022,0.29687,23.8811,3.67853,13.7798,10.1013,0.803545,-0.243212,0.280167,0.523379,0.163903
A,0.85,10,2024,171,1308.85,0.112164,7.65412,0.19505,10.4075,4.21244,7.30995,3.09751,0.261324,0.112209,0.186766,0.0745574,0.0847999
A,0.85,10,2025,167,1204.25,0.112201,7.21106,0.370678,9.02585,5.03808,7.03197,1.99389,0.423592,0.30732,0.365456,0.0581364,0.108898
A,0.9,5,2020,189,3310.2,0.321428,17.5143,0.568544,28.6701,3.8649,16.2675,12.4026,0.757207,0.33771,0.547458,0.209749,0.28483
A,0.9,5,2021,192,166,-0.0627337,0.864584,0.0154668,8.24559,-7.15825,0.543671,7.70192,0.229379,-0.217046,0.00616628,0.223213,-0.00131777
A,0.9,5,2022,173,1783.82,0.144672,10.3111,0.322249,-15.0994,39.8508,12.3757,-27.4751,-0.121984,0.838671,0.358343,-0.480327,0.123734
A,0.9,5,2023,188,3618.11,0.41401,19.2453,0.50612,30.8082,6.91991,18.8641,11.9442,1.06957,-0.0944813,0.487545,0.582026,0.250914
A,0.9,5,2024,171,1815.46,0.167578,10.6168,0.298708,9.80716,11.6287,10.718,-0.910795,0.273831,0.329804,0.301818,-0.0279866,0.128789
A,0.9,5,2025,167,2357.12,0.248037,14.1145,0.656337,16.6858,11.0356,13.8607,2.8251,0.771021,0.519019,0.64502,0.126001,0.211302
A,0.9,10,2020,189,2365.2,0.202379,12.5143,0.460994,23.6701,-1.1351,11.2675,12.4026,0.640095,0.241858,0.440977,0.199119,0.222389
A,0.9,10,2021,192,-794,-0.14861,-4.13542,-0.0539923,3.24559,-12.1582,-4.45633,7.70192,0.162229,-0.289015,-0.0633932,0.225622,-0.0340695
A,0.9,10,2022,173,918.816,0.0498453,5.31108,0.204197,-20.0994,34.8508,7.37568,-27.4751,-0.243434,0.724568,0.240567,-0.484001,0.0725095
A,0.9,10,2023,188,2678.11,0.287332,14.2453,0.299316,25.8082,1.91991,13.8641,11.9442,0.864841,-0.303495,0.280673,0.584168,0.161147
A,0.9,10,2024,171,960.465,0.0719448,5.61675,0.159414,4.80716,6.62875,5.71795,-0.910795,0.13569,0.18907,0.16238,-0.0266902,0.0668433
A,0.9,10,2025,167,1522.12,0.148153,9.11447,0.477287,11.6858,6.03562,8.86072,2.8251,0.595852,0.335321,0.465587,0.130265,0.137193
A,0.95,5,2020,189,3511.22,0.347908,18.5779,0.584969,33.1461,0.753322,16.9497,16.1964,0.842365,0.270037,0.556201,0.286164,0.294736
A,0.95,5,2021,192,198.266,-0.0624755,1.03263,0.0406221,9.62376,-8.30555,0.659107,8.96465,0.240042,-0.176139,0.0319517,0.208091,0.0106809
A,0.95,5,2022,173,2646.53,0.244373,15.2978,0.386639,-16.5301,52.2978,17.8839,-34.4139,-0.161406,1.02374,0.431168,-0.592573,0.154658
A,0.95,5,2023,188,3078.92,0.338702,16.3772,0.379643,30.412,1.41716,15.9146,14.4974,1.05269,-0.337778,0.357455,0.695233,0.189386
A,0.95,5,2024,171,1315.73,0.108104,7.69435,0.218232,3.79955,12.5628,8.18119,-4.38165,0.0911574,0.377076,0.234117,-0.142959,0.0899343
A,0.95,5,2025,167,3306.96,0.367188,19.8021,0.802591,28.4391,9.46056,18.9498,9.48925,1.06376,0.489878,0.776818,0.28694,0.287805
A,0.95,10,2020,189,2566.22,0.226485,13.5779,0.477419,28.1461,-4.24668,11.9497,16.1964,0.725254,0.174185,0.449719,0.275534,0.231816
A,0.95,10,2021,192,-761.734,-0.148376,-3.96737,-0.0288369,4.62376,-13.3055,-4.34089,8.96465,0.172892,-0.248108,-0.0376078,0.2105,-0.0224604
A,0.95,10,2022,173,1781.53,0.141333,10.2978,0.268586,-21.5301,47.2978,12.8839,-34.4139,-0.282856,0.909638,0.313391,-0.596247,0.102027
A,0.95,10,2023,188,2138.92,0.218737,11.3772,0.172839,25.412,-3.58284,10.9146,14.4974,0.847957,-0.546792,0.150582,0.697375,0.104008
A,0.95,10,2024,171,460.733,0.0173141,2.69435,0.0789383,-1.20045,7.56284,3.18119,-4.38165,-0.0469843,0.236341,0.0946786,-0.141663,0.0301085
A,0.95,10,2025,167,2471.96,0.257824,14.8021,0.623541,23.4391,4.46056,13.9498,9.48925,0.888589,0.30618,0.597385,0.291204,0.209039
B,-0.25,5,2020,189,3221.74,0.321109,17.0463,0.501837,25.0397,7.26604,16.1529,8.88683,0.684745,0.278044,0.481394,0.203351,0.24572
B,-0.25,5,2021,192,960.899,0.0175543,5.00468,0.0625564,12.4625,-3.10165,4.68043,7.78208,0.2658,-0.158361,0.0537197,0.21208,0.0217035
B,-0.25,5,2022,173,1672.69,0.132784,9.6687,0.294738,-17.8891,41.7047,11.9078,-29.7969,-0.169035,0.833874,0.33242,-0.501454,0.111395
B,-0.25,5,2023,188,3081.52,0.342478,16.391,0.443872,22.5937,9.77944,16.1866,6.40712,0.843402,0.0179984,0.4307,0.412702,0.22651
B,-0.25,5,2024,171,2350.09,0.234869,13.7432,0.369306,15.1852,11.9407,13.5629,1.62228,0.412695,0.315069,0.363882,0.0488133,0.164016
B,-0.25,5,2025,167,2105.44,0.217507,12.6074,0.503183,13.0191,12.1146,12.5668,0.452256,0.466642,0.546936,0.506789,-0.0401466,0.174975
B,-0.25,10,2020,189,2276.74,0.202095,12.0463,0.394286,20.0397,2.26604,11.1529,8.88683,0.567633,0.182192,0.374912,0.192721,0.185167
B,-0.25,10,2021,192,0.899255,-0.0756386,0.00468362,-0.00690267,7.46251,-8.10165,-0.31957,7.78208,0.19865,-0.23033,-0.0158398,0.21449,-0.0117992
B,-0.25,10,2022,173,807.685,0.0389369,4.6687,0.176686,-22.8891,36.7047,6.90777,-29.7969,-0.290485,0.719771,0.214643,-0.505128,0.0607278
B,-0.25,10,2023,188,2141.52,0.222178,11.391,0.237068,17.5937,4.77944,11.1866,6.40712,0.638671,-0.191016,0.223828,0.414844,0.13849
B,-0.25,10,2024,171,1495.09,0.133758,8.7432,0.230012,10.1852,6.94066,8.56294,1.62228,0.274553,0.174334,0.224444,0.0501097,0.100148
B,-0.25,10,2025,167,1270.44,0.120053,7.60743,0.324133,8.01906,7.11455,7.56681,0.452256,0.291473,0.363238,0.327356,-0.0358823,0.103071
B,0,5,2020,189,3485.94,0.354984,18.4441,0.5141,22.9994,12.8706,17.935,5.06439,0.644835,0.354143,0.499489,0.145346,0.252746
B,0,5,2021,192,395.095,-0.039867,2.05779,0.0237499,10.1417,-6.72903,1.70631,8.43534,0.241286,-0.212702,0.0142918,0.226994,0.00271052
B,0,5,2022,173,1644.26,0.128922,9.50439,0.304712,-17.7391,41.1749,11.7179,-29.457,-0.177558,0.865351,0.343897,-0.521455,0.115262
B,0,5,2023,188,3591.21,0.411117,19.1022,0.503674,28.8811,8.67853,18.7798,10.1013,1.00828,-0.0341981,0.487039,0.521237,0.25388
B,0,5,2024,171,2163.85,0.211362,12.6541,0.334344,15.4075,9.21244,12.3099,3.09751,0.399465,0.252943,0.326204,0.073261,0.147784
B,0,5,2025,167,2039.25,0.208976,12.2111,0.549728,14.0259,10.0381,12.032,1.99389,0.598761,0.491017,0.544889,0.0538721,0.181176
B,0,10,2020,189,2540.94,0.232932,13.4441,0.40655,17.9994,7.87059,12.935,5.06439,0.527723,0.258292,0.393007,0.134716,0.191851
B,0,10,2021,192,-564.905,-0.127827,-2.94221,-0.0457092,5.14165,-11.729,-3.29369,8.43534,0.174136,-0.284671,-0.0552677,0.229404,-0.030173
B,0,10,2022,173,779.259,0.035393,4.50439,0.18666,-22.7391,36.1749,6.71792,-29.457,-0.299008,0.751249,0.22612,-0.525128,0.0644212
B,0,10,2023,188,2651.21,0.284697,14.1022,0.29687,23.8811,3.67853,13.7798,10.1013,0.803545,-0.243212,0.280167,0.523379,0.163903
B,0,10,2024,171,1308.85,0.112164,7.65412,0.19505,10.4075,4.21244,7.30995,3.09751,0.261324,0.112209,0.186766,0.0745574,0.0847999
B,0,10,2025,167,1204.25,0.112201,7.21106,0.370678,9.02585,5.03808,7.03197,1.99389,0.423592,0.30732,0.365456,0.0581364,0.108898
B,0.25,5,2020,189,3699.51,0.382154,19.5741,0.527409,27.8157,9.49032,18.653,9.16269,0.714701,0.298252,0.506476,0.208225,0.260357
B,0.25,5,2021,192,26.1715,-0.0757987,0.13631,0.00541898,7.19999,-7.5416,-0.170807,7.37079,0.208436,-0.215252,-0.00340787,0.211844,-0.00616883
B,0.25,5,2022,173,1440.75,0.105147,8.32805,0.284544,-21.0115,42.4353,10.7119,-31.7234,-0.244762,0.899861,0.32755,-0.572311,0.105923
B,0.25,5,2023,188,3490.72,0.396679,18.5676,0.482225,28.2419,8.25554,18.2487,9.99318,0.984769,-0.0534534,0.465658,0.519111,0.245765
B,0.25,5,2024,171,2144.83,0.208456,12.5429,0.317836,15.9899,8.23402,12.112,3.87796,0.384612,0.234365,0.309489,0.0751234,0.140616
B,0.25,5,2025,167,1957.95,0.198861,11.7242,0.527357,13.8634,9.16281,11.5131,2.35032,0.580766,0.463407,0.522086,0.0586792,0.17217
B,0.25,10,2020,189,2754.51,0.257667,14.5741,0.419858,22.8157,4.49032,13.653,9.16269,0.597589,0.2024,0.399994,0.197595,0.199091
B,0.25,10,2021,192,-933.829,-0.160483,-4.86369,-0.0640401,2.19999,-12.5416,-5.17081,7.37079,0.141287,-0.287221,-0.0729673,0.214254,-0.0387624
B,0.25,10,2022,173,575.753,0.0135766,3.32805,0.166491,-26.0115,37.4353,5.71189,-31.7234,-0.366212,0.785758,0.209773,-0.575985,0.0555052
B,0.25,10,2023,188,2550.72,0.271546,13.5676,0.275421,23.2419,3.25554,13.2487,9.99318,0.780038,-0.262467,0.258785,0.521253,0.156368
B,0.25,10,2024,171,1289.83,0.109495,7.54287,0.178542,10.9899,3.23402,7.11198,3.87796,0.24647,0.0936308,0.170051,0.0764198,0.0780214
B,0.25,10,2025,167,1122.95,0.102891,6.72423,0.348307,8.86344,4.16281,6.51313,2.35032,0.405597,0.27971,0.342653,0.0629435,0.100439
B,0.5,5,2020,189,3417.56,0.343236,18.0823,0.489,25.8893,8.53033,17.2098,8.67947,0.676244,0.259901,0.468073,0.208172,0.237548
B,0.5,5,2021,192,-706.522,-0.142604,-3.6798,-0.042837,2.41535,-10.305,-3.94481,6.36016,0.153439,-0.256181,-0.0513707,0.20481,-0.0290722
B,0.5,5,2022,173,1033.99,0.0602468,5.9768,0.241788,-22.7002,39.3138,8.3068,-31.007,-0.281288,0.849864,0.284288,-0.565576,0.086041
B,0.5,5,2023,188,3534.53,0.402472,18.8007,0.499851,28.7128,8.23504,18.4739,10.2389,1.0259,-0.0608786,0.482509,0.543387,0.258371
B,0.5,5,2024,171,1830.23,0.17025,10.7031,0.267866,14.6656,5.75004,10.2078,4.45777,0.339404,0.178442,0.258923,0.0804812,0.117501
B,0.5,5,2025,167,2061.98,0.21085,12.3472,0.559467,15.624,8.4237,12.0238,3.60013,0.651592,0.44916,0.550376,0.101216,0.188882
B,0.5,10,2020,189,2472.56,0.222236,13.0823,0.38145,20.8893,3.53033,12.2098,8.67947,0.559133,0.16405,0.361591,0.197541,0.177385
B,0.5,10,2021,192,-1666.52,-0.221197,-8.6798,-0.112296,-2.58465,-15.305,-8.94481,6.36016,0.0862897,-0.32815,-0.12093,0.20722,-0.0609187
B,0.5,10,2022,173,168.986,-0.0276242,0.976796,0.123735,-27.7002,34.3138,3.3068,-31.007,-0.402738,0.735761,0.166511,-0.56925,0.0365248
B,0.5,10,2023,188,2594.53,0.276822,13.8007,0.293047,23.7128,3.23504,13.4739,10.2389,0.821165,-0.269893,0.275636,0.545529,0.168077
B,0.5,10,2024,171,975.233,0.0743992,5.70312,0.128572,9.66558,0.750039,5.20781,4.45777,0.201263,0.0377076,0.119485,0.0817776,0.0561665
B,0.5,10,2025,167,1226.98,0.113926,7.34719,0.380417,10.624,3.4237,7.02383,3.60013,0.476423,0.265462,0.370943,0.105481,0.116135
C,0.7,5,2020,176,3474.74,0.356837,19.7428,0.560041,22.5232,16.1681,19.3456,3.17757,0.657324,0.434961,0.546143,0.111181,0.258284
C,0.7,5,2021,181,-1398.31,-0.189592,-7.72545,-0.0694164,6.59954,-23.9043,-8.65236,15.2519,0.216274,-0.392079,-0.0879022,0.304176,-0.0386693
C,0.7,5,2022,164,1587.52,0.125355,9.68,0.306945,-17.8123,43.9512,13.0695,-30.8818,-0.158973,0.887746,0.364387,-0.523359,0.108409
C,0.7,5,2023,182,3017.67,0.333544,16.5806,0.419506,29.6859,2.27015,15.978,13.7079,1.02535,-0.242048,0.391651,0.633699,0.20334
C,0.7,5,2024,163,2322.04,0.23588,14.2456,0.286441,20.9509,5.55711,13.254,7.69688,0.478103,0.0380906,0.258097,0.220006,0.118846
C,0.7,5,2025,157,2093.12,0.216451,13.3319,0.626018,19.4862,5.87749,12.6818,6.80436,0.773887,0.446908,0.610398,0.163489,0.195991
C,0.7,10,2020,176,2594.74,0.242674,14.7428,0.452073,17.5232,11.1681,14.3456,3.17757,0.540184,0.338788,0.439486,0.100698,0.201095
C,0.7,10,2021,181,-2303.31,-0.259834,-12.7254,-0.139157,1.59954,-28.9043,-13.6524,15.2519,0.149657,-0.465347,-0.157845,0.307502,-0.0685446
C,0.7,10,2022,164,767.52,0.0367767,4.68,0.187177,-22.8123,38.9512,8.06946,-30.8818,-0.279921,0.76945,0.244764,-0.524686,0.0599001
C,0.7,10,2023,182,2107.67,0.217689,11.5806,0.211817,24.6859,-2.72985,10.978,13.7079,0.819849,-0.452126,0.183861,0.635987,0.119679
C,0.7,10,2024,163,1507.04,0.139237,9.24561,0.144701,15.9509,0.557106,8.25399,7.69688,0.337198,-0.104732,0.116233,0.220965,0.0593332
C,0.7,10,2025,157,1308.12,0.124692,8.33195,0.443742,14.4862,0.877488,7.68185,6.80436,0.594852,0.260708,0.42778,0.167072,0.126427
C,0.75,5,2020,189,3485.94,0.354984,18.4441,0.5141,22.9994,12.8706,17.935,5.06439,0.644835,0.354143,0.499489,0.145346,0.252746
C,0.75,5,2021,192,395.095,-0.039867,2.05779,0.0237499,10.1417,-6.72903,1.70631,8.43534,0.241286,-0.212702,0.0142918,0.226994,0.00271052
C,0.75,5,2022,173,1644.26,0.128922,9.50439,0.304712,-17.7391,41.1749,11.7179,-29.457,-0.177558,0.865351,0.343897,-0.521455,0.115262
C,0.75,5,2023,188,3591.21,0.411117,19.1022,0.503674,28.8811,8.67853,18.7798,10.1013,1.00828,-0.0341981,0.487039,0.521237,0.25388
C,0.75,5,2024,171,2163.85,0.211362,12.6541,0.334344,15.4075,9.21244,12.3099,3.09751,0.399465,0.252943,0.326204,0.073261,0.147784
C,0.75,5,2025,167,2039.25,0.208976,12.2111,0.549728,14.0259,10.0381,12.032,1.99389,0.598761,0.491017,0.544889,0.0538721,0.181176
C,0.75,10,2020,189,2540.94,0.232932,13.4441,0.40655,17.9994,7.87059,12.935,5.06439,0.527723,0.258292,0.393007,0.134716,0.191851
C,0.75,10,2021,192,-564.905,-0.127827,-2.94221,-0.0457092,5.14165,-11.729,-3.29369,8.43534,0.174136,-0.284671,-0.0552677,0.229404,-0.030173
C,0.75,10,2022,173,779.259,0.035393,4.50439,0.18666,-22.7391,36.1749,6.71792,-29.457,-0.299008,0.751249,0.22612,-0.525128,0.0644212
C,0.75,10,2023,188,2651.21,0.284697,14.1022,0.29687,23.8811,3.67853,13.7798,10.1013,0.803545,-0.243212,0.280167,0.523379,0.163903
C,0.75,10,2024,171,1308.85,0.112164,7.65412,0.19505,10.4075,4.21244,7.30995,3.09751,0.261324,0.112209,0.186766,0.0745574,0.0847999
C,0.75,10,2025,167,1204.25,0.112201,7.21106,0.370678,9.02585,5.03808,7.03197,1.99389,0.423592,0.30732,0.365456,0.0581364,0.108898
C,0.8,5,2020,201,2340.48,0.20625,11.6442,0.411718,21.3269,0.840283,11.0836,10.2433,0.612296,0.187914,0.400105,0.212191,0.208223
C,0.8,5,2021,203,922.003,0.00930675,4.54189,0.0571287,19.6777,-12.3282,3.67473,16.0029,0.329139,-0.246049,0.0415448,0.287594,0.0202761
C,0.8,5,2022,179,2133.58,0.184235,11.9194,0.311248,-14.5915,41.902,13.6553,-28.2468,-0.145599,0.827921,0.341161,-0.48676,0.123561
C,0.8,5,2023,197,3222.19,0.359545,16.3563,0.440981,24.8367,7.4342,16.1354,8.70124,0.873224,-0.0137751,0.429724,0.443499,0.231002
C,0.8,5,2024,180,1769.07,0.163998,9.82815,0.256596,11.0637,8.38417,9.72394,1.33977,0.295485,0.211148,0.253316,0.0421684,0.117162
C,0.8,5,2025,179,1192.98,0.109893,6.66471,0.390847,5.59581,8.04879,6.8223,-1.22649,0.35658,0.435218,0.395899,-0.0393193,0.116156
C,0.8,10,2020,201,1335.48,0.0909637,6.6442,0.305874,16.3269,-4.15972,6.08362,10.2433,0.494746,0.0951324,0.294939,0.199807,0.146763
C,0.8,10,2021,203,-92.9968,-0.0881666,-0.458112,-0.0114579,14.6777,-17.3282,-1.32527,16.0029,0.262772,-0.31711,-0.027169,0.289941,-0.0146271
C,0.8,10,2022,179,1238.58,0.0828939,6.91942,0.194727,-19.5915,36.902,8.65526,-28.2468,-0.264819,0.714452,0.224816,-0.489636,0.0711783
C,0.8,10,2023,197,2237.19,0.232164,11.3563,0.236858,19.8367,2.4342,11.1354,8.70124,0.670542,-0.219414,0.225564,0.444978,0.138981
C,0.8,10,2024,180,869.067,0.0638576,4.82815,0.117917,6.06371,3.38417,4.72394,1.33977,0.15598,0.0734347,0.114707,0.0412726,0.0529925
C,0.8,10,2025,179,297.983,0.0148961,1.66471,0.213382,0.59581,3.04879,1.8223,-1.22649,0.185887,0.248985,0.217436,-0.0315491,0.0437621
C,0.85,5,2020,209,908.068,0.0425135,4.34482,0.301012,17.573,-10.6381,3.46744,14.1056,0.534821,0.0361879,0.285504,0.249316,0.14888
C,0.85,5,2021,214,-1462.91,-0.20506,-6.83605,-0.0602249,13.1119,-28.3334,-7.61073,20.7227,0.220625,-0.362888,-0.0711317,0.291757,-0.0402826
C,0.85,5,2022,188,2430.63,0.217932,12.9289,0.33474,-11.9106,41.1556,14.6225,-26.5331,-0.092616,0.820373,0.363878,-0.456494,0.143683
C,0.85,5,2023,202,2544.16,0.270261,12.5949,0.310886,22.5148,2.47657,12.4957,10.0191,0.774149,-0.161642,0.306253,0.467896,0.169329
C,0.85,5,2024,191,2389.19,0.232628,12.5089,0.305396,21.1664,2.58669,11.8766,9.28987,0.503097,0.0788166,0.290957,0.21214,0.150416
C,0.85,5,2025,188,407.87,0.0257598,2.16952,0.263692,-0.798826,5.84462,2.5229,-3.32172,0.176634,0.371479,0.274056,-0.0974225,0.0623894
C,0.85,10,2020,209,-136.932,-0.0609583,-0.655179,0.195452,12.573,-15.6381,-1.53256,14.1056,0.418504,-0.057188,0.180658,0.237846,0.0882846
C,0.85,10,2021,214,-2532.91,-0.285857,-11.8361,-0.127984,8.11192,-33.3334,-12.6107,20.7227,0.154618,-0.432535,-0.138959,0.293576,-0.0744599
C,0.85,10,2022,188,1490.63,0.108721,7.92887,0.21908,-16.9106,36.1556,9.62247,-26.5331,-0.211475,0.708348,0.248437,-0.459912,0.0879521
C,0.85,10,2023,202,1534.16,0.14833,7.59487,0.107575,17.5148,-2.52343,7.49567,10.0191,0.569436,-0.363523,0.102957,0.46648,0.0798955
C,0.85,10,2024,191,1434.19,0.120432,7.50885,0.168492,16.1664,-2.41331,6.87656,9.28987,0.366133,-0.0580173,0.154058,0.212075,0.0811348
C,0.85,10,2025,188,-532.13,-0.0662857,-2.83048,0.087621,-5.79883,0.844616,-2.4771,-3.32172,0.00618921,0.188441,0.0973152,-0.091126,-0.0096774
C,0.9,5,2020,216,861.999,0.0373497,3.99073,0.287457,20.4405,-14.3943,3.0231,17.4174,0.569447,-0.0277073,0.27087,0.298577,0.146393
C,0.9,5,2021,223,-748.075,-0.14724,-3.3546,-0.0555398,12.6362,-20.0789,-3.72136,16.3576,0.165348,-0.28656,-0.060606,0.225954,-0.0389561
C,0.9,5,2022,199,1061.29,0.0598254,5.33311,0.190476,-11.273,22.7952,5.7611,-17.0341,-0.13802,0.535904,0.198942,-0.336962,0.0747558
C,0.9,5,2023,216,1900.82,0.189621,8.80009,0.256986,17.6475,0.114985,8.88126,8.76627,0.68056,-0.158816,0.260872,0.419688,0.146505
C,0.9,5,2024,199,3275.39,0.339764,16.4593,0.37095,23.2595,8.86328,16.0614,7.19809,0.540132,0.18197,0.361051,0.179081,0.194269
C,0.9,5,2025,200,897.885,0.0751164,4.48942,0.288026,-2.52998,12.7296,5.09981,-7.62978,0.122127,0.482776,0.302452,-0.180325,0.08323
C,0.9,10,2020,216,-218.001,-0.0688775,-1.00927,0.182005,15.4405,-19.3943,-1.9769,17.4174,0.454083,-0.122082,0.166,0.288082,0.0839864
C,0.9,10,2021,223,-1863.08,-0.237328,-8.3546,-0.122576,7.6362,-25.0789,-8.72136,16.3576,0.0997115,-0.35506,-0.127674,0.227386,-0.0742212
C,0.9,10,2022,199,66.2887,-0.0405695,0.333109,0.0760145,-16.273,17.7952,0.761101,-17.0341,-0.258813,0.428101,0.0846441,-0.343457,0.0198294
C,0.9,10,2023,216,820.82,0.0678922,3.80009,0.0575964,12.6475,-4.88501,3.88126,8.76627,0.478716,-0.355796,0.0614599,0.417256,0.0537766
C,0.9,10,2024,199,2280.39,0.213001,11.4593,0.235267,18.2595,3.86328,11.0614,7.19809,0.404492,0.0462387,0.225366,0.179127,0.119965
C,0.9,10,2025,200,-102.115,-0.0271919,-0.510577,0.114811,-7.52998,7.72959,0.0998052,-7.62978,-0.0460184,0.303611,0.128796,-0.174815,0.00586849
