actif,frais_bps,famille,variante,reference,n_a,n_b,mois,d_esperance_atr,d_esperance_atr_lo,d_esperance_atr_hi,d_esperance_bps,d_esperance_bps_lo,d_esperance_bps_hi,d_rendement_annuel,d_rendement_annuel_lo,d_rendement_annuel_hi,d_mdd_sorties,d_mdd_sorties_lo,d_mdd_sorties_hi,part_mdd_meilleur,d_calmar_sorties,d_calmar_sorties_lo,d_calmar_sorties_hi,part_calmar_meilleur,esperance_tangible,rendement_tangible,mdd_non_degrade,surpasse
BTC 2015-2025 · 5 bps,5,contre RE-1 gelée,Stop catastrophe 4 ATR,RE-1 gelée,2075,2075,132,-0.0373116,-0.117643,0.0397939,-0.368543,-3.63669,2.74199,-0.0125447,-0.0516906,0.02315,0.0712328,-0.0761561,0.102644,0.598,0.054607,-0.333422,0.220504,0.3585,False,False,True,False
BTC 2015-2025 · 5 bps,5,contre RE-1 gelée,"Glissement 0,5 ATR (stops de F3)",RE-1 gelée,2075,2075,132,-0.115181,-0.124395,-0.106096,-6.03383,-6.7042,-5.4056,-0.0559251,-0.0610675,-0.0508322,-0.0722341,-0.199043,-0.0259412,0,-0.231157,-0.521718,-0.100802,0,False,False,False,False
BTC 2015-2025 · 5 bps,5,contre RE-1 gelée,Entrée retardée d'une barre,RE-1 gelée,2075,2075,132,0.0140083,-0.0249895,0.0555351,-1.57244,-4.68286,1.15751,0.00402429,-0.0157284,0.0237931,0.0414617,-0.03609,0.0665239,0.672,0.076597,-0.121563,0.218649,0.6965,False,False,True,False
BTC 2015-2025 · 5 bps,5,contre RE-1 gelée,Les trois ensemble,RE-1 gelée,2075,2075,132,-0.220978,-0.312879,-0.136913,-11.78,-16.1341,-7.72315,-0.100835,-0.143567,-0.0618639,-0.0118897,-0.362879,-0.0195977,0.011,-0.367636,-0.885444,-0.132954,0,False,False,False,False
BTC 2015-2025 · 10 bps,10,contre RE-1 gelée,Stop catastrophe 4 ATR,RE-1 gelée,2075,2075,132,-0.0373116,-0.117643,0.0397939,-0.368543,-3.63669,2.74199,-0.0118957,-0.0490451,0.0220035,0.0645971,-0.123236,0.105952,0.5045,-0.0200638,-0.218505,0.10118,0.274,False,False,True,False
BTC 2015-2025 · 10 bps,10,contre RE-1 gelée,"Glissement 0,5 ATR (stops de F3)",RE-1 gelée,2075,2075,132,-0.115181,-0.124395,-0.106096,-6.03383,-6.7042,-5.4056,-0.0530171,-0.0578284,-0.0481796,-0.076302,-0.248263,-0.0388387,0,-0.139759,-0.338867,-0.046824,0,False,False,False,False
BTC 2015-2025 · 10 bps,10,contre RE-1 gelée,Entrée retardée d'une barre,RE-1 gelée,2075,2075,132,0.0140083,-0.0250533,0.0555207,-1.57244,-4.68286,1.15751,0.00381766,-0.0148492,0.022621,0.0407279,-0.042903,0.0846277,0.698,0.0243901,-0.0678927,0.128266,0.691,False,False,True,False
BTC 2015-2025 · 10 bps,10,contre RE-1 gelée,Les trois ensemble,RE-1 gelée,2075,2075,132,-0.220978,-0.312905,-0.136891,-11.78,-16.1341,-7.72315,-0.0955923,-0.136009,-0.0586716,-0.218865,-0.427913,-0.0605515,0.003,-0.202676,-0.549598,-0.0665241,0,False,False,False,False
BTC 2015-2019 · 5 bps,5,contre RE-1 gelée,Stop catastrophe 4 ATR,RE-1 gelée,988,988,60,0.0549933,-0.0279675,0.14313,2.99622,-1.492,7.26762,0.031668,-0.0110114,0.0775395,0.0712328,-0.0307184,0.149794,0.8495,0.185694,-0.0743639,0.680438,0.912,False,False,True,False
BTC 2015-2019 · 5 bps,5,contre RE-1 gelée,"Glissement 0,5 ATR (stops de F3)",RE-1 gelée,988,988,60,-0.11083,-0.124628,-0.0979587,-6.26625,-7.1944,-5.36524,-0.0537735,-0.0607981,-0.0470274,-0.0722341,-0.154669,-0.0213983,0,-0.172797,-0.536125,-0.0418858,0,False,False,False,False
BTC 2015-2019 · 5 bps,5,contre RE-1 gelée,Entrée retardée d'une barre,RE-1 gelée,988,988,60,0.0323467,-0.0272346,0.0927255,-2.04155,-8.02371,2.9523,0.0133692,-0.015702,0.0413927,0.0414617,-0.0337373,0.077541,0.7245,0.0723321,-0.0974184,0.303687,0.814,False,False,True,False
BTC 2015-2019 · 5 bps,5,contre RE-1 gelée,Les trois ensemble,RE-1 gelée,988,988,60,-0.10961,-0.205695,-0.0176694,-9.72599,-16.5282,-3.55644,-0.0523534,-0.0980108,-0.00730197,-0.0118897,-0.192358,0.0310829,0.106,-0.187116,-0.663572,-0.0116832,0.012,False,False,True,False
BTC 2015-2019 · 10 bps,10,contre RE-1 gelée,Stop catastrophe 4 ATR,RE-1 gelée,988,988,60,0.0549933,-0.0279675,0.14313,2.99622,-1.492,7.26762,0.0300427,-0.010445,0.0738157,0.0645971,-0.03333,0.166024,0.8595,0.0844928,-0.0378365,0.417462,0.9125,False,False,True,False
BTC 2015-2019 · 10 bps,10,contre RE-1 gelée,"Glissement 0,5 ATR (stops de F3)",RE-1 gelée,988,988,60,-0.11083,-0.124628,-0.0979587,-6.26625,-7.1944,-5.36524,-0.0510118,-0.0576067,-0.0446069,-0.0690339,-0.159914,-0.0332736,0,-0.106447,-0.344958,-0.0295421,0,False,False,False,False
BTC 2015-2019 · 10 bps,10,contre RE-1 gelée,Entrée retardée d'une barre,RE-1 gelée,988,988,60,0.0323467,-0.0271648,0.0928368,-2.04155,-8.02371,2.9523,0.0126871,-0.0148489,0.0392117,0.0407279,-0.0361297,0.0903853,0.762,0.0292812,-0.0591416,0.201916,0.8135,False,False,True,False
BTC 2015-2019 · 10 bps,10,contre RE-1 gelée,Les trois ensemble,RE-1 gelée,988,988,60,-0.10961,-0.205733,-0.0177124,-9.72599,-16.5282,-3.55644,-0.0496609,-0.0929501,-0.00696562,-0.0580103,-0.213924,0.0190233,0.0565,-0.108314,-0.406187,-0.00824127,0.0135,False,False,True,False
BTC 2020-2025 · 5 bps,5,contre RE-1 gelée,Stop catastrophe 4 ATR,RE-1 gelée,1087,1087,72,-0.12121,-0.237143,-0.00588182,-3.42685,-7.71364,0.755511,-0.0524255,-0.107736,-0.000544302,-0.0178243,-0.095321,0.0511547,0.3625,-0.500791,-1.09272,0.107915,0.069,False,False,True,False
BTC 2020-2025 · 5 bps,5,contre RE-1 gelée,"Glissement 0,5 ATR (stops de F3)",RE-1 gelée,1087,1087,72,-0.119135,-0.132436,-0.105659,-5.82258,-6.76702,-4.9107,-0.0577534,-0.0656519,-0.0506192,-0.0427616,-0.110017,-0.0136918,0,-0.629456,-0.928381,-0.16653,0,False,False,False,False
BTC 2020-2025 · 5 bps,5,contre RE-1 gelée,Entrée retardée d'une barre,RE-1 gelée,1087,1087,72,-0.00265984,-0.0571199,0.0492684,-1.14605,-3.86265,1.53766,-0.00467689,-0.032691,0.0217807,-0.0028368,-0.034279,0.0455049,0.6175,-0.0608843,-0.386757,0.370775,0.4915,False,False,True,False
BTC 2020-2025 · 5 bps,5,contre RE-1 gelée,Les trois ensemble,RE-1 gelée,1087,1087,72,-0.322203,-0.458666,-0.192905,-13.6469,-18.9148,-8.24327,-0.144383,-0.209878,-0.0871432,-0.132974,-0.289599,-0.012693,0.009,-1.14752,-2.016,-0.25329,0,False,False,False,False
BTC 2020-2025 · 10 bps,10,contre RE-1 gelée,Stop catastrophe 4 ATR,RE-1 gelée,1087,1087,72,-0.12121,-0.237143,-0.00588182,-3.42685,-7.71364,0.755511,-0.0496774,-0.102242,-0.00052007,-0.0298891,-0.13033,0.050226,0.278,-0.367464,-0.809191,0.02579,0.038,False,False,True,False
BTC 2020-2025 · 10 bps,10,contre RE-1 gelée,"Glissement 0,5 ATR (stops de F3)",RE-1 gelée,1087,1087,72,-0.119135,-0.132436,-0.105659,-5.82258,-6.76702,-4.9107,-0.0547196,-0.0621103,-0.0478847,-0.0415688,-0.145225,-0.0166316,0,-0.40653,-0.692475,-0.0851593,0,False,False,False,False
BTC 2020-2025 · 10 bps,10,contre RE-1 gelée,Entrée retardée d'une barre,RE-1 gelée,1087,1087,72,-0.00265984,-0.0571199,0.0492684,-1.14605,-3.86265,1.53766,-0.00443015,-0.0309942,0.0205554,0.011143,-0.041907,0.0572344,0.6065,0.0148463,-0.260803,0.224852,0.4415,False,False,True,False
BTC 2020-2025 · 10 bps,10,contre RE-1 gelée,Les trois ensemble,RE-1 gelée,1087,1087,72,-0.322203,-0.458707,-0.192948,-13.6469,-18.9148,-8.24327,-0.136802,-0.198782,-0.0827503,-0.267799,-0.363678,-0.0331144,0.004,-0.698388,-1.45618,-0.134338,0,False,False,False,False
SOL 2021-2025 · 5 bps,5,contre RE-1 gelée,Stop catastrophe 4 ATR,RE-1 gelée,769,769,55,-0.0543912,-0.124861,0.0169407,-9.85352,-20.4237,-1.20024,-0.0238545,-0.057127,0.0083011,-0.0240977,-0.0695117,0.0454764,0.421,-0.255778,-0.641927,0.171932,0.148,False,False,True,False
SOL 2021-2025 · 5 bps,5,contre RE-1 gelée,"Glissement 0,5 ATR (stops de F3)",RE-1 gelée,769,769,55,-0.120936,-0.138471,-0.103542,-11.1851,-13.3417,-9.19166,-0.0534631,-0.0621768,-0.0457386,-0.0496012,-0.138532,-0.0162707,0,-0.474752,-0.837564,-0.0802273,0,False,False,False,False
SOL 2021-2025 · 5 bps,5,contre RE-1 gelée,Entrée retardée d'une barre,RE-1 gelée,769,769,55,0.00198297,-0.058776,0.0651629,0.460532,-4.79022,5.82445,0.000390301,-0.0275234,0.0296524,-0.0244855,-0.0622395,0.036626,0.305,-0.0951643,-0.375922,0.331652,0.4095,False,False,True,False
SOL 2021-2025 · 5 bps,5,contre RE-1 gelée,Les trois ensemble,RE-1 gelée,769,769,55,-0.228474,-0.321106,-0.132088,-26.9852,-40.4404,-15.8578,-0.0985927,-0.143299,-0.0567354,-0.193625,-0.261721,-0.0129981,0.009,-0.672337,-1.41025,-0.106882,0,False,False,False,False
SOL 2021-2025 · 10 bps,10,contre RE-1 gelée,Stop catastrophe 4 ATR,RE-1 gelée,769,769,55,-0.0543912,-0.124861,0.0169407,-9.85352,-20.4237,-1.20024,-0.0232564,-0.0557484,0.00808163,-0.0259357,-0.078905,0.0459605,0.373,-0.180907,-0.545735,0.100574,0.119,False,False,True,False
SOL 2021-2025 · 10 bps,10,contre RE-1 gelée,"Glissement 0,5 ATR (stops de F3)",RE-1 gelée,769,769,55,-0.120936,-0.138471,-0.103542,-11.1851,-13.3417,-9.19166,-0.0521302,-0.060625,-0.0446038,-0.062486,-0.144806,-0.0195535,0,-0.342124,-0.702714,-0.052538,0,False,False,False,False
SOL 2021-2025 · 10 bps,10,contre RE-1 gelée,Entrée retardée d'une barre,RE-1 gelée,769,769,55,0.00198297,-0.0588204,0.0651639,0.460532,-4.79022,5.82445,0.000378903,-0.026786,0.0289969,-0.0186791,-0.0632288,0.0412102,0.3335,-0.0338336,-0.289563,0.272423,0.4445,False,False,True,False
SOL 2021-2025 · 10 bps,10,contre RE-1 gelée,Les trois ensemble,RE-1 gelée,769,769,55,-0.228474,-0.321104,-0.132087,-26.9852,-40.4404,-15.8578,-0.0961308,-0.139888,-0.0551238,-0.216929,-0.266312,-0.0199183,0.006,-0.454763,-1.17635,-0.0753992,0,False,False,False,False
