strate,sens,n,n_6,mfe_6_p50,mae_6_p50,asym_6_p50,ret_6_p50,pct_mfe_gt_mae_6,pct_mfe_gt_mae_6_lo,pct_mfe_gt_mae_6_hi,n_13,mfe_13_p50,mae_13_p50,asym_13_p50,ret_13_p50,pct_mfe_gt_mae_13,pct_mfe_gt_mae_13_lo,pct_mfe_gt_mae_13_hi,n_26,mfe_26_p50,mae_26_p50,asym_26_p50,ret_26_p50,pct_mfe_gt_mae_26,pct_mfe_gt_mae_26_lo,pct_mfe_gt_mae_26_hi,n_48,mfe_48_p50,mae_48_p50,asym_48_p50,ret_48_p50,pct_mfe_gt_mae_48,pct_mfe_gt_mae_48_lo,pct_mfe_gt_mae_48_hi,win_strict_1p0,win_strict_1p0_lo,win_strict_1p0_hi,win_all_1p0,amb_1p0,timeout_1p0,win_strict_1p5,win_strict_1p5_lo,win_strict_1p5_hi,win_all_1p5,amb_1p5,timeout_1p5,win_strict_2p0,win_strict_2p0_lo,win_strict_2p0_hi,win_all_2p0,amb_2p0,timeout_2p0,part_univers,stop_implicite_p50,retrace_p50,leg_p50,info_extremum_tenu,annees_win1p5_sup50
Tous,Tous,7296,7296,0.9281611548948168,0.8965051722881123,0.05597470671594474,0.019289427186573282,0.514391447368421,0.5029184666225601,0.5258492808858242,7296,1.4400444256791858,1.371743069006244,0.0857819305991975,-0.020804574255364368,0.514391447368421,0.5029184666225601,0.5258492808858242,7295,2.1241179420219893,2.142610787721586,-0.023501366457393046,-0.026769417113101986,0.49650445510623714,0.4850356325014854,0.507976957331948,7293,3.0315598969950956,3.0373707946046995,0.06377096614829376,0.0,0.5037707390648567,0.49229656541493144,0.515240942319922,0.49492037342119716,0.48344404688748327,0.506402055146348,0.4941063596491228,0.014665570175438597,0.001644736842105263,0.5023532668881506,0.49082499856201683,0.5138790336901565,0.4973958333333333,0.0069901315789473685,0.009868421052631578,0.5014963659683626,0.48979975766896006,0.5131913367320302,0.4823190789473684,0.004934210526315789,0.038240131578947366,1.0,1.7698933742362892,0.620580362092755,2.823322693433984,0.639391447368421,4
Tous,Long,3628,3628,0.8876091985299627,0.8951959077130324,0.033396189307677,0.05089041829593857,0.5093715545755237,0.49310291963099556,0.5256203638954668,3628,1.400060609900119,1.3869587105761445,0.06277202509349815,0.019777654888974632,0.5121278941565601,0.49585826940718203,0.5283718622152984,3628,2.079805509819023,2.1737981861684643,-0.06224185034354825,0.05498086852242387,0.4933847850055127,0.477131628348668,0.5096519362208883,3627,3.0441344425561643,3.0162364244474675,0.09184465994583779,0.21872391791256388,0.5056520540391508,0.48938329700024924,0.5219088508037198,0.48922651933701655,0.472962200301964,0.5055136801007555,0.4881477398015435,0.014884233737596472,0.002205071664829107,0.49707439398161046,0.4807282051753887,0.513426839121582,0.49173098125689085,0.007442116868798236,0.010749724366041897,0.4987072680264292,0.48210773687111114,0.5153096493308901,0.4785005512679162,0.005237045203969129,0.04051819184123484,0.49725877192982454,1.860623690904443,0.6485344977191595,2.8218809386219936,0.6510474090407938,3
Tous,Short,3668,3668,0.9624105176500755,0.8981486525604726,0.08231708599794715,-0.020009360291754777,0.5193565976008724,0.503175698407684,0.5354969937912387,3668,1.483111543154338,1.3569701732552943,0.11304522583983875,-0.07211763053180065,0.5166303162486369,0.5004490972020121,0.5327767369407244,3667,2.172033036555058,2.115665526455997,0.0,-0.09521929755342155,0.49959094627761114,0.48341641835223403,0.5157663303667518,3666,3.009543928866941,3.0469656844654645,0.02341856274753283,-0.19618623387214956,0.5019094380796508,0.4857303920813298,0.5180844864681966,0.5005458515283843,0.48436371447810966,0.5167268451578353,0.5,0.014449291166848418,0.0010905125408942203,0.5075653370013755,0.4913132808084636,0.5238014194302058,0.5029989094874591,0.006543075245365322,0.008996728462377318,0.5042420814479638,0.48776653159763356,0.5207084238919003,0.4860959651035987,0.004634678298800436,0.03598691384950927,0.5027412280701754,1.67863800746891,0.60035312862632,2.824251260319279,0.6278625954198473,4
F1,Tous,1869,1869,0.8902888236436092,0.83735349841111,0.048510703179457784,0.07180543756756104,0.5141787051899411,0.49151354148376664,0.5367857017624319,1869,1.364380104074809,1.3364756224325103,0.02916134802516282,0.03510069298004118,0.5045478865703584,0.4818943244689127,0.5271827912893019,1869,1.9453345666932054,2.114876851479194,-0.1223444566161584,0.09642878321161208,0.48368111289459603,0.461081457725828,0.5063477151417546,1869,2.843024892255167,2.927207571288775,0.0008487090980557465,0.14265687845441236,0.5002675227394329,0.477621808967226,0.5229121390185514,0.47585836909871243,0.45325895638850533,0.4985570862566524,0.47458533975387907,0.015516318887105404,0.002675227394328518,0.48593073593073594,0.463195715884618,0.5087241286636415,0.48047084002140183,0.00749063670411985,0.011235955056179775,0.4875069405885619,0.4644728998122769,0.5105941642447572,0.46976993044408777,0.004815409309791332,0.03638309256286784,0.25616776315789475,1.4675548902312598,0.3185646283412669,4.737700192778918,0.5714285714285714,1
F1,Long,853,853,0.9021274861069483,0.8170367307102125,0.09982487056724834,0.14061808983332216,0.5275498241500586,0.4939976811208376,0.5608549310772629,853,1.364380104074809,1.3902534407556666,0.11387164023230194,0.0637999963568881,0.5169988276670574,0.4834626250993154,0.5503826037037678,853,1.9349354105772887,2.0746072640405204,-0.11156671741888727,0.3577242493731903,0.48300117233294254,0.44961739629623215,0.5165373749006845,853,2.9188725643826747,2.92198299488831,0.11551048228748438,0.33547984598121344,0.5099648300117233,0.47644751650963024,0.5433927900301083,0.47703180212014135,0.44361284980017385,0.5106576735889293,0.47479484173505276,0.017584994138335287,0.004689331770222743,0.47624703087885983,0.44269653383801316,0.5100132879536793,0.47010550996483,0.007033997655334115,0.012895662368112544,0.4792682926829268,0.4452509911163518,0.513478939491668,0.46072684642438455,0.005861664712778429,0.038686987104337635,0.11691337719298246,1.5426150225142934,0.3411764705882353,4.757416854241865,0.5849941383352872,1
F1,Short,1016,1016,0.8840025908000715,0.8445967612286465,0.012931622206255369,0.006648169533500269,0.5029527559055118,0.4722547932500569,0.5336284733278116,1016,1.363450563927028,1.301655061063692,-0.0401340063667536,0.002041793508656591,0.4940944881889764,0.46343149274205714,0.5248019741022059,1016,1.9480888216931125,2.1397565628368485,-0.14462278556951685,-0.0860721129771908,0.484251968503937,0.4536390833662775,0.5149834948850901,1016,2.773753183200795,2.9328213691574634,-0.10816571228237604,-0.08526185437392589,0.4921259842519685,0.46147206256513573,0.5228392265605482,0.4748768472906404,0.44430778143202776,0.5056353696917583,0.4744094488188976,0.013779527559055118,0.000984251968503937,0.49403578528827036,0.46322171949185686,0.5248952287503228,0.4891732283464567,0.007874015748031496,0.00984251968503937,0.4943934760448522,0.4631893937373903,0.5256412974113183,0.47736220472440943,0.003937007874015748,0.0344488188976378,0.13925438596491227,1.4030903314684608,0.29770061247794044,4.71616338804622,0.5600393700787402,1
F2a,Tous,1303,1303,0.8621297018211886,0.9142497783184999,0.016568291485523412,-0.02075684283312494,0.5057559478127398,0.4786317498314649,0.5328463053513514,1303,1.3347579212321736,1.3325588670941073,0.03381310621388609,-0.04582078969704042,0.5049884881043745,0.4778661003625422,0.5320815474625653,1303,1.9470321970267486,1.9449608534878706,-0.174847397764755,-0.021929597986965598,0.48119723714504986,0.45416255991716287,0.5083424598189702,1303,2.8317633426520876,2.8128205558339223,0.01823556228213446,0.07132770956685086,0.5003837298541827,0.4732735409631949,0.5274916627156594,0.46810146041506534,0.4411206402032132,0.49527010638242597,0.4673829623944743,0.012279355333844973,0.0015349194167306216,0.49883086515978176,0.47151550962124567,0.5261532011198433,0.4911742133537989,0.004604758250191865,0.015349194167306216,0.5020242914979757,0.4741751033732169,0.5298609251230815,0.4758250191864927,0.003837298541826554,0.052187260168841135,0.17859100877192982,2.3690205248563925,0.6533742331288344,3.5253818555377117,0.7835763622409824,2
F2a,Long,702,702,0.7966271627193399,0.9095937641733775,-0.03157006795685971,0.0346761477919726,0.49002849002849,0.4532031321838767,0.5269623893722345,702,1.2576808105739112,1.324619436785377,-0.008307396198253348,0.08315634216110365,0.4985754985754986,0.4616964756267932,0.5354700274526514,702,1.8523995943409661,1.9178537563882658,-0.21674191125962766,-0.0055357259625253945,0.47293447293447294,0.43624864203828195,0.5099149164711627,702,2.710061038224408,2.6921034577464322,-0.04348127956393672,0.2627400216971938,0.4928774928774929,0.456033055271929,0.5297994601252933,0.4664764621968616,0.42982870139212886,0.5034896498516115,0.4658119658119658,0.01282051282051282,0.0014245014245014246,0.4956395348837209,0.4584068816719417,0.5329206129453232,0.48575498575498577,0.004273504273504274,0.019943019943019943,0.5022761760242792,0.4641987826512799,0.5403271855438363,0.47150997150997154,0.002849002849002849,0.06125356125356125,0.0962171052631579,2.3546092122604056,0.6521861986325258,3.560895524064063,0.7849002849002849,2
F2a,Short,601,601,0.9563872558081083,0.9196760549118569,0.1086618591266409,-0.07145946833465534,0.5241264559068219,0.4841714580310565,0.5637749795155671,601,1.4435610056644617,1.3511125834534863,0.12324287862571322,-0.1692814326199494,0.5124792013311148,0.4725643923120903,0.5522354891775426,601,2.016342043748093,1.995804854559583,-0.08438470571925515,-0.030926046358729104,0.4908485856905158,0.45106546009968007,0.5307479601412558,601,2.8690288535051893,2.9674400521937407,0.1663055478482095,-0.1708931274180075,0.5091514143094842,0.4692520398587442,0.5489345399003199,0.47,0.4303813865284319,0.5100003294712607,0.46921797004991683,0.011647254575707155,0.0016638935108153079,0.5025210084033613,0.46245833192100777,0.5425513400857465,0.49750415973377704,0.004991680532445923,0.009983361064891847,0.5017361111111112,0.46102700976783706,0.5424222080875221,0.480865224625624,0.004991680532445923,0.04159733777038269,0.08237390350877193,2.387834786269052,0.6544461778471139,3.5149759882087244,0.7820299500831946,3
F2b,Tous,1592,1592,0.9277627010069502,0.845412226171901,0.08425031608465088,0.004006138756132696,0.5175879396984925,0.49302884639347433,0.5420623556406122,1592,1.5080402829633435,1.3672221802619182,0.1805297034987639,-0.00248340457689962,0.5288944723618091,0.5043339143978485,0.553315917515294,1592,2.304186451470688,2.240903864709181,0.17167945636375148,0.023179613953027728,0.5175879396984925,0.49302884639347433,0.5420623556406122,1591,3.3235530017116255,3.0649040371565968,0.2563695546474529,-0.04473160681703014,0.5172847265870522,0.4927181339992097,0.5417680494562507,0.5153991200502829,0.4908340504238437,0.5398900039273847,0.5150753768844221,0.01193467336683417,0.000628140703517588,0.5198989260897031,0.49526882610218104,0.5444326790764077,0.5169597989949749,0.008165829145728644,0.005653266331658292,0.5084306095979247,0.48348771027048376,0.5333316067927909,0.49246231155778897,0.00628140703517588,0.031407035175879394,0.21820175438596492,1.4735551618320009,0.6833561621482838,2.2204832764920943,0.5829145728643216,3
F2b,Long,794,794,0.8965669268584169,0.8196856589263019,0.08619589734737548,0.029611737031972528,0.5251889168765743,0.49041640740810816,0.5597188575367131,794,1.5420353387273833,1.3445941643670238,0.1563940936898881,0.025077896737823104,0.5365239294710328,0.5017452427274413,0.5709508914425495,794,2.3997749434882403,2.237052878297663,0.266155418681645,0.18190426738188295,0.5314861460957179,0.4967080013111025,0.5659610798699239,794,3.517565118347912,2.8739850294793277,0.6762787914272683,0.33246802502912143,0.5478589420654912,0.5130919676811084,0.5821650357140519,0.5277078085642317,0.49293238462395134,0.5622164068153518,0.5277078085642317,0.007556675062972292,0.0,0.5367088607594936,0.5018422621502053,0.5712201724715126,0.5340050377833753,0.011335012594458438,0.005037783375314861,0.5194805194805194,0.4841814497426991,0.5545861740190628,0.5037783375314862,0.006297229219143577,0.030226700251889168,0.10882675438596491,1.51150812107605,0.6898473223281407,2.2639423556509253,0.5906801007556675,5
F2b,Short,798,798,0.9463404954291488,0.8898251270450857,0.0613952700808353,-0.030680775931997757,0.5100250626566416,0.47537553577372327,0.5445785299669417,798,1.470230941121072,1.378427146715903,0.19050411063154135,-0.02991791564553948,0.5213032581453634,0.486624050197824,0.555778339501089,798,2.255624482208484,2.245767838710754,0.03896402786969057,-0.13611947459872864,0.5037593984962406,0.46913394001628345,0.5383488346364661,797,3.1267227693370954,3.2401230468149578,-0.10259093011402834,-0.36130404433702845,0.4868255959849435,0.45227073683133096,0.5215068491482185,0.5031367628607277,0.46849237248665726,0.5377510594229739,0.5025062656641605,0.016290726817042606,0.0012531328320802004,0.5031525851197982,0.46842124209150615,0.5378535307115202,0.5,0.005012531328320802,0.006265664160401002,0.49740932642487046,0.46223908329954694,0.5326052251262965,0.48120300751879697,0.006265664160401002,0.03258145363408521,0.109375,1.4498359328951458,0.6768687868914784,2.170122986280479,0.575187969924812,3
F3,Tous,1315,1315,1.044228477162891,1.003433351144414,0.003120446351839745,-0.06284611968770393,0.5011406844106464,0.4741519760424101,0.5281227474725291,1315,1.6185014499057537,1.5287205309899152,0.07217875539849622,-0.11867721573537432,0.5095057034220533,0.48249742186817307,0.5364586074229869,1314,2.3652883238229556,2.233119124478973,0.09092338608096784,-0.12774193608983458,0.5068493150684932,0.47983618217804436,0.5338225154985201,1314,3.3967297677457657,3.3683785652356906,0.13388591308335568,0.0,0.5083713850837138,0.481355062569369,0.5353389012575431,0.5030441400304414,0.4760400727242838,0.5300304595764115,0.5026615969581749,0.01977186311787072,0.0007604562737642585,0.49808429118773945,0.47100176359809415,0.5251780644269317,0.49429657794676807,0.006083650190114068,0.0076045627376425855,0.503125,0.47576536161131905,0.5304659367046104,0.4897338403041825,0.0045627376425855515,0.026615969581749048,0.18023574561403508,2.231920445543856,1.0401625253946167,2.063351346704815,0.7323193916349809,3
F3,Long,705,705,0.8877545727645131,0.985241135054001,-0.04539666236706928,-0.0384684859983712,0.4836879432624113,0.4469870500502553,0.5205656443739995,705,1.4595130361812618,1.4707404488091231,-0.00636116197789663,-0.12296066029959316,0.4978723404255319,0.4610754182746578,0.5346923244763319,705,2.227177137737375,2.241531892033191,-0.0402375383579619,-0.07613422175447265,0.49929078014184397,0.4624858760621064,0.5361033715215567,705,3.233427510228045,3.4392868107515264,-0.14564115441486206,-0.01888197060401305,0.49645390070921985,0.45966525512317247,0.5332809827951437,0.4772727272727273,0.4405991620893641,0.5141929834980102,0.4765957446808511,0.02269503546099291,0.0014184397163120568,0.4821173104434907,0.4452730097882063,0.5191570979345013,0.47801418439716314,0.009929078014184398,0.00851063829787234,0.4941348973607038,0.45674941527259943,0.5315860837697453,0.47801418439716314,0.005673758865248227,0.032624113475177303,0.09662828947368421,2.222487026878246,1.011094674556213,2.0703367662921854,0.7134751773049646,2
F3,Short,610,610,1.1633124141404378,1.0267418698675397,0.12079456476977765,-0.13311295288836356,0.521311475409836,0.48165913925727377,0.5606970646884997,610,1.7811355026245947,1.54827134334416,0.21767927862377187,-0.08995027614740908,0.5229508196721312,0.4832939339346531,0.562320439545411,609,2.5232827581945214,2.2247063569247554,0.2338526245528789,-0.15544004626521207,0.5155993431855501,0.4759337664534123,0.5550693508284433,609,3.6267590178064903,3.280703793485565,0.37979777127356823,0.08058829347566325,0.5221674876847291,0.4824802693826201,0.5615767920179114,0.5327868852459017,0.49311161077928367,0.5720517799065219,0.5327868852459017,0.01639344262295082,0.0,0.5165016501650165,0.47673498973209577,0.5560604115655526,0.5131147540983606,0.001639344262295082,0.006557377049180328,0.5133779264214047,0.47335966995056605,0.5532253982800114,0.5032786885245901,0.003278688524590164,0.019672131147540985,0.08360745614035088,2.242825365924829,1.0640903719978465,2.042671356836232,0.7540983606557377,3
F3 pur,Tous,767,767,1.0683507372282328,1.0080214020334899,0.017631914075212,-0.12357854552970739,0.5045632333767927,0.46924449058550466,0.5398364931081621,767,1.6070496130036387,1.557979466727013,0.0,-0.2422524845560206,0.49934810951760106,0.46405392418738706,0.5346487924278035,766,2.3228081986305487,2.4195775518500975,-0.023776502177475844,-0.25153896314094515,0.49738903394255873,0.46208216046017697,0.5327219654794968,766,3.3497760376370556,3.468282311011598,-0.05858510364941279,-0.038774972512128615,0.49738903394255873,0.46208216046017697,0.5327219654794968,0.5097783572359843,0.47443887843836496,0.545020372333778,0.5097783572359843,0.020860495436766623,0.0,0.4895287958115183,0.45422255072798057,0.5249398181772728,0.4876140808344198,0.009126466753585397,0.003911342894393742,0.48544973544973546,0.449986237703199,0.5210603593770345,0.4784876140808344,0.005215123859191656,0.014341590612777053,0.10512609649122807,2.4585601529682535,1.182192841153958,1.9737094508526098,0.757496740547588,2
F3 pur,Long,373,373,0.8855171912682288,0.9871895453275064,-0.03214197424600293,-0.13600956377370438,0.48257372654155495,0.4322985565863146,0.5332041904564747,373,1.465642272697666,1.6159482043213371,-0.26635591648809054,-0.31665697007496313,0.4772117962466488,0.42701285363077357,0.5278753540405664,373,2.2029906165823787,2.544505560350796,-0.3608096886072303,-0.3492719142706542,0.4772117962466488,0.42701285363077357,0.5278753540405664,373,3.2186091579948695,3.5887604277231473,-0.5807606825466974,-0.05503723304983965,0.4772117962466488,0.42701285363077357,0.5278753540405664,0.47989276139410186,0.4296549850700574,0.5305404922870073,0.47989276139410186,0.024128686327077747,0.0,0.46774193548387094,0.41762560136899896,0.5185177100685854,0.46648793565683644,0.0160857908847185,0.002680965147453083,0.46883468834688347,0.4185002171283499,0.5198113875852872,0.46380697050938335,0.005361930294906166,0.010723860589812333,0.05112390350877193,2.444198726800577,1.1788856304985338,1.9669408690565116,0.7158176943699732,3
F3 pur,Short,394,394,1.173273741516737,1.0267551948084523,0.12079456476977765,-0.07409089570370338,0.5253807106598984,0.4760656219398713,0.574205641799265,394,1.757031750939074,1.5418310731643885,0.2050541386912878,-0.1723286463029448,0.5203045685279187,0.4710159037089132,0.5692011072823957,393,2.4126331502811156,2.3268570676930564,0.2184183420535129,-0.23340754295311375,0.5165394402035624,0.46721138733639767,0.5655472750618993,393,3.3960990932187216,3.346834037993844,0.22581044253436844,-0.015940304352759758,0.5165394402035624,0.46721138733639767,0.5655472750618993,0.5380710659898477,0.48871196271066913,0.5866949328980353,0.5380710659898477,0.017766497461928935,0.0,0.5102040816326531,0.46085850588671534,0.5593515983570024,0.5076142131979695,0.0025380710659898475,0.005076142131979695,0.5012919896640827,0.4517086822842551,0.5508498989926613,0.49238578680203043,0.005076142131979695,0.017766497461928935,0.05400219298245614,2.4700756664555783,1.183522106995326,1.9828211495526917,0.7969543147208121,3
F4,Tous,476,476,0.9731596503022633,0.9363381564631809,-0.048676846685222916,-0.17488826373783128,0.49369747899159666,0.4490134047351979,0.5384824689031029,476,1.3457582505120027,1.372247383870208,0.007120949863124765,-0.22960290868345218,0.5021008403361344,0.45734635488768416,0.5468216872328824,476,1.9487077621636033,1.9786013555880602,-0.21264090037885186,-0.35697731671384614,0.4789915966386555,0.4344609230380895,0.5238586557562461,476,2.789171446699142,2.9595324112645356,-0.6322486773091183,-0.500352824522307,0.45588235294117646,0.4116705937429287,0.5008005217251759,0.4884210526315789,0.443741112561334,0.5332867814228144,0.48739495798319327,0.01050420168067227,0.0021008403361344537,0.4989384288747346,0.4539741347051123,0.5439198998529382,0.49369747899159666,0.004201680672268907,0.01050420168067227,0.4955555555555556,0.44959327352021344,0.5415930787225076,0.4684873949579832,0.0,0.0546218487394958,0.06524122807017543,3.388737260025558,0.9517344739486999,3.4144921781749815,0.8991596638655462,2
F4,Long,258,258,0.8573519644621279,1.0637856125044873,-0.17918402720967083,-0.29076353007787226,0.4573643410852713,0.3976442981952295,0.518335439172706,258,1.244329486714025,1.5030690561292188,-0.32664697790519354,-0.23758271043151316,0.4728682170542636,0.4127912879760846,0.5337412721671472,258,1.787560371355705,2.2751921928578582,-0.6382510678363655,-0.6487558742798418,0.4263565891472868,0.36752489989636206,0.48734919192098103,258,2.683033982939663,3.153505160454266,-0.9391843327187628,-0.5369473215872989,0.4186046511627907,0.36003186750251565,0.4795658129271794,0.4396887159533074,0.3803345720614205,0.5008193543061527,0.437984496124031,0.011627906976744186,0.003875968992248062,0.453125,0.3932862666182241,0.5143497701056878,0.4496124031007752,0.0,0.007751937984496124,0.47346938775510206,0.41184039124006805,0.5359175399097076,0.4496124031007752,0.0,0.050387596899224806,0.03536184210526316,3.3579820506018025,0.9483524100649893,3.4005830154536953,0.8798449612403101,2
F4,Short,218,218,1.126920377277494,0.8824236364856214,0.1707485411795262,-0.10430541958594872,0.536697247706422,0.4704393732510692,0.6016841599365745,218,1.4309536079867522,1.2570403508984502,0.1825564981546464,-0.21906986539398066,0.536697247706422,0.4704393732510692,0.6016841599365745,218,2.0837191155981185,1.7347709264891695,0.33554065311857195,-0.23114363849359465,0.5412844036697247,0.4749934910953782,0.6061454837407212,218,2.8674111054717217,2.799263249946546,-0.028251038181852837,-0.48361133411077384,0.5,0.4342032289577344,0.5657967710422656,0.5458715596330275,0.4795531062909348,0.6106013101936199,0.5458715596330275,0.009174311926605505,0.0,0.5534883720930233,0.4866766591468769,0.6184221886041905,0.5458715596330275,0.009174311926605505,0.013761467889908258,0.5219512195121951,0.45379789212144656,0.5892969702048333,0.4908256880733945,0.0,0.05963302752293578,0.02987938596491228,3.452874518165075,0.9592209281274515,3.4176460503474417,0.9220183486238532,5
F5,Tous,741,741,1.0098697926278586,0.8397461182756324,0.2269037757782197,0.1803427555520083,0.5600539811066126,0.5240946068407258,0.5953938857461544,741,1.5888677692454782,1.3785067963863378,0.1918854903960388,0.1256998346810494,0.5411605937921727,0.5051613123654844,0.5767352949131638,741,2.281685850969985,2.248549796631658,0.04285572377986834,-0.050406925640840004,0.5033738191632928,0.4674489920574063,0.5392638446047779,740,3.156514877894449,2.9801613898694095,0.1616248371652998,0.060766560816151644,0.5121621621621621,0.47617755850056015,0.5480211418679055,0.5358592692828146,0.49980938915627116,0.5715382575021819,0.5344129554655871,0.016194331983805668,0.002699055330634278,0.5217983651226158,0.4856408246473847,0.5577289175845523,0.5168690958164642,0.010796221322537112,0.009446693657219974,0.5218617771509168,0.4850735084364175,0.5584144137050511,0.4993252361673414,0.008097165991902834,0.043184885290148446,0.1015625,0.8036112015701502,0.3815651653449054,2.2177728655823907,0.3468286099865047,4
F5,Long,316,316,1.0656750994088493,0.85643227017997,0.25507574479486556,0.31715132800032014,0.5632911392405063,0.5081691907696114,0.6168927148736821,316,1.543749091441105,1.4017149876124875,0.16666121716162485,0.15816732580465673,0.5316455696202531,0.47657678873940323,0.5859541640822434,316,2.27615299613612,2.358797560982494,0.0996130085567959,-0.11725171938526092,0.5126582278481012,0.45772631335333386,0.5672860677753249,315,3.017156241738906,2.9757149137521415,0.10799089770623978,0.24627426341192662,0.5079365079365079,0.45296462117836767,0.562717146821793,0.5428571428571428,0.4876572246695321,0.597024322531335,0.5411392405063291,0.015822784810126583,0.0031645569620253164,0.5254777070063694,0.4702709522680785,0.5800685879305613,0.5221518987341772,0.006329113924050633,0.006329113924050633,0.521311475409836,0.46533188705533945,0.5767608880112317,0.5031645569620253,0.00949367088607595,0.03481012658227848,0.04331140350877193,0.8221472158251919,0.3908459706464229,2.2347122964924493,0.3575949367088608,3
F5,Short,425,425,0.9551625152783038,0.8378877454129227,0.2173000184518428,0.13698874613531523,0.5576470588235294,0.510119813898714,0.6041414891092032,425,1.6316552397225281,1.343039753655334,0.1918854903960388,0.0699569169756993,0.548235294117647,0.5006983579784887,0.5949080384158909,425,2.301958372649562,2.1381677544120796,-0.007047951647220394,0.03512412253435384,0.4964705882352941,0.44917979013118425,0.5438246198887392,425,3.179122209237739,2.984607865986678,0.16771454282078666,-0.12941630948789332,0.5152941176470588,0.4678554739841638,0.5624587492628346,0.5306603773584906,0.48309458139561656,0.5776755727922885,0.5294117647058824,0.01647058823529412,0.002352941176470588,0.5190476190476191,0.4713073164763426,0.5664426353924688,0.5129411764705882,0.01411764705882353,0.011764705882352941,0.5222772277227723,0.4735884753789048,0.5705463063598879,0.4964705882352941,0.007058823529411765,0.04941176470588235,0.05825109649122807,0.7668602127447061,0.37155119558553223,2.214878203006383,0.3388235294117647,4
F1 · x1 déjà retourné,Tous,568,568,0.7973426371224395,0.8765271065186488,-0.057442557662222865,-0.05195970144276793,0.4876760563380282,0.44678968140954956,0.5287280143999192,568,1.3282490819049202,1.432491064307888,-0.1578753138861061,-0.06595965760127968,0.48063380281690143,0.43981291568782577,0.5217148920127682,568,1.8549140659618897,2.343886429271588,-0.25553617733997536,-0.1689718396463002,0.4524647887323944,0.41198696838439786,0.49358128688069647,568,2.744695692032403,3.240232763803811,-0.3794870956739242,-0.047260336404892536,0.4630281690140845,0.4224064459650161,0.5041466414633905,0.4450354609929078,0.40452924264149887,0.4862853789008467,0.44190140845070425,0.014084507042253521,0.007042253521126761,0.466786355475763,0.4257231580550479,0.5083045602882419,0.45774647887323944,0.007042253521126761,0.01936619718309859,0.46938775510204084,0.42762078044888585,0.5115880053184542,0.4454225352112676,0.00528169014084507,0.051056338028169015,0.07785087719298246,1.7019387957489804,0.37169763165208375,5.010059557202976,0.6514084507042254,1
F1 · x1 déjà retourné,Long,258,258,0.796305392495128,0.8699686909422641,-0.04283653826317298,0.027356693332247592,0.4844961240310077,0.4241893707545686,0.5452578064701353,258,1.3153642584656913,1.5031140719327327,-0.16138219402084925,-0.055237952027437205,0.4689922480620155,0.40899912511306524,0.5298952293363425,258,1.8013432658192334,2.388519941484099,-0.4247810372475351,-0.10477608443057412,0.4418604651162791,0.3825553206793456,0.5028715939132937,258,2.546546244345407,3.346148560090194,-0.5650553265274401,-0.019716187001437343,0.4418604651162791,0.3825553206793456,0.5028715939132937,0.4470588235294118,0.38726899957140004,0.5084201014077315,0.4418604651162791,0.011627906976744186,0.011627906976744186,0.4624505928853755,0.4020327485071318,0.5239916961311198,0.45348837209302323,0.007751937984496124,0.01937984496124031,0.4326530612244898,0.37212536621166725,0.49526015132237866,0.4108527131782946,0.007751937984496124,0.050387596899224806,0.03536184210526316,1.802167743786434,0.38565025892874416,5.01423277910221,0.6744186046511628,1
F1 · x1 déjà retourné,Short,310,310,0.7975290152377016,0.8805243336122717,-0.09899956734546551,-0.09669649349452246,0.49032258064516127,0.43513271910210255,0.5457493564417386,310,1.351366370645984,1.4051760613491688,-0.13445559164602328,-0.07863660582767734,0.49032258064516127,0.43513271910210255,0.5457493564417386,310,1.9760248066110837,2.2930477946192136,-0.20708137182487535,-0.2007513498682117,0.4612903225806452,0.4066095936506306,0.5169187085247343,310,2.8832602920605153,3.030939303195203,-0.1688345451312376,-0.13111926586661374,0.4806451612903226,0.4256044749041506,0.5361596761835319,0.44336569579288027,0.38900643497255516,0.4991158607835081,0.44193548387096776,0.016129032258064516,0.0032258064516129032,0.47039473684210525,0.41500591089479644,0.5265224595398686,0.4612903225806452,0.0064516129032258064,0.01935483870967742,0.5,0.44321503040608323,0.5567849695939168,0.47419354838709676,0.0032258064516129032,0.05161290322580645,0.0424890350877193,1.6283869877152402,0.35781049285994326,4.995176907535674,0.632258064516129,1
F1 · x1 encore opposé,Tous,1301,1301,0.9319402196100295,0.8194994909293247,0.09936744477278973,0.125572938530532,0.5257494235203689,0.4985796714648453,0.5527675571949399,1301,1.3693792202162245,1.2997837780854207,0.10356458404259673,0.08744652417833629,0.5149884704073789,0.4878266625354649,0.542062022803813,1301,1.978920461692801,2.0303646168137655,-0.008890468112168287,0.2786863252425669,0.4973097617217525,0.4701882369936462,0.5244471271762269,1301,2.9188725643826747,2.813242358803593,0.1954720920749077,0.18376738177210517,0.5165257494235204,0.4893620378646023,0.5435921536633196,0.48923076923076925,0.46212853834912215,0.5163964603930565,0.4888547271329746,0.01614142966948501,0.0007686395080707148,0.4941905499612703,0.46697522227336086,0.5214403491756874,0.49039200614911604,0.007686395080707148,0.007686395080707148,0.49524564183835185,0.4677167167734353,0.5228034241351902,0.4803996925441968,0.004611837048424289,0.02997694081475788,0.17831688596491227,1.3352288594307882,0.2882859115232577,4.6105567860517604,0.536510376633359,3
F1 · x1 encore opposé,Long,595,595,0.947255894975383,0.8047917471615853,0.19614860101727313,0.19893152158754251,0.5462184873949579,0.5060453410416145,0.5857986457488823,595,1.3715967917604817,1.3631702418417708,0.21082848212572775,0.1450991241273801,0.5378151260504201,0.49763949075264946,0.5775055893486661,595,2.040799363181167,1.9840424435560622,0.019320918831584016,0.5235655950557262,0.5008403361344538,0.460787991674965,0.5408818989939531,595,3.075379139386306,2.710318801208671,0.34427128003956525,0.5586368398659692,0.5394957983193277,0.4993197524783917,0.5791651089607601,0.4898989898989899,0.4498915350609711,0.5300362585218107,0.4890756302521008,0.020168067226890758,0.0016806722689075631,0.48217317487266553,0.4420649640474195,0.5225124205355786,0.4773109243697479,0.0067226890756302525,0.010084033613445379,0.4991304347826087,0.4584032847623989,0.5398691268956436,0.4823529411764706,0.005042016806722689,0.03361344537815126,0.0815515350877193,1.418429889153712,0.3134296472347587,4.595673085472503,0.5462184873949579,1
F1 · x1 encore opposé,Short,706,706,0.9160925951123833,0.8405371017446285,0.038773972845318916,0.04592758997611631,0.5084985835694051,0.47167502700417013,0.5452301529683761,706,1.3669212705758174,1.2537486272423926,-0.033324304760566616,0.012858198432967528,0.49575070821529743,0.45899217822265137,0.5325552317910756,706,1.9469483622118222,2.090536350531346,-0.04418616829985117,-0.026195460819381476,0.4943342776203966,0.45758444083631966,0.531145439181983,706,2.7034416859776194,2.89192896395442,-0.024382678742942247,-0.08200098486686155,0.4971671388101983,0.4604002092298117,0.5339647307793396,0.4886685552407932,0.4519564280970813,0.5255033319395241,0.4886685552407932,0.012747875354107648,0.0,0.5042735042735043,0.4673646605915198,0.5411358301701468,0.5014164305949008,0.0084985835694051,0.0056657223796034,0.49199417758369723,0.45475821843901704,0.52931917354201,0.47875354107648727,0.00424929178470255,0.026912181303116147,0.09676535087719298,1.2699793594040583,0.2663386944462161,4.646613853483801,0.5283286118980169,3
F3 · x1 déjà retourné,Tous,1087,1087,1.0683507372282328,1.0067743700673741,0.010026985213460965,-0.05569019057262301,0.5041398344066237,0.4744543773638527,0.533796133067726,1087,1.6318928394382823,1.5417608345647573,0.025163434717351222,-0.12364508594616802,0.5032198712051518,0.4735372535901152,0.5328798100788903,1086,2.4134029474451957,2.303138027605369,0.07734487023945572,-0.14293469054216412,0.5046040515653776,0.47490357561433716,0.534272069727151,1086,3.4350460116549355,3.4364166714375326,0.14176008082908584,0.0,0.5082872928176796,0.47857664311549925,0.5379395184991795,0.511049723756906,0.4813324975709601,0.5406890512486113,0.5105795768169273,0.021159153633854646,0.0009199632014719411,0.49907407407407406,0.46930985161337824,0.5288448602928635,0.49586016559337626,0.006439742410303588,0.006439742410303588,0.5023518344308561,0.47233990726485287,0.5323468241112015,0.49126034958601655,0.0036798528058877645,0.02207911683532659,0.14898574561403508,2.2798210652247315,1.069620253164557,2.0696925055021382,0.7368905243790248,3
F3 · x1 déjà retourné,Long,573,573,0.9286060367077351,0.9871895453275064,-0.03134074719825161,-0.04141020650290787,0.4869109947643979,0.4462085191745073,0.5277878084135169,573,1.4595130361812618,1.501632861567831,-0.06953458322246439,-0.17168797863512741,0.4851657940663176,0.444478892909458,0.5260502783569694,573,2.2417070877516045,2.3320063230785206,-0.04521605738888636,-0.10455989986377313,0.4973821989528796,0.45659665331694105,0.5382026122006638,573,3.2128753663979297,3.517935730705244,-0.3608096886072303,-0.004237877172094226,0.49040139616055844,0.44966925448199135,0.5312613857492263,0.48776223776223776,0.44701708272977086,0.5286706758482824,0.4869109947643979,0.02443280977312391,0.0017452006980802793,0.4788732394366197,0.4380699883424443,0.5199603473309309,0.47469458987783597,0.010471204188481676,0.008726003490401396,0.4865350089766607,0.44526067059116703,0.5279938098182748,0.47294938917975565,0.0034904013961605585,0.027923211169284468,0.07853618421052631,2.2504542141335957,1.0487941671340377,2.0677513387670143,0.7137870855148342,2
F3 · x1 déjà retourné,Short,514,514,1.2007685690248426,1.038344240556794,0.13218156895374739,-0.09375407917568913,0.5233463035019456,0.480154418793349,0.5661917998186746,514,1.8252598885268587,1.5656493300280936,0.23719982542026813,-0.07225942296680919,0.5233463035019456,0.480154418793349,0.5661917998186746,513,2.5621002590699766,2.250568063878572,0.22581044253436844,-0.17223746093319595,0.5126705653021443,0.46948317256709493,0.55566960151301,513,3.7172264001035873,3.2917415704410855,0.5359486426529916,0.08058829347566325,0.5282651072124757,0.48501648243801826,0.5710935520483698,0.5369649805447471,0.49374241894550425,0.5796390938568663,0.5369649805447471,0.017509727626459144,0.0,0.521484375,0.47821521231295827,0.5644335387765235,0.519455252918288,0.0019455252918287938,0.0038910505836575876,0.5197628458498024,0.47624572556591044,0.5629821444235137,0.5116731517509727,0.0038910505836575876,0.01556420233463035,0.07044956140350878,2.3289516930760197,1.0952380952380953,2.0708305903331405,0.7626459143968871,3
F3 · x1 encore opposé,Tous,228,228,0.8979368096197369,0.9788469219987399,-0.06295696392166916,-0.0953657120446279,0.4868421052631579,0.4227199234679322,0.5514003379519338,228,1.5847190520863863,1.4357358389642374,0.2772916229130814,-0.0630017555358515,0.5394736842105263,0.47465503429818867,0.6029841814422133,228,2.209344544676491,2.0680220101117914,0.2345696423013356,-0.05720910321027563,0.5175438596491229,0.45293000626135066,0.5815763118454947,228,3.2567955949885636,3.1161159269931735,0.10398588350097737,-0.013985377357750097,0.5087719298245614,0.44427419330193224,0.5729789657514907,0.4649122807017544,0.4012875959334216,0.5296997678528877,0.4649122807017544,0.013157894736842105,0.0,0.49333333333333335,0.42866827786006406,0.5582222175743324,0.4868421052631579,0.0043859649122807015,0.013157894736842105,0.5069124423963134,0.44085282021026695,0.5727315769323004,0.4824561403508772,0.008771929824561403,0.04824561403508772,0.03125,1.996825101108688,0.9617731514716514,2.0021485994609822,0.7105263157894737,1
F3 · x1 encore opposé,Long,132,132,0.7280289597700067,0.9550921587665173,-0.10552581840127684,-0.021430654030008114,0.4696969696969697,0.38662084214673215,0.5544870364412704,132,1.5259057915087664,1.3747515948753415,0.307511373605772,0.048580453852689144,0.553030303030303,0.4679081278549537,0.6351530846160418,132,2.1837135891105106,2.0484075657488283,0.16673721813770706,0.034515088314085424,0.5075757575757576,0.42328760705491464,0.5914354232980846,132,3.359115245091492,2.9699117334013376,0.3134623043777182,-0.2133250206343627,0.5227272727272727,0.43808570721938894,0.6060833838396091,0.4318181818181818,0.3504261969873424,0.5170665298356631,0.4318181818181818,0.015151515151515152,0.0,0.4961832061068702,0.41189983777585565,0.5806840532488724,0.49242424242424243,0.007575757575757576,0.007575757575757576,0.528,0.4409593674217741,0.6133709109976185,0.5,0.015151515151515152,0.05303030303030303,0.018092105263157895,2.080971156325274,0.9509029234711138,2.1155491126880204,0.7121212121212122,2
F3 · x1 encore opposé,Short,96,96,1.0464889957086003,0.9915190191579213,0.05951518766742368,-0.2749492188100814,0.5104166666666666,0.41195862420919654,0.6080731060515364,96,1.5847190520863863,1.4685526756910596,0.15522000133720865,-0.15302469470380362,0.5208333333333334,0.42203591721406514,0.618027543307401,96,2.351000088929278,2.143357955093901,0.2345696423013356,-0.09472172264428104,0.53125,0.4321542477927087,0.6279409429894902,96,3.0774180181878004,3.271972293335772,-0.5723371136656807,0.29412549352691714,0.4895833333333333,0.39192689394846364,0.5880413757908035,0.5104166666666666,0.41195862420919654,0.6080731060515364,0.5104166666666666,0.010416666666666666,0.0,0.48936170212765956,0.39072589513953443,0.5888329019365559,0.4791666666666667,0.0,0.020833333333333332,0.4782608695652174,0.3791196487621324,0.5791448209462197,0.4583333333333333,0.0,0.041666666666666664,0.013157894736842105,1.9107917760685287,0.9973872582534449,1.8666239062598864,0.7083333333333334,1
Rang 1,Tous,6037,6037,0.9243635685066689,0.9041851736678974,0.05213837381171715,0.00979258756356303,0.5125062116945502,0.4998932964360929,0.525103220605506,6037,1.4523914379250376,1.3860291889312293,0.08319138426311717,-0.0444041327250117,0.5133344376345867,0.5007215352218213,0.5259303802993538,6036,2.1432297787581995,2.1795571225518984,-0.04149280028651445,-0.054612709298337184,0.4945328031809145,0.48192708576581006,0.5071454753424152,6034,3.0590375670679606,3.0584600435076377,0.06630914489296674,-0.026305519367346326,0.5041431885979449,0.4915289487336006,0.516752156222846,0.4956045778736109,0.48299060222023593,0.5082241513711728,0.49494782176577773,0.014908066920655955,0.001325161504058307,0.5028399599064484,0.4901758732757956,0.51550040370622,0.498592015901938,0.006957097896306112,0.008447904588371708,0.5032702237521515,0.4904156344353845,0.5161204913510491,0.48434652973331127,0.005300646016233228,0.037601457677654465,0.8274396929824561,1.733862463930275,0.6161048689138577,2.759658642926377,0.6287891336756667,3
Rang 1,Long,3018,3018,0.8876091985299627,0.9040883341387844,0.039261788299970485,0.04197642852277933,0.5106030483764082,0.4927660817258184,0.5284130561879625,3018,1.432557624928648,1.3946470230781314,0.09730571674335933,0.025291308692984384,0.5155732273028496,0.4977345766612513,0.5333722821496143,3018,2.0969698785889594,2.2014096793906353,-0.018333708088644325,0.04504076910046723,0.49734923790589797,0.47952536689206704,0.5151798486294878,3017,3.1066349052593085,3.0162364244474675,0.1538282583760491,0.1788294896623414,0.510772290354657,0.4929322830455194,0.5285848994509081,0.49369189907038513,0.4758561367006591,0.5115437320457632,0.49271040424121937,0.014247846255798542,0.0019880715705765406,0.5026737967914439,0.48476594018004776,0.5205747961259038,0.4983432736911862,0.006958250497017893,0.008614976805831677,0.5017229496898691,0.4835409375804648,0.5199004062285028,0.4824387011265739,0.005632869449966865,0.038436050364479786,0.4136513157894737,1.8195588982739024,0.642666900525535,2.7667542432232226,0.6441351888667992,3
Rang 1,Short,3019,3019,0.9522315291056004,0.9070082312477692,0.061500693071039475,-0.03285918870675285,0.514408744617423,0.4965732844205193,0.5322075819007595,3019,1.4844826460937068,1.3751141141671026,0.07300538885897596,-0.1043368236534262,0.5110963895329579,0.4932621299916408,0.5289024452212978,3018,2.1967227925048416,2.161545281125675,-0.06210895843058395,-0.13925431947630917,0.4917163684559311,0.4739018518197214,0.5095519466851374,3017,3.018004409998156,3.0910414092997542,-0.05075620598941175,-0.2344931823604101,0.497514086841233,0.47968702668241664,0.5153474696645617,0.497514086841233,0.47968702668241664,0.5153474696645617,0.4971844981782047,0.015568068896985757,0.000662471016893011,0.503006012024048,0.4851037728787553,0.5209005470292745,0.4988406757204372,0.006955945677376615,0.008280887711162636,0.5048143053645117,0.4866476924002678,0.5229682152782267,0.48625372639947,0.004968532626697582,0.03676714143756211,0.41378837719298245,1.6485894129724636,0.5957446808510638,2.747351775434723,0.6134481616429281,4
Répétition,Tous,1259,1259,0.9517581795465093,0.8532420292765006,0.07612935085559405,0.04966925358891275,0.5234312946783162,0.4958129285657322,0.5509071034636213,1259,1.3782633256451555,1.321128801823337,0.09221176228599667,0.06052591082745932,0.5194598888006354,0.49184422878375283,0.5469571537490999,1259,2.0016715996732,2.003841556393022,0.05768561007650925,0.10034375519561599,0.505957108816521,0.47836364536319226,0.5335143288815586,1259,2.908531935566832,2.908746416124273,0.015186212274436138,0.19148056611003847,0.5019857029388404,0.4744025860358831,0.5295567387123673,0.49163346613545816,0.4640417814327965,0.5192762150490484,0.49007148530579825,0.013502779984114376,0.003177124702144559,0.5,0.4721905132467598,0.5278094867532401,0.49166004765687055,0.007148530579825258,0.016679904686258934,0.49295774647887325,0.4648196473413411,0.5211405310998357,0.4725972994440032,0.003177124702144559,0.04130262112787927,0.17256030701754385,1.9264853664163253,0.6515151515151515,3.118854363484591,0.6902303415409055,2
Répétition,Long,610,610,0.889080043987106,0.8511706190451109,0.017358581059725313,0.0628359637704888,0.5032786885245901,0.4637043308328807,0.5428120082356998,610,1.298187320202813,1.369260744970966,-0.012904661528396269,0.006240610467158394,0.49508196721311476,0.4555599633933868,0.5346655280037423,610,1.980151502748517,2.0853793912845946,-0.1966820348080494,0.08627171350033488,0.4737704918032787,0.434434082564781,0.5134352048865746,610,2.863143923148406,3.012232214905562,-0.13728523801631864,0.3115112593485041,0.48032786885245904,0.4409267338602218,0.519975231728295,0.46710526315789475,0.42777781597670556,0.5068457859490219,0.46557377049180326,0.018032786885245903,0.003278688524590164,0.46901172529313234,0.429305918227914,0.5091137917255912,0.45901639344262296,0.009836065573770493,0.021311475409836064,0.4835924006908463,0.44312929565088,0.5242717958292066,0.45901639344262296,0.003278688524590164,0.05081967213114754,0.08360745614035088,2.0167428863008716,0.6807024849716654,3.0995337543930397,0.6852459016393443,1
Répétition,Short,649,649,1.0009810497012335,0.8565196154457319,0.18800693022877005,0.025055621281751775,0.5423728813559322,0.5039056900716725,0.5803413922221028,649,1.4764459487991743,1.285227975852641,0.3303888525115533,0.12088359793562686,0.5423728813559322,0.5039056900716725,0.5803413922221028,649,2.0089172431723354,1.9203570235956515,0.32035938118193324,0.12173745202091925,0.5362095531587057,0.49774158064630053,0.5742513805865619,649,2.915890616578193,2.8497792747277244,0.289983553634093,0.028280356460710553,0.522342064714946,0.4838936634389728,0.560527525406836,0.5146831530139103,0.47619905302474524,0.5529939180453277,0.5130970724191063,0.009244992295839754,0.0030816640986132513,0.5288611544461779,0.49016097669999903,0.5672174554607052,0.522342064714946,0.004622496147919877,0.012326656394453005,0.5015923566878981,0.46259567869411805,0.5405696716088694,0.48536209553158705,0.0030816640986132513,0.032357473035439135,0.08895285087719298,1.8272337403678236,0.6221374045801527,3.143214214694708,0.6949152542372882,5
Cycle : segment = extremum,Tous,6295,6295,0.9276681585906811,0.8925214112269189,0.061500693071039475,0.016664093411537746,0.5162827640984908,0.5039314040104717,0.5286142627991206,6295,1.428905842973987,1.3673662331919274,0.08187689713752028,-0.005835437037354827,0.5146942017474185,0.5023425954053633,0.5270278843984151,6294,2.0969698785889594,2.150273766492031,-0.07891039187281759,-0.026195460819381476,0.4909437559580553,0.4786023496617662,0.5032962106322875,6293,3.011012098821407,3.0249957324543715,0.030665327304430886,0.013108017099146245,0.5016685205784205,0.48931763580613163,0.5140173694765168,0.49475023862551704,0.4823973198909345,0.5071095700758972,0.49404289118347894,0.013979348689436061,0.0014297061159650516,0.5020853384664742,0.48967595863862634,0.5144921497660502,0.49722001588562353,0.006830818109610802,0.009690230341540906,0.500412881915772,0.4878224636333499,0.5130027766237975,0.4813343923749007,0.0046068308181096106,0.03812549642573471,0.8628015350877193,1.8142020603628952,0.605095541401274,3.0147096992656417,0.6474980142970611,4
Cycle : segment = extremum,Long,3086,3086,0.886868286238738,0.8868816948921614,0.03798758332330949,0.04138151103051357,0.5113415424497731,0.4937017424468471,0.5289531405736936,3086,1.3730784581124764,1.3869587105761445,0.06023864788292635,0.03261457787768967,0.5132858068697342,0.49564527632201116,0.530893300930622,3086,2.040559708406321,2.190316488174963,-0.11007780427003883,0.0760139670166382,0.48865845755022685,0.4710468594263066,0.506298257553153,3086,3.036335219128407,3.0115808744394696,0.08464793266968522,0.22560604842273524,0.5048606610499028,0.487225220258568,0.5224840153216637,0.48911984410522896,0.4714873420802799,0.5067794621564345,0.4880103694102398,0.013933895009721323,0.002268308489954634,0.4947609692206942,0.4770462839717227,0.512488818173529,0.4896305897602074,0.006804925469863901,0.010369410239792612,0.49493243243243246,0.47693884337117626,0.512939158206236,0.4747245625405055,0.004536616979909268,0.04082955281918341,0.42297149122807015,1.914952990755376,0.6239160916260563,3.0246063644486196,0.6591056383668179,3
Cycle : segment = extremum,Short,3209,3209,0.960460997210086,0.8976225984389472,0.08813429723652105,-0.019204317991461783,0.5210345902150203,0.5037352675939972,0.5382836106476192,3209,1.4782308778536903,1.3523374390472067,0.11088923469240251,-0.0642365615292426,0.5160486132751636,0.4987488620663373,0.5333099857772664,3208,2.1355627716881127,2.1161282639921737,-0.050913342253874644,-0.1036723897958109,0.493142144638404,0.47585982089579354,0.5104408733850202,3207,2.976455361519648,3.027021163446309,-0.020187638422681207,-0.15304685358553716,0.49859681945743684,0.4813037228633513,0.5158932737122505,0.5001559089491737,0.48286087980497727,0.517450565019956,0.4998441882206295,0.014023060143346837,0.0006232471174820816,0.509119496855346,0.4917433573752368,0.5264736292989747,0.5045185416017451,0.006855718292302898,0.009037083203490184,0.505654281098546,0.4880437867304004,0.5232507563659619,0.4876908694297289,0.004674353381115612,0.03552508569647865,0.43983004385964913,1.7113506910066374,0.5789181957186565,3.0039370631635123,0.6363353069492054,3
Cycle : plus bas plus haut / plus haut plus bas,Tous,1001,1001,0.945036988899357,0.9144348833649494,0.010026985213460965,0.03897989911553905,0.5024975024975025,0.4715727674976713,0.5334031411430538,1001,1.5710856600399699,1.3984678754562163,0.10402080601533713,-0.10872996085550296,0.5124875124875125,0.48153380703190646,0.5433457361717189,1001,2.3282665668923417,2.088687275023909,0.29167464287039113,-0.03223739364155217,0.5314685314685315,0.5004937090478735,0.5622027398252624,1000,3.1771781655993188,3.1261584978749886,0.18422388185729022,-0.07352169297328173,0.517,0.48602179171422133,0.5478480937338415,0.49599198396793587,0.46504651927844526,0.5269681864395047,0.4945054945054945,0.01898101898101898,0.002997002997002997,0.5040404040404041,0.472939607801212,0.5351099646859931,0.4985014985014985,0.007992007992007992,0.01098901098901099,0.5083160083160083,0.4767537074970373,0.5398121558909137,0.4885114885114885,0.006993006993006993,0.03896103896103896,0.13719846491228072,1.5382639954795985,0.7473021582733813,2.0512528683709315,0.5884115884115884,4
Cycle : plus bas plus haut / plus haut plus bas,Long,542,542,0.9072187857535192,0.9152091645573217,0.0,0.09746135713198023,0.4981549815498155,0.45622203703314107,0.5401138963218837,542,1.5695947984875764,1.3869839405630566,0.09833223710688054,-0.06232327612289981,0.5055350553505535,0.46355243894177955,0.5474397609931467,542,2.286657974852446,2.0695700111774924,0.249669256442112,-0.023141974303968325,0.5202952029520295,0.4782404790769336,0.5620642540177956,541,3.1345886954089273,3.030749934856965,0.1124962749221544,0.10182216715413947,0.5101663585951941,0.46811860587471404,0.5520707482421522,0.4898336414048059,0.44792925175784776,0.5318813941252859,0.488929889298893,0.02029520295202952,0.0018450184501845018,0.5102803738317757,0.4679981501135334,0.5524160124158629,0.503690036900369,0.01107011070110701,0.012915129151291513,0.5201535508637236,0.47726338468750806,0.5627486875262799,0.5,0.00922509225092251,0.03874538745387454,0.07428728070175439,1.616497012327399,0.7669830435915663,2.0835893634321865,0.6051660516605166,4
Cycle : plus bas plus haut / plus haut plus bas,Short,459,459,0.9966778423331067,0.8987938237345646,0.050947215307907495,-0.046060780501911765,0.5076252723311547,0.4620149807474988,0.5531089839090922,459,1.5727593497053851,1.406715171833271,0.11992614338691307,-0.1301596726605825,0.5206971677559913,0.47501184466017654,0.5660389165505704,459,2.3981509032376533,2.113018062051554,0.3712377796405805,-0.04917033010561919,0.5446623093681917,0.49891993334463697,0.5896632882153956,459,3.317515763687137,3.1765109923358423,0.20281068089203774,-0.45194911032936497,0.5250544662309368,0.4793510075730941,0.5703420191557046,0.5032822757111597,0.45760489597255666,0.5489049330012165,0.5010893246187363,0.017429193899782137,0.004357298474945534,0.4967032967032967,0.4509815065121944,0.5424802894539953,0.4923747276688453,0.004357298474945534,0.008714596949891068,0.4943310657596372,0.4479182569718053,0.5408417870528542,0.4749455337690632,0.004357298474945534,0.0392156862745098,0.06291118421052631,1.468658130798957,0.7153652392947103,2.0224926016491085,0.5686274509803921,3
n_short_seg_48 = 0,Tous,4059,4059,0.9311952376277624,0.895131086132793,0.04761387508684215,0.0066058670263744144,0.5109632914510963,0.49558175943538046,0.5263240908936109,4059,1.4411698971599305,1.3661002472276127,0.06028028070354569,-0.03529785635322388,0.5102241931510224,0.49484287880403893,0.5255861726263689,4058,2.0833503142623693,2.161545281125675,-0.06797842782224042,-0.06946679968488942,0.49112863479546576,0.47576269229010953,0.5065113579830474,4056,2.9862775277855267,3.0339939489325944,0.0,-0.03208834743029305,0.4992603550295858,0.48388053358561395,0.5146415762425134,0.4909943251912164,0.4756191226292377,0.5063865834846021,0.49026853904902684,0.015767430401576743,0.0014781966001478197,0.5026061057334326,0.4871718937915515,0.518035352632409,0.49889135254988914,0.007637349100763735,0.007390983000739098,0.5010209290454314,0.48537116119138346,0.5166686968181803,0.48361665434836165,0.005173688100517369,0.03473762010347376,0.5563322368421053,1.7601636773918052,0.6077881509353599,2.8702078481296422,0.639320029563932,3
n_short_seg_48 = 0,Long,2013,2013,0.9041752902295805,0.8961625099530837,0.021024456356707716,0.03179414419199308,0.505712866368604,0.48388162608043805,0.5275223433735835,2013,1.4004250350835858,1.3864066926091576,0.0352667597097031,0.0487581507654968,0.5086934923000497,0.48685844531912376,0.5304954212413437,2013,2.040799363181167,2.15561563699777,-0.025262524702825088,0.056457735630293285,0.49677098857426727,0.4749558128877671,0.5185984652469162,2012,3.0189968860655965,2.9407006509571674,0.11218746150312067,0.26362977261686693,0.5084493041749503,0.4866091208227967,0.5302572837597854,0.4820717131474104,0.46027109006099237,0.5039408041557292,0.4808743169398907,0.014406358668653751,0.0024838549428713363,0.498496993987976,0.47658564600645914,0.5204141163747215,0.4942871336313959,0.007948335817188276,0.008445106805762544,0.4992248062015504,0.47696996921852436,0.5214827151059712,0.4798807749627422,0.004967709885742673,0.038748137108792845,0.2759046052631579,1.8818786345595464,0.6370076019350607,2.8449209471374037,0.6577247888723299,2
n_short_seg_48 = 0,Short,2046,2046,0.9671528491910686,0.8938764158906385,0.06967339603652051,-0.025474634125360756,0.5161290322580645,0.49446463326084455,0.5377329765447131,2046,1.4730846604572227,1.3554931354675683,0.07813629491562085,-0.1296475201889694,0.5117302052785924,0.49006875274125833,0.5333476907536928,2045,2.1178790163630508,2.1681545294345486,-0.1446687225118138,-0.1669991064228574,0.48557457212713934,0.46395991855952257,0.5072433213590734,2044,2.9286355608218795,3.0764618403722666,-0.13254743901235014,-0.33348227211594317,0.49021526418786693,0.4685817763139172,0.5118854629491197,0.4997555012224939,0.47810526515492124,0.521406654165733,0.4995112414467253,0.01710654936461388,0.0004887585532746823,0.5066404328578455,0.48491543940724446,0.5283403778345087,0.5034213098729228,0.007331378299120235,0.00635386119257087,0.502773575390822,0.48078263985282144,0.5247537853961768,0.48729227761485827,0.005376344086021506,0.030791788856304986,0.28042763157894735,1.6510453347567995,0.5820612866597734,2.898027637182212,0.6212121212121212,3
n_short_seg_48 ≥ 1,Tous,3237,3237,0.9223576965386826,0.8987938237345646,0.06623287421666753,0.02738806678577518,0.5186901451961693,0.5014653978333622,0.5358705830427165,3237,1.438864014102933,1.3805984404459164,0.12160295828614547,0.00907000973708104,0.5196169292554834,0.5023923050763619,0.5367950467522493,3237,2.177757022092204,2.1255059535065426,0.030143089276307444,0.05050190203815938,0.5032437442075997,0.4860256515914104,0.5204541467424545,3237,3.100147773782469,3.0382647788377986,0.147437322390629,0.05975706269890733,0.5094223046030275,0.49219957953300575,0.5266226918177447,0.4998452491488703,0.4826148668659517,0.5170759989866452,0.4989187519308001,0.013283904850169911,0.0018535681186283596,0.5020344287949922,0.48470487618298835,0.5193590949745706,0.4955205437133148,0.006178560395427865,0.012974976830398516,0.5020974507905777,0.4845017505027093,0.5196879574089032,0.4806919987642879,0.004633920296570899,0.042632066728452274,0.44366776315789475,1.7784640859661465,0.6397058823529411,2.7881089608608964,0.6394810009267841,4
n_short_seg_48 ≥ 1,Long,1615,1615,0.8715320245687576,0.891845927139908,0.04755382978955487,0.06894967784347668,0.5139318885448917,0.48955125637293434,0.5382463984439422,1615,1.399696184716652,1.3902534407556666,0.09025920060957147,-0.034796234175180525,0.5164086687306502,0.4920258127320737,0.5407136473855808,1615,2.1388361901175448,2.1991532797126174,-0.12777785942292652,0.05108109442366787,0.4891640866873065,0.4648385021599135,0.5135410996491826,1615,3.0756482557062856,3.057677494960837,0.030924749010063445,0.13769418590136023,0.5021671826625387,0.4778052623777685,0.5265188172604122,0.4981389578163772,0.4737639448151835,0.5225228199271031,0.4972136222910217,0.015479876160990712,0.0018575851393188853,0.4952919020715631,0.470780095838645,0.519826361307762,0.4885448916408669,0.006811145510835914,0.013622291021671827,0.49805950840879687,0.47317120843095956,0.522957428198745,0.47678018575851394,0.005572755417956657,0.04272445820433437,0.22135416666666666,1.8478237084479046,0.6576290414066884,2.794247913531957,0.6427244582043343,3
n_short_seg_48 ≥ 1,Short,1622,1622,0.9563230527911071,0.9036616409924008,0.10019503813788672,-0.01408653937444328,0.5234278668310728,0.4990946268781141,0.5476503942850791,1622,1.499395480868912,1.358103603232029,0.1633724068786802,0.04290522012940513,0.5228113440197287,0.4984781768841003,0.5470367121432196,1622,2.2195984423241644,2.0281155294955826,0.18302009789232304,0.045701492474327685,0.5172626387176326,0.49293179035537144,0.5415119094490867,1622,3.1105288191750455,3.0171650868074864,0.23036216611870844,-0.027189178398134173,0.5166461159062885,0.49231570990930784,0.5408978577592769,0.5015441630636195,0.4772136540002581,0.5258673614235515,0.5006165228113441,0.011097410604192354,0.0018495684340320592,0.5087390761548065,0.48426649935167104,0.5331698405712703,0.5024660912453761,0.005548705302096177,0.012330456226880395,0.506117192530586,0.4812666821048594,0.5309375138775708,0.4845869297163995,0.0036991368680641184,0.04254007398273736,0.22231359649122806,1.7196350679482324,0.6180796731358529,2.7613415532922594,0.6362515413070283,4
A_vol Q1,Tous,1824,1824,0.9596218967310335,0.8916519816686377,0.10041752446548717,0.011421099856377098,0.5290570175438597,0.506112379830106,0.5518795161853912,1824,1.4679600107369022,1.3543517546413826,0.10796512735078383,0.009167921995844763,0.518640350877193,0.49569484909947925,0.5415074992878208,1824,2.108910449048426,2.1463985806652532,-0.04083569235530125,-0.07905176795417768,0.49835526315789475,0.4754366173130013,0.5212808225351782,1823,3.1313688748818445,3.1743672694997978,0.07184559412857194,0.0,0.505759736697751,0.48282064365004806,0.5286746058559847,0.5021978021978022,0.4792460453333323,0.525140300498455,0.5010964912280702,0.01864035087719298,0.0021929824561403508,0.5019369120088545,0.47890340458181957,0.5249622013331318,0.49725877192982454,0.004934210526315789,0.00932017543859649,0.5102040816326531,0.48687878411068664,0.5334850312899692,0.4934210526315789,0.004934210526315789,0.03289473684210526,0.25,1.7378951796933995,0.6893373185652054,2.5015185721561357,0.6392543859649122,2
A_vol Q1,Long,909,909,0.8864016179727081,0.9236068111928485,0.03808626125846871,0.021837426309901275,0.5071507150715071,0.4746878452433946,0.5395533988015743,909,1.368084432817317,1.439117041323713,0.008511642999976398,-0.05390985958513562,0.5005500550055005,0.468111679622681,0.5329838006884704,909,2.0193265241788394,2.327295971325317,-0.3410058855808054,-0.2377148607788781,0.46424642464246424,0.43204349346401766,0.4967502863111371,908,2.9579246577806373,3.298452537924273,-0.3057212848420079,0.021809407736174978,0.4790748898678414,0.4467374995098628,0.5115885957242217,0.47519294377067256,0.4428657206330013,0.5077294212665341,0.47414741474147415,0.0165016501650165,0.0022002200220022,0.4666666666666667,0.43428338252393645,0.4993333042937536,0.46204620462046203,0.005500550055005501,0.009900990099009901,0.4840182648401826,0.4510660858906886,0.5171100039873074,0.46644664466446645,0.0044004400440044,0.036303630363036306,0.12458881578947369,1.7965455282863494,0.7236755330841994,2.475896130982475,0.6435643564356436,1
A_vol Q1,Short,915,915,1.0367796856651894,0.8397461182756324,0.2263550061443996,0.0022404356040973622,0.5508196721311476,0.5184439210465617,0.5827704776049578,915,1.5924820310519099,1.3064978606789455,0.2924126239169088,0.07432756083502036,0.5366120218579234,0.504215372614699,0.5687025274890838,915,2.284177470891041,1.997992461759951,0.3000921595910291,0.028135031568436598,0.5322404371584699,0.49984263812253094,0.5643686470434868,915,3.370773261404541,2.9268922229117904,0.4589364467664316,-0.03847858169783377,0.5322404371584699,0.49984263812253094,0.5643686470434868,0.5290251916757941,0.4965926785508121,0.5612144715610501,0.5278688524590164,0.020765027322404372,0.002185792349726776,0.5369349503858876,0.5043958420846258,0.5691625021982879,0.5322404371584699,0.004371584699453552,0.008743169398907104,0.536036036036036,0.5031500419899285,0.5686115802533039,0.5202185792349727,0.00546448087431694,0.029508196721311476,0.12541118421052633,1.6623363127665507,0.6642857142857143,2.5179866877576105,0.6349726775956284,6
A_vol Q2,Tous,1824,1824,0.9371689887309385,0.8831956201472608,0.06878049070745579,0.049848606802031584,0.5180921052631579,0.49514683382592634,0.5409613278441002,1824,1.4756456197805567,1.3239763445873454,0.11381225740687652,-0.07656314699030267,0.5224780701754386,0.4995317278549866,0.5453299275532282,1823,2.093943463688527,2.126000439616871,-0.016064040038189443,0.005638548079910819,0.4964344487109161,0.4735140291098489,0.5193698640530832,1823,2.976455361519648,2.931874124069672,0.06447592835197122,0.034919500404021454,0.5030170049369171,0.4800825778757395,0.5259387432940871,0.4947773501924134,0.4718359640519769,0.5177407495801893,0.4934210526315789,0.013706140350877192,0.0027412280701754384,0.5041689827682045,0.4810802894541214,0.527239909059159,0.49725877192982454,0.006578947368421052,0.013706140350877192,0.5025553662691652,0.4792223387110864,0.5258772690950758,0.48519736842105265,0.001644736842105263,0.03453947368421053,0.25,1.8088057258022312,0.6382149852213771,2.7938007001405656,0.6573464912280702,3
A_vol Q2,Long,910,910,0.9259027805063367,0.8593538018077709,0.08456934393957094,0.08267720866968553,0.5274725274725275,0.4949874763325105,0.5597266010305687,910,1.48702652119754,1.3081599080230126,0.0863632890201895,0.004971079940342201,0.5197802197802198,0.4873040107428572,0.55209012495856,910,2.0633093379764826,2.079820355073807,0.06709161359780158,0.1323100100491759,0.5076923076923077,0.4752454632983333,0.5400744783633288,910,3.2813915309654877,2.8575867080447375,0.3067811078731583,0.2697793905355989,0.5153846153846153,0.4829168985896397,0.5477229847336844,0.4895259095920617,0.4571055092886649,0.5220346617355833,0.4879120879120879,0.016483516483516484,0.0032967032967032967,0.5155555555555555,0.4829079807599147,0.5480708987251631,0.5098901098901099,0.007692307692307693,0.01098901098901099,0.4988584474885845,0.4658247506303792,0.5319021129323347,0.48021978021978023,0.0032967032967032967,0.03736263736263736,0.12472587719298246,1.886392954333331,0.666137748925606,2.7895696480018994,0.6780219780219781,4
A_vol Q2,Short,914,914,0.9604547222592121,0.9158875810948996,0.05344806188142023,0.0,0.5087527352297593,0.47637342622980205,0.5410587755793117,914,1.4646922125933477,1.3351946906773207,0.14056715138956022,-0.11818720149562051,0.5251641137855579,0.4927520008841206,0.5573655793170819,913,2.120104488790345,2.164581708754174,-0.09745587423006927,-0.14679104387811193,0.48521358159912376,0.4529243869531472,0.5176266875181682,913,2.8317633426520876,2.984607865986678,-0.09697920946016231,-0.14588041691344733,0.49069003285870755,0.45836938287515394,0.5230887010512298,0.5,0.4676170885367898,0.5323829114632102,0.4989059080962801,0.010940919037199124,0.002188183807439825,0.492769744160178,0.46018868597761076,0.5254123319639641,0.48468271334792123,0.005470459518599562,0.016411378555798686,0.5062146892655367,0.4733192837812216,0.5390563746038044,0.49015317286652077,0.0,0.03172866520787746,0.12527412280701755,1.728902786590322,0.6162897469699431,2.80977207612132,0.6367614879649891,2
A_vol Q3,Tous,1824,1824,0.930601054489907,0.9359327334990992,0.08794785768963231,-0.002966100347967005,0.5213815789473685,0.4984353389167738,0.5442379430568942,1824,1.3781672733639994,1.3962236091421132,-0.00878429183766727,-0.0020350326346668364,0.49890350877192985,0.47598364191809256,0.5218279846473606,1824,2.145942896270629,2.1353223640557903,-0.008726483825759988,0.0355846779944099,0.49725877192982454,0.47434265060845937,0.520186415805173,1824,3.0138542512243145,3.133061125821735,-0.037155042026891016,0.012223743085737133,0.4967105263157895,0.47379570850980063,0.5196391711865583,0.49917718047174986,0.4762504424907274,0.5221073790084108,0.49890350877192985,0.01206140350877193,0.0005482456140350877,0.504424778761062,0.4813930820173561,0.5274377120211514,0.5,0.00712719298245614,0.008771929824561403,0.5,0.4765456362184046,0.5234543637815954,0.47752192982456143,0.004934210526315789,0.044956140350877194,0.25,1.824528299193285,0.6020282117402803,3.027777736291359,0.6447368421052632,4
A_vol Q3,Long,913,913,0.8980791122883184,0.9333747383872897,0.06926670685351881,0.0536678214163038,0.5180722891566265,0.4856523787332674,0.5503407524684583,913,1.365156029116177,1.446442653945306,-0.033158519944981625,0.021932512859337814,0.49726177437020813,0.46490848433863546,0.5296380109338303,913,2.089359585673244,2.182730122070323,-0.010405016004299585,0.1442634074259384,0.4950711938663746,0.46272816509147185,0.5274555263989666,913,3.0223001513339884,3.106629183139592,-0.04335491256842551,0.1398734984255978,0.4939759036144578,0.461638237485175,0.5263640521142499,0.506578947368421,0.47417123136655526,0.538931471109506,0.5060240963855421,0.009857612267250822,0.001095290251916758,0.5105204872646734,0.47793988628813733,0.5430119535921681,0.5049288061336255,0.007667031763417305,0.01095290251916758,0.506896551724138,0.4737173740466539,0.540015091883098,0.4830230010952902,0.0032858707557502738,0.047097480832420595,0.12513706140350878,1.9166048448231772,0.6197908080086503,3.040946936724681,0.6495071193866374,4
A_vol Q3,Short,911,911,0.9669910988728406,0.9384907286109087,0.1169056612518509,-0.04395266791144046,0.5246981339187706,0.4922332028665367,0.556955640316808,911,1.4082748720458997,1.36052161836234,0.01055526954924177,-0.044335554799572525,0.5005488474204172,0.468145956867118,0.5329471285369565,911,2.177757022092204,2.071126263562417,-0.007047951647220394,-0.11900014298845984,0.4994511525795829,0.4670528714630436,0.5318540431328821,911,2.998820284958183,3.149452243128851,-0.00042300587761451763,-0.2344931823604101,0.4994511525795829,0.4670528714630436,0.5318540431328821,0.49176728869374314,0.45940562811461455,0.5241980908242707,0.49176728869374314,0.014270032930845226,0.0,0.4983425414364641,0.4658423445687728,0.5308567501909742,0.4950603732162459,0.006586169045005488,0.006586169045005488,0.49311926605504586,0.46003844258197246,0.5262604498204893,0.47200878155872666,0.006586169045005488,0.042810098792535674,0.12486293859649122,1.7111737186214873,0.5892318063249233,2.9844658418872805,0.6399560922063666,3
A_vol Q4,Tous,1824,1824,0.8778340888053067,0.892828213289257,-0.05622228402428399,0.012162642831838037,0.48903508771929827,0.46614140738220167,0.5119748582723278,1824,1.4446753469957554,1.4084580261570105,0.10518348265487878,-0.01901726904576578,0.5175438596491229,0.49459884610767857,0.5404151288450746,1824,2.155647752636748,2.1633093917828363,-0.03547855176115137,-0.014565592840086855,0.49396929824561403,0.4710614105773781,0.5169025355326132,1823,2.987508276214751,2.9358913519156906,0.11836428240819043,-0.04473160681703014,0.5095995611629183,0.48665509264431955,0.5325036565324016,0.4835345773874863,0.46064685653041887,0.5064915852708854,0.4830043859649123,0.01425438596491228,0.0010964912280701754,0.4988950276243094,0.47588690588901716,0.5219078298806332,0.49506578947368424,0.00932017543859649,0.007675438596491228,0.49314285714285716,0.4697592627912768,0.5165564911513825,0.4731359649122807,0.008223684210526315,0.04057017543859649,0.25,1.7068760825029576,0.5467302709972738,3.014814854442492,0.6162280701754386,2
A_vol Q4,Long,896,896,0.8611254175472727,0.8826824216957494,-0.06446797696915035,0.03646703033017207,0.484375,0.45178805215787177,0.5170953602115942,896,1.3980103850426628,1.3838959166848,0.209393167095765,0.09684208096350355,0.53125,0.4985106431105261,0.563722532150542,896,2.17735885539462,2.1272479434642504,0.08591638893776225,0.20011366990976742,0.5066964285714286,0.47400121606081147,0.5393344643522747,896,3.0461674909992515,2.775641761370961,0.38479581394750023,0.33557037898107245,0.5345982142857143,0.5018589384248807,0.5670420770427306,0.4854586129753915,0.45282869824063543,0.5182129643421631,0.484375,0.016741071428571428,0.002232142857142857,0.49548532731376976,0.4626535531258177,0.5283560827464544,0.48995535714285715,0.008928571428571428,0.011160714285714286,0.5052386495925495,0.47185449891429376,0.538576152551746,0.484375,0.010044642857142858,0.041294642857142856,0.12280701754385964,1.831960417727311,0.5864134388070555,2.990655252005947,0.6328125,3
A_vol Q4,Short,928,928,0.9101398624246386,0.8942741867662767,-0.045481028502677594,-0.027706118752594017,0.49353448275862066,0.4614601149683223,0.525662159890409,928,1.4945473398846296,1.4354142731207873,0.03541574077127932,-0.14849229709374964,0.5043103448275862,0.4721900675018861,0.5363950825922931,928,2.1330059280733566,2.1937093111443073,-0.15275499251383645,-0.13585435540200075,0.4816810344827586,0.44967432583858913,0.5138387862611498,927,2.908468690802537,3.1418108449485747,-0.2477140835739351,-0.38732871451224044,0.4854368932038835,0.45338963134266863,0.5176043594716654,0.4816810344827586,0.44967432583858913,0.5138387862611498,0.4816810344827586,0.011853448275862068,0.0,0.5021645021645021,0.46998301860753,0.5343280620769317,0.5,0.009698275862068966,0.004310344827586207,0.48148148148148145,0.4488226767739785,0.514299288051975,0.46228448275862066,0.00646551724137931,0.03987068965517242,0.12719298245614036,1.6002403136093102,0.5089716429632158,3.0397903872131824,0.6002155172413793,1
