groupe,H,n,n_long,n_short,part_univers,stop_implicite_p50,info_extremum_tenu,timing_med,derive_med,timing_med_lo,timing_med_hi,annees_timing_med_pos,timing_moy,derive_moy,timing_moy_lo,timing_moy_hi,annees_timing_moy_pos,timing_moy_winsor,ecart_tous_long,ecart_tous_short,asym_moy,queue_long,queue_short,p10,p90
Tous,6,7296,3628,3668,1.0,1.7698933742362892,0.639391447368421,0.015440529002091898,0.035449889293846674,-0.01673113290713687,0.048055153021058276,4,0.02751004345063196,0.022495508310037847,-0.021492945984999255,0.07687131082064257,4,0.019577849376444606,0.0,0.0,0.056800448821294446,0.0631032626351673,0.030449933039655264,-1.8232668070287712,1.877557981878748
Tous,13,7296,3628,3668,1.0,1.7698933742362892,0.639391447368421,-0.026169987821413006,0.04594764271038764,-0.07055956995756882,0.024517534473052764,2,0.04747103178120846,0.05274070654420377,-0.023584142850236193,0.11791038406925307,4,0.03571689480385722,0.0,0.0,0.09064961226956772,0.29113138817006234,0.11166290755906516,-2.856727183688296,3.0461063862235127
Tous,26,7296,3628,3668,1.0,1.7698933742362892,0.639391447368421,-0.02011921451549884,0.0751000830379227,-0.07125422105372459,0.03129730203782422,2,-0.026074611333319807,0.12307738356062567,-0.09615055596983485,0.040523167358392634,3,-0.03578639865823678,0.0,0.0,0.00011608777235300877,0.07690870761156088,-0.011645312456781909,-4.482115583058007,4.512783085062856
Tous,48,7296,3628,3668,1.0,1.7698933742362892,0.639391447368421,0.011268842020207157,0.20745507589235673,-0.06452408349883726,0.07819862387352278,5,-0.002911939909419528,0.2221073160423236,-0.08898015211250036,0.08116993377313204,3,-0.0043286196196836435,0.0,0.0,0.026301028164838338,0.44820985961360815,-0.5136631361143715,-6.473122048259014,6.46627340777915
R1 = F1/F5 · x1 encore opposé,6,1935,867,1068,0.2652138157894737,1.0832439931302134,0.468733850129199,0.1613220849098106,0.05856166920340214,0.10214280439726402,0.22244884606635912,6,0.08024981449077978,0.06739339031180372,0.0006123664005275355,0.16802961012692966,4,0.0729025741835426,0.09763765304191369,0.007841889038381952,0.02110292843122967,0.06391520447880916,-0.13549836540638438,-1.7961972187666244,1.8013281547622753
R1 = F1/F5 · x1 encore opposé,13,1935,867,1068,0.2652138157894737,1.0832439931302134,0.468733850129199,0.10236503203518922,0.049115657142065686,0.012872805256861523,0.18843494851579237,5,0.03841637078140933,0.018812654450911664,-0.09813265859344857,0.18157760856783975,5,0.029872929838297813,-0.042982713093091235,0.02487339109349298,0.005304610863320021,-0.16081049105835454,-0.14670339077569094,-2.8068715205693127,2.6961492004693977
R1 = F1/F5 · x1 encore opposé,26,1935,867,1068,0.2652138157894737,1.0832439931302134,0.468733850129199,0.20842919903066878,0.18773524181560983,0.06581042918134983,0.32493610557852504,5,-0.07006929532533047,0.10668185268575743,-0.23979683241824762,0.10416934055310755,2,-0.07816581500771785,-0.06039021486687892,-0.027599153117142422,-0.1990902633522158,-0.7233793080220012,-0.5820720998178524,-4.681247736120925,4.037322530884556
R1 = F1/F5 · x1 encore opposé,48,1935,867,1068,0.2652138157894737,1.0832439931302134,0.468733850129199,0.14941202663180853,0.22871683466270254,0.02542498734123513,0.33174185223686165,5,0.06960261456495337,0.08919305927260857,-0.13769472625719684,0.2844823349674625,4,0.08506833037775736,-0.06039970229534214,0.2054288112440879,-0.047950738781581126,-0.0043252788654752905,0.4002815117279024,-5.965944940578991,6.26640260954521
↳ F1 · x1 encore opposé,6,1301,595,706,0.17831688596491227,1.3352288594307882,0.536510376633359,0.12242955578182942,0.0765019658057131,0.06920996237316371,0.18822265230371069,6,0.07767314160929836,0.14232539348717899,-0.01555619337666257,0.18783143123183707,3,0.06277708717819835,0.16999298333580753,-0.06966678701847473,0.006847768152651111,0.2929882135633062,-0.33518017030763736,-1.793101176264975,1.7769497902983573
↳ F1 · x1 encore opposé,13,1301,595,706,0.17831688596491227,1.3352288594307882,0.536510376633359,0.07897866128017382,0.06612046284720628,-0.01680724146999501,0.18826145101833328,5,0.06725397261512768,0.0975141926395144,-0.08997952196110436,0.24087403535824,4,0.05023139643775591,0.06455642692922985,-0.02499054526139142,0.008772921924133882,0.19703085537335818,-0.44760601097537034,-2.812409020123163,2.719942849317599
↳ F1 · x1 encore opposé,26,1301,595,706,0.17831688596491227,1.3352288594307882,0.536510376633359,0.24868506711817237,0.27488052793755385,0.136535876278546,0.38800977467311093,5,-0.02003031377794494,0.2262811622249178,-0.21319608283365782,0.1881474231905648,4,-0.04762539705688787,0.10924807621966696,-0.09715948110891723,-0.22336514938019686,-0.4321711489700659,-0.8060549870921685,-4.681026220996949,4.049410335155868
↳ F1 · x1 encore opposé,48,1301,595,706,0.17831688596491227,1.3352288594307882,0.536510376633359,0.23831792749955383,0.3203189123664154,0.028139552401536632,0.4184059140633562,6,0.036604133331136435,0.17260945135811184,-0.24099432100341434,0.3043794381850254,2,0.0618018918278805,-0.009981791443655796,0.08901393792476772,-0.0883131546325907,0.309014387037883,-0.06211964425647576,-6.275787314077341,6.424242826021362
↳ F5 · x1 encore opposé,6,634,272,362,0.0868969298245614,0.7573968068893313,0.32965299684542587,0.23395788216662802,0.08319344583369212,0.09629499580309693,0.3174132281837015,6,0.07669283675550861,-0.08732691697081779,-0.07216052987017585,0.21691441520455818,5,0.08697025331926901,-0.06063963197597899,0.1590052185857323,0.040507911916548275,-0.2240512343678045,0.17185613153181345,-1.8268583630645303,1.8015044670433475
↳ F5 · x1 encore opposé,13,634,272,362,0.0868969298245614,0.7573968068893313,0.32965299684542587,0.1210725938455922,0.032774902187647795,-0.03647627897390328,0.2714127280149848,5,-0.03058033838796518,-0.1474325051785413,-0.27017178300208206,0.1904748171077389,2,-0.02065023896965136,-0.27822458189191873,0.12212184155357143,-0.012729436448911835,-0.6265902089510074,0.14885484494259238,-2.7248359597445537,2.607061777678848
↳ F5 · x1 encore opposé,26,634,272,362,0.0868969298245614,0.7573968068893313,0.32965299684542587,-0.030898893341446403,-0.08635282604381453,-0.28801004892355003,0.22748615021798418,3,-0.1877802486291501,-0.146690955762242,-0.5536135894698336,0.1615884420263306,2,-0.1537788597249171,-0.43147397661869796,0.10806270202703741,-0.16549977063853694,-1.289306746229423,-0.011777230276103445,-4.688897656122208,3.9514269855011275
↳ F5 · x1 encore opposé,48,634,272,362,0.0868969298245614,0.7573968068893313,0.32965299684542587,0.09105459907811789,0.1700925034391312,-0.136851946289591,0.4398036113124801,5,0.12777511988771698,-0.0796755971820865,-0.32245990558110477,0.5770024167428178,4,0.12303297998236683,-0.17109585342727363,0.4324699730215466,0.016926476325256512,-0.18728540343936562,1.2734405457597404,-5.465893930546479,6.004024255818516
↳ R1 hors nis_z_100 Q4,6,1592,702,890,0.21820175438596492,0.9618816945751406,0.4221105527638191,0.2137864040504817,0.08300724510384092,0.14015820234780488,0.27589082664169573,6,0.1002133442498348,0.0682993667528703,0.009543537720457872,0.20147307177268123,4,0.08884175808291032,0.11850715924203528,0.026899442356370405,0.049760711846402586,0.028406240343516354,-0.12754187747888968,-1.8674006587239602,1.8275193763236546
↳ R1 hors nis_z_100 Q4,13,1592,702,890,0.21820175438596492,0.9618816945751406,0.4221105527638191,0.12062767313526937,0.026109667160870126,0.013724053199918632,0.2244146900572465,6,0.05857314417416136,-0.00956270483714304,-0.10132690508798431,0.23258390062598963,4,0.047344028256734505,-0.051201298988393915,0.07340552377429971,0.03865030619583361,-0.1555122176092807,-0.11063984362857449,-2.8138885654592456,2.74356925044971
↳ R1 hors nis_z_100 Q4,26,1592,702,890,0.21820175438596492,0.9618816945751406,0.4221105527638191,0.24742108102384103,0.17790571175211212,0.07013569417326211,0.386464041083917,5,0.0003661473724800926,0.058002982151951495,-0.19657497160733434,0.21072052160545254,4,-0.018930499047728318,-0.03863364270287428,0.09151516011447408,-0.08155327107113541,-0.6411679275201685,-0.3499993890930133,-4.680669179261582,4.187127341959007
↳ R1 hors nis_z_100 Q4,48,1592,702,890,0.21820175438596492,0.9618816945751406,0.4221105527638191,0.13290270932345272,0.21194061368446604,0.003302415510660858,0.3632338050313269,6,0.1142489222772803,0.07099834953346039,-0.14064306543189325,0.3755990592275244,4,0.12241909732178892,-0.033948104322163386,0.26826982869556304,0.044006823781655616,0.11087819055674153,0.44911876353513147,-6.112829583005316,6.454128268066718
R2 = F2b/F3 · x1 déjà retourné,6,1874,960,914,0.25685307017543857,1.922325928288596,0.6830309498399146,-0.04671794366395404,0.026631433040735716,-0.1362203006899528,0.03698846677288251,2,0.03348492634986341,-0.04554003796534526,-0.05977234701713967,0.1252063272931115,3,0.004916144316728885,-0.062060663376151654,0.07401042917461456,0.1358636467491069,0.0069377813542481626,0.10912346569569786,-2.007134690549475,2.0785169921401248
R2 = F2b/F3 · x1 déjà retourné,13,1874,960,914,0.25685307017543857,1.922325928288596,0.6830309498399146,-0.07117020138132191,-0.050586679111314224,-0.1971849392034847,0.01773087610524826,2,0.07564986610078561,0.009925091027620576,-0.06898572887049531,0.21744475740768504,2,0.0640399691552378,-0.014636781197006038,0.07099444983616035,0.18819688714615157,0.6996502684357897,0.5398577116710617,-3.062280582214667,3.5949602783073105
R2 = F2b/F3 · x1 déjà retourné,26,1874,960,914,0.25685307017543857,1.922325928288596,0.6830309498399146,-0.07198554755415959,0.09717441643631641,-0.1953364192118542,0.06126955486985585,3,0.16886865606919144,0.1442517391721932,-0.007856832018059555,0.3356514184712478,4,0.1561616545317691,0.21611762301407877,0.17376891179094375,0.3129256814146387,0.8041907747075312,0.8691542852559007,-4.547446283389537,5.410727739650386
R2 = F2b/F3 · x1 déjà retourné,48,1874,960,914,0.25685307017543857,1.922325928288596,0.6830309498399146,-0.03925505137486904,0.24721571748482005,-0.25124720502735903,0.16275470811802306,2,0.27531015928529906,0.20220150763022265,0.03430974998184712,0.5036646747275756,5,0.22792441393726987,0.25831629078261764,0.2981279076068195,0.4905495920340873,1.3935277965539123,0.5743226147971807,-6.824636902127756,7.649651883991084
↳ F3 · x1 déjà retourné,6,1087,573,514,0.14898574561403508,2.2798210652247315,0.7368905243790248,-0.0675821428392985,0.02617193633639063,-0.19747475386820632,0.06230088141778512,2,0.023770606483988595,-0.039354888396631545,-0.10744000681013388,0.151792696671447,4,-0.0053001439468070965,-0.06558983367331275,0.05811095974002602,0.1286631076046565,0.0841097560615256,0.14320224920957525,-2.0980227661969373,2.2229987647421257
↳ F3 · x1 déjà retourné,13,1087,573,514,0.14898574561403508,2.2798210652247315,0.7368905243790248,-0.12197370080096831,-0.04971427783415911,-0.27675604890387107,0.022000525144014817,1,0.04009476531067775,0.0002195437468097937,-0.14607525190657789,0.2196297398934559,3,0.03461882150338696,-0.059897429267924684,0.04514489632686327,0.19748057175050127,0.6704804607634172,0.705766429486105,-3.2415197413261567,3.9168741103211695
↳ F3 · x1 déjà retourné,26,1087,573,514,0.14898574561403508,2.2798210652247315,0.7368905243790248,-0.13839868039848455,0.033838780534711406,-0.3626416999550043,0.05037515499294472,1,0.08399247974263331,0.028750411033070685,-0.180696220972861,0.32872602564737663,4,0.0686511102575732,0.01574011854839813,0.20439406360350812,0.2546717966229332,0.34877203353500885,0.5739861343673622,-4.966349736937431,5.383373137204826
↳ F3 · x1 déjà retourné,48,1087,573,514,0.14898574561403508,2.2798210652247315,0.7368905243790248,0.03817520815178451,-0.04241308532387874,-0.2054068454701562,0.24034576622546716,3,0.2532303929615994,-0.14620057834220157,-0.06350019685728651,0.5698756709511343,4,0.22738996125201785,-0.11216556151350623,0.6244502272555441,0.4407976819986348,0.0600482693638158,1.4792366709705966,-7.019272740426592,7.669417896868029
↳ F2b · x1 déjà retourné,6,787,387,400,0.10786732456140351,1.5338218521484834,0.6086404066073697,-0.02166135866739198,0.03510673788315928,-0.11710954757368792,0.06745200396436896,3,0.046313015797856974,-0.053142766740798,-0.09123850198938115,0.19340770864800744,4,0.01903733835593247,-0.05683530270361084,0.09444124739806087,0.14995192435505914,-0.05460936231834346,0.15649433738828922,-1.881650646080559,1.932783825096367
↳ F2b · x1 déjà retourné,13,787,387,400,0.10786732456140351,1.5338218521484834,0.6086404066073697,-0.013263789183443411,-0.03757469843103499,-0.2222630285278755,0.11445739989875438,3,0.1257651181124682,0.02682366677985633,-0.06528465081879245,0.3179237624165205,3,0.10636103446411904,0.05237704656691229,0.10421112609560718,0.1813978621848472,0.6595154947724402,0.3412866789998339,-2.685567283374048,3.266560021485463
↳ F2b · x1 déjà retourné,26,787,387,400,0.10786732456140351,1.5338218521484834,0.6086404066073697,0.04415186604692305,0.20774690550766123,-0.13085283315223542,0.2572406258385499,3,0.29757176333351254,0.3122316036361279,0.04396834156709841,0.5588005784444953,5,0.2871616191620474,0.5128005947423345,0.1344921545913301,0.40623293277078243,1.4535010760848017,0.7154543517221281,-4.359180250188056,5.385525586865823
↳ F2b · x1 déjà retourné,48,787,387,400,0.10786732456140351,1.5338218521484834,0.6086404066073697,-0.053372581842178524,0.5937230142415445,-0.3849527049400836,0.3172522693378314,4,0.3398029740182714,0.6862515904829839,-0.09970568988932751,0.7932976343721365,3,0.25871031533354316,0.8068591883683512,-0.1214293605129694,0.5997032276279961,2.522714952575817,-0.36759222421916515,-6.514443734771784,7.61504394113132
↳ R2 hors nis_z_100 Q4,6,1452,768,684,0.19901315789473684,1.7765374343496592,0.6515151515151515,-0.02973387427712115,0.02408631525647201,-0.12130496788881343,0.05379375178850791,3,0.04829014951216514,-0.012881136440161138,-0.06658200501441901,0.15787571956374527,3,0.014470076404381376,-0.014596538688665804,0.056156750811732166,0.1453771588401569,0.019830165589608262,0.07834995611388673,-1.9433771115294722,2.0006434575611887
↳ R2 hors nis_z_100 Q4,13,1452,768,684,0.19901315789473684,1.7765374343496592,0.6515151515151515,-0.0480525357426502,-0.0480525357426502,-0.19357666709155494,0.05512855301549237,3,0.11275359511761064,0.03318437234157269,-0.0396307072005649,0.2630493961872023,3,0.08790081161598859,0.0457262291337711,0.08483889753903326,0.20911257849846823,0.8024714576397134,0.512922622647185,-3.051457238829969,3.6509729860859577
↳ R2 hors nis_z_100 Q4,26,1452,768,684,0.19901315789473684,1.7765374343496592,0.6515151515151515,-0.06581360059941331,0.14207188449804398,-0.20247386320983335,0.11136532938709649,2,0.2828919012023623,0.2445413242486726,0.06925583905531371,0.4818029852127863,4,0.26121199773340403,0.430430453223729,0.18750257184763516,0.4153638715662864,1.5405538607904248,0.8404880673907771,-4.384390538207171,5.675141826256575
↳ R2 hors nis_z_100 Q4,48,1452,768,684,0.19901315789473684,1.7765374343496592,0.6515151515151515,-0.07906042842276967,0.20741034043691942,-0.31729327337155316,0.21987458784715455,3,0.24307628270351095,0.3491059551204732,-0.04412014061149368,0.5208908751086735,5,0.19670413909949203,0.3729868616910801,0.11898958353478084,0.49648610242741753,1.6040627968617995,0.10232963956411556,-7.127609246515068,7.755233663145562
"R3 = F1 · x1 déjà retourné, F2a, F4",6,2347,1218,1129,0.3216831140350877,2.420261308885366,0.7750319556881125,-0.0651298582653767,0.0209809346284513,-0.1253452496132039,0.005848165682809776,2,0.0013120520029620331,-0.0029332447765402898,-0.07160487744363894,0.07240170092667707,3,0.0001433758408595099,-0.051626744534248065,-0.0007692383610917878,0.03794804916121538,0.042922341289980626,0.290281798808812,-1.7157573927491114,1.9065778022262694
"R3 = F1 · x1 déjà retourné, F2a, F4",13,2347,1218,1129,0.3216831140350877,2.420261308885366,0.7750319556881125,-0.08999499684850765,0.059858426573490026,-0.16662882763033313,-0.012558141789047947,2,-0.0030542638821448656,0.07135724343330183,-0.09496652328970655,0.09313864680902867,2,-0.009580188837896114,-0.031908758774255266,-0.06914183255245139,0.03706825890660422,0.0009870985724789172,-0.11664758972786693,-2.8199883231578804,2.7945785954726765
"R3 = F1 · x1 déjà retourné, F2a, F4",26,2347,1218,1129,0.3216831140350877,2.420261308885366,0.7750319556881125,-0.10759129320454225,0.005450290871169501,-0.2183688033005787,-0.02137681560697119,0,-0.15284755946549294,0.08191341731807344,-0.2957903690340915,-0.009268634850177008,1,-0.15308867840969773,-0.16793691437472538,-0.0856089818896209,-0.1482901763166177,-0.26534423679960417,-0.136437659183823,-4.239095060489948,4.038333492680358
"R3 = F1 · x1 déjà retourné, F2a, F4",48,2347,1218,1129,0.3216831140350877,2.420261308885366,0.7750319556881125,-0.08239513123836295,0.13329886126263787,-0.24553693685887082,0.04278759683483437,1,-0.2854876765601782,0.2898772872967695,-0.4822436135304349,-0.07473047454963157,0,-0.28116803533642987,-0.2148057653963128,-0.3503457079052046,-0.27296015641764,-0.1757038538758433,-1.7903636210323004,-6.415807337145885,5.529093485006483
↳ F1 · x1 déjà retourné,6,568,258,310,0.07785087719298246,1.7019387957489804,0.6514084507042254,-0.034669900081137434,0.062026593413385026,-0.1582522698210899,0.06586550316728461,1,-0.042287549278275355,0.017484493299173603,-0.19384918330621734,0.14484176303362944,1,-0.08488606854592931,-0.07480860773977155,-0.06478657771804307,-0.04992629375975109,-0.196414850032399,-0.15579201457838243,-1.7819091329787589,1.632173391727392
↳ F1 · x1 déjà retourné,13,568,258,310,0.07785087719298246,1.7019387957489804,0.6514084507042254,-0.06693727892755727,0.011699326900120068,-0.2702099173883421,0.07002790725924385,3,-0.14614961433347923,0.0841627898395081,-0.36958736985815804,0.09099400056572153,2,-0.14651340256910172,-0.16219856281938333,-0.225042729409992,-0.17570775349029785,-0.6192797695090078,-1.1680554601053386,-3.1948575677273627,2.2407501387395277
↳ F1 · x1 déjà retourné,26,568,258,310,0.07785087719298246,1.7019387957489804,0.6514084507042254,-0.1527637171493929,0.047987632718818785,-0.41384382013246485,0.01518687355592397,1,-0.1846105647830119,0.28686514886408276,-0.5044452436215394,0.15680114482316365,2,-0.23971520292689844,0.005251811853764984,-0.3223237187531492,-0.31237494374546093,-0.16676014934700767,-0.35993296818092313,-4.1132384060352765,3.8308221754818343
↳ F1 · x1 déjà retourné,48,568,258,310,0.07785087719298246,1.7019387957489804,0.6514084507042254,-0.07541772643402554,0.055701539432588196,-0.38418066122461625,0.25650755254533697,2,-0.36042193498195396,0.5280816198507894,-0.8081867884049126,0.07348412376798504,2,-0.3252355837496138,-0.05153569126406862,-0.6634842988810002,-0.48138786035845577,-0.07857524011106509,-2.3919026846759923,-7.079067994486894,5.5549733574988895
↳ F2a,6,1303,702,601,0.17859100877192982,2.3690205248563925,0.7835763622409824,-0.01839166027134137,0.05306780806331397,-0.11262108803333361,0.055796858616745146,3,-0.006087459086121772,-0.010701302519627587,-0.11433902625944975,0.09793776499797219,3,0.01286224574831985,-0.06679431336641917,-0.00040069170708829493,0.02268032704229664,-0.09049161766251324,0.5134373072503899,-1.718729041573405,1.8569175613029392
↳ F2a,13,1303,702,601,0.17859100877192982,2.3690205248563925,0.7835763622409824,-0.04306254522942288,0.12621888739052653,-0.14960909441693873,0.056989934167211195,3,0.042164967565305495,0.06762019795470949,-0.07799136751594117,0.16644585582661206,2,0.04557562632935123,0.009573427194602746,-0.020185555626408676,0.06827610656573206,-0.00514066983401662,0.20629579940669673,-2.7696416531526893,2.7915831943850296
↳ F2a,26,1303,702,601,0.17859100877192982,2.3690205248563925,0.7835763622409824,-0.01823088616062725,0.012695160198101855,-0.12138852699087752,0.11242617381105192,4,-0.16227999440484658,0.07948132806119007,-0.36095970916876985,0.04071509479168736,0,-0.15002678417535054,-0.17980143857096237,-0.09260932757209117,-0.16877765980518836,-0.3526012294962486,-0.507477353714,-4.3760911050477,3.875378698024838
↳ F2a,48,1303,702,601,0.17859100877192982,2.3690205248563925,0.7835763622409824,0.04592344713959315,0.21681657455760064,-0.13157933785307602,0.21039910668496337,3,-0.22149682732002032,0.3443720654623717,-0.49411136887742396,0.06329856915925694,2,-0.22368763337635733,-0.09632013799055268,-0.34084963683064895,-0.21541280255349865,0.0238392052651184,-2.1703450725936957,-6.516394900301997,5.547079110404304
↳ F4,6,476,258,218,0.06524122807017543,3.388737260025558,0.8991596638655462,-0.1975344748319105,-0.09322905524596177,-0.3398074160993447,-0.026928179180775773,1,0.07854682791349554,-0.015716260891689288,-0.07801003092571651,0.22835677053974965,4,0.07268021900718104,0.012825015261136448,0.08924855366459072,0.19078887674538303,1.10308543991103,0.5333125748096119,-1.605345024847166,2.3666450111835684
↳ F4,13,476,258,218,0.06524122807017543,3.388737260025558,0.8991596638655462,-0.2283262879127469,-0.009256422518766252,-0.3976624018611233,-0.031641041216777584,2,0.049019230800415155,0.03670341888060508,-0.18151724931193786,0.2857028584746153,5,0.009728501709635486,-0.014489088644391995,0.01758548668280538,0.21256237165544412,0.7871455786283112,0.33853124628855147,-2.753786660665614,3.235921344816621
↳ F4,26,476,258,218,0.06524122807017543,3.388737260025558,0.8991596638655462,-0.43994975638671824,-0.2088061178931236,-0.5878622930146167,-0.14876469306620926,1,-0.045344742613227726,-0.16649558318222324,-0.4006563463686789,0.3059943872803135,3,-0.02087267159094018,-0.30884309802275683,0.270302835462941,0.1279619459250449,0.4744101137974921,1.2700621527992877,-3.703363579161129,4.776037831723502
↳ F4,48,476,258,218,0.06524122807017543,3.388737260025558,0.8991596638655462,-0.5102793278490363,-0.026667993738262508,-0.7676403731578936,-0.224267169134541,0,-0.3187636331741828,-0.16250795595342177,-0.831588133742882,0.18088269875253105,3,-0.34160406940275156,-0.7004669652605087,0.06876357873098204,-0.11518064135213685,-0.969089673442185,-0.3503289743664961,-5.64611950921446,5.34336082305558
Hors R1-R3,6,1140,583,557,0.15625,1.4396172668814928,0.5780701754385965,0.007890829274119257,0.04448719610229448,-0.09040912446690076,0.07666673573437616,2,-0.007526350451981197,0.12238227356167419,-0.10710931926619327,0.10108938452798277,3,0.0023042111857667982,0.06485037134902319,-0.1349231591542495,0.03759281471773589,0.2584950395688175,-0.31945801799406826,-1.7737809368086273,1.7631693141138332
Hors R1-R3,13,1140,583,557,0.15625,1.4396172668814928,0.5780701754385965,-0.014191049609528397,0.0996279352828792,-0.13059967431618236,0.1040910883128146,3,0.11279218370739792,0.14210598753032772,-0.06445982140630926,0.2871122655211005,3,0.08581217668818131,0.15468643291231338,-0.02404412905993447,0.18383537484593876,0.7463935853398493,0.19272837187697123,-2.6541993470070255,3.125004097593928
Hors R1-R3,26,1140,583,557,0.15625,1.4396172668814928,0.5780701754385965,-0.01064004404637682,0.11543424141285917,-0.1400229474848231,0.12659556638983877,3,-0.012874036852106974,0.19466679176291857,-0.2681214882091175,0.24233245544406756,2,-0.03986085511900074,0.08478998268350572,-0.05838883372108006,0.13427411307174428,0.3569254043624124,-0.15399077999731148,-4.612386033628626,4.626178432074085
Hors R1-R3,48,1140,583,557,0.15625,1.4396172668814928,0.5780701754385965,-0.0315903896783227,0.21178346082580707,-0.279019611459308,0.21214699311519247,3,-0.03229777766737116,0.36462510112302404,-0.449121969359082,0.3509801284964424,3,0.006426798479570339,0.11313194732274884,-0.1719036228386521,-0.018447905603126563,1.4036646113951248,-1.391518696484428,-6.9718882434333285,6.666172500360609
nis_z_100 Q4,6,1824,894,930,0.25,2.6032020921353993,0.7900219298245614,-0.15679084170075955,0.010490660051449913,-0.2230387646906896,-0.10156096789819813,0,-0.07102634041260615,-0.06784295421699447,-0.14566625294931274,0.00028646416178279934,1,-0.06553857222418509,-0.18887484639027044,-0.008197921336205791,-0.028400948517686292,-0.13338599450127275,0.3119805929340862,-1.8685787831195653,1.9809844068428617
nis_z_100 Q4,13,1824,894,930,0.25,2.6032020921353993,0.7900219298245614,-0.11360456394843516,0.04477341696145575,-0.20188868589589393,-0.016005519629810717,1,-0.08240402274789513,-0.0003276777712546211,-0.19067366123301935,0.03849726649526092,2,-0.07083846020366111,-0.182943438844562,-0.0768066702136452,-0.05681668533268029,-0.17518553434722062,0.22771666259743117,-2.970815953708691,3.048781360466852
nis_z_100 Q4,26,1824,894,930,0.25,2.6032020921353993,0.7900219298245614,-0.18183939884887984,0.028889379915145577,-0.3043395541500396,-0.04087699779929914,2,-0.2472802578948656,-0.007285865209094661,-0.39218142658856114,-0.08751562388821979,1,-0.2380202500896494,-0.3515688953312661,-0.09084239779182546,-0.2867837954026649,-0.6526362845550295,-0.06183009411186813,-4.482308364839505,4.1952634801306505
nis_z_100 Q4,48,1824,894,930,0.25,2.6032020921353993,0.7900219298245614,-0.14591319972725436,0.2177974166819222,-0.30835367261977337,0.04494347959383996,0,-0.0231412463840444,0.05676814567286256,-0.1844141366268918,0.157048849390205,4,-0.045894285442765526,-0.18556847684408592,0.14510986389483616,-0.11415277899270185,-0.22181967069804376,0.21844445778470334,-5.653336120835225,5.648601264930328
F3 (famille entière),6,1315,705,610,0.18023574561403508,2.231920445543856,0.7323193916349809,-0.08579071944336739,0.04732223344499618,-0.2003976295211326,0.030631811854293388,2,-0.005157556179878934,-0.026393983527079147,-0.12836888557689252,0.11958734623397092,1,-0.023999488760666845,-0.08155709146762788,0.016221892206606102,0.10381366820058055,0.1228538503008294,0.08535196532227562,-2.084167054888606,2.199896656369761
F3 (famille entière),13,1315,705,610,0.18023574561403508,2.231920445543856,0.7323193916349809,-0.10645546822350112,-0.016505192076092037,-0.26747741320158563,0.016732018794486745,2,0.006471572991081729,0.022700282631093208,-0.16774133978752345,0.18385767489730429,3,0.010373104224640287,-0.0710398827032373,-0.01095903487701617,0.1504638295021286,0.45902129052587304,0.4145522152976815,-3.2077705748302017,3.6214690760229953
F3 (famille entière),26,1315,705,610,0.18023574561403508,2.231920445543856,0.7323193916349809,-0.11578713400984236,0.03965291225536971,-0.33278392427699843,0.0575056482743737,1,0.057575388186400525,0.025317616016920976,-0.16618585466362398,0.27801757495255386,3,0.060567218001203266,-0.014109768023984365,0.18140976706342504,0.226335190454169,0.44520587399035794,0.7146806055882058,-4.794775051811037,5.267544988472994
F3 (famille entière),48,1315,705,610,0.18023574561403508,2.231920445543856,0.7323193916349809,0.030853161435825102,-0.04973513203983815,-0.2056475407411754,0.25528491208222565,3,0.2955126052144557,-0.032219919964023014,-0.025836032519879162,0.6106129700353463,4,0.269354795189945,0.04409730911752863,0.5527517811302218,0.4569892029879927,0.6423051739007519,1.252485486238247,-6.87901047656759,7.581562330655484
F3 pur,6,767,373,394,0.10512609649122807,2.4585601529682535,0.757496740547588,-0.10505022973870387,-0.0309593340350005,-0.23676297442351366,0.020527958608775758,3,-0.048948448992606586,-0.08966564017255507,-0.21702585086785645,0.12519515274926085,2,-0.0718172953718136,-0.18861964092583147,0.03570265603935437,0.06732759545988892,-0.16810483097520823,0.17218421378836535,-2.17107307644262,2.1996453772218185
F3 pur,13,767,373,394,0.10512609649122807,2.4585601529682535,0.757496740547588,-0.24449280818895397,-0.07216416188600916,-0.43095168955366175,-0.038228400916970585,1,-0.054103496465907674,-0.05254618364963691,-0.29679710964379935,0.18059509051687903,4,-0.05088057537901936,-0.20686141844095682,0.003712361946724551,0.1366004552734829,0.25291348846605954,0.4339708028281546,-3.153470581678003,3.529438799797483
F3 pur,26,767,373,394,0.10512609649122807,2.4585601529682535,0.757496740547588,-0.29133972861188395,-0.057932185658770216,-0.48576772244826827,-0.05058759280978885,1,-0.07998576366244656,-0.0424977871312147,-0.3764069429525856,0.20577763832930754,3,-0.09283459319247683,-0.21948632302096713,0.11166401836271361,0.12352391826249148,-0.2499577499005916,0.5632038456395483,-5.034413171926859,5.186255861830267
F3 pur,48,767,373,394,0.10512609649122807,2.4585601529682535,0.757496740547588,-0.0354887687012997,-0.01954846434853995,-0.36733635316063545,0.27129655659093155,2,0.2544103856149458,-0.019185501943843414,-0.13439384582449723,0.6264997973584503,4,0.21915352560181411,0.016029507538198318,0.4986151435105324,0.33775040413435725,0.8459721835889082,0.7235304251945545,-6.6517070771116344,7.450607250119553
