,obs_lag_seg_bars,obs_dist_seg_atr,obs_lag_cycle_bars,obs_dist_cycle_atr,x1_already_flipped_at_t,prev_seg_len,prev_seg_extreme_abs,saturation,leg_atr,peak_bps_vol,nis_z_100,nis_z_100_seg_max,A_vol,log_R_rel,n_short_seg_48,gap_prev_any_bars,gap_prev_same_bars,gap_prev_opp_bars,atr14_bps
obs_lag_seg_bars,1.0,0.09319331640552919,0.8137792055771795,0.10362763714138147,-0.04481716500102494,-0.0563339287617827,-0.04150586268021433,-0.0061910007885315746,0.03464636707565073,0.025876798961101503,0.06491370310979001,0.18200338475629907,0.053040318677926926,0.16919750123702032,0.03338959144528544,-0.05328852826564933,-0.06130546577830565,-0.03017906453885543,0.04568055178762719
obs_dist_seg_atr,0.09319331640552919,1.0,-0.004110167306586838,0.9593560428340276,0.44118900345410267,-0.09907716102977986,0.0346960842447291,0.10255075330432138,0.2936486091839324,-0.175421265385273,0.6297629001639742,0.24703234499511909,-0.03211122488487683,0.22485492659941864,0.009104309151063781,-0.05134155791574157,-0.1158663324867555,-0.010035895047988937,0.08008254466799435
obs_lag_cycle_bars,0.8137792055771795,-0.004110167306586838,1.0,0.10233498251156713,0.0007557844897427863,-0.16974740264767696,-0.1430897881065714,-0.10410432888441043,-0.15045214216187378,-0.10705199256414137,-0.02734449290737606,0.03479416446010908,-0.07043699614844431,0.04624046235156485,0.06761734772752712,-0.08874966155591477,-0.07537696245804067,-0.05734656798651648,0.021137132282103815
obs_dist_cycle_atr,0.10362763714138147,0.9593560428340276,0.10233498251156713,1.0,0.45149192049407716,-0.15906532080852342,-0.02392030809544176,0.05480004120298845,0.21705639956613312,-0.23854874938424,0.5853112068860203,0.1929529514169574,-0.08714417771224944,0.19307733660622192,0.028840557059188306,-0.07374730337033056,-0.13356325097942598,-0.025585398651754306,0.07249520755336582
x1_already_flipped_at_t,-0.04481716500102494,0.44118900345410267,0.0007557844897427863,0.45149192049407716,1.0,-0.12276342910139228,-0.10619385220526309,-0.11730099538394108,-0.07953028073157592,-0.30464188120008623,0.2438914239440171,-0.1177286178936147,-0.2600557302574289,-0.15044377875582227,0.0166005138410134,-0.05203510308804443,-0.062375796284929175,-0.02342512553464024,-0.016623071865682675
prev_seg_len,-0.0563339287617827,-0.09907716102977986,-0.16974740264767696,-0.15906532080852342,-0.12276342910139228,1.0,0.36233930268404135,0.3215065534640255,0.6645031959678218,0.3732241735074475,0.21785565047646896,0.34446149196591436,0.1093262347598507,0.5531957663879158,-0.028871641827307285,0.8245927872831091,0.3890412935608903,0.6851576409975344,0.11114471517194922
prev_seg_extreme_abs,-0.04150586268021433,0.0346960842447291,-0.1430897881065714,-0.02392030809544176,-0.10619385220526309,0.36233930268404135,1.0,0.672292694181387,0.29001674134643574,0.40749812520149725,0.2812844964196472,0.33176953655532393,0.37635024334012385,0.3253376102506105,0.01956213400165997,0.32133181680599826,0.1695525194460934,0.27986320929278546,0.06244308772797183
saturation,-0.0061910007885315746,0.10255075330432138,-0.10410432888441043,0.05480004120298845,-0.11730099538394108,0.3215065534640255,0.672292694181387,1.0,0.36599288177522865,0.39588662730119756,0.39071351313618535,0.40347178828701324,0.43358400237394856,0.43020048989889437,0.05827014599722164,0.32199923961306115,0.11386085843998173,0.29911747523727195,0.10040246195163657
leg_atr,0.03464636707565073,0.2936486091839324,-0.15045214216187378,0.21705639956613312,-0.07953028073157592,0.6645031959678218,0.29001674134643574,0.36599288177522865,1.0,0.293710842361403,0.3596542904444938,0.5454414438811163,0.1629833210279564,0.6737939270885999,-0.03621568844003801,0.5674124730719586,0.2201490361124808,0.49024695521673156,0.16273094154568424
peak_bps_vol,0.025876798961101503,-0.175421265385273,-0.10705199256414137,-0.23854874938424,-0.30464188120008623,0.3732241735074475,0.40749812520149725,0.39588662730119756,0.293710842361403,1.0,0.23925945411165112,0.4173565322679211,0.8609651592051769,0.28181547309437505,-0.14143569434148803,0.16862415956351012,0.21865636817673095,0.05489436665520067,0.04413529632669766
nis_z_100,0.06491370310979001,0.6297629001639742,-0.02734449290737606,0.5853112068860203,0.2438914239440171,0.21785565047646896,0.2812844964196472,0.39071351313618535,0.3596542904444938,0.23925945411165112,1.0,0.6363238023031891,0.30508010640090677,0.5535525464124043,-0.043430121391131137,0.14651126196976824,0.1320109225420537,0.11717453442722756,0.24395759616773446
nis_z_100_seg_max,0.18200338475629907,0.24703234499511909,0.03479416446010908,0.1929529514169574,-0.1177286178936147,0.34446149196591436,0.33176953655532393,0.40347178828701324,0.5454414438811163,0.4173565322679211,0.6363238023031891,1.0,0.36637790865373004,0.7377203290355692,-0.0555935764533569,0.22723143367482895,0.16938800443728064,0.18091468564923993,0.3053358482066383
A_vol,0.053040318677926926,-0.03211122488487683,-0.07043699614844431,-0.08714417771224944,-0.2600557302574289,0.1093262347598507,0.37635024334012385,0.43358400237394856,0.1629833210279564,0.8609651592051769,0.30508010640090677,0.36637790865373004,1.0,0.16587525085940594,-0.11775706769323131,-0.04434688689034344,0.09768289109060643,-0.11797622933685901,0.018985821813537727
log_R_rel,0.16919750123702032,0.22485492659941864,0.04624046235156485,0.19307733660622192,-0.15044377875582227,0.5531957663879158,0.3253376102506105,0.43020048989889437,0.6737939270885999,0.28181547309437505,0.5535525464124043,0.7377203290355692,0.16587525085940594,1.0,0.03557618979447655,0.4811302968423885,0.12224885198574699,0.46295505099279455,0.2862532904367669
n_short_seg_48,0.03338959144528544,0.009104309151063781,0.06761734772752712,0.028840557059188306,0.0166005138410134,-0.028871641827307285,0.01956213400165997,0.05827014599722164,-0.03621568844003801,-0.14143569434148803,-0.043430121391131137,-0.0555935764533569,-0.11775706769323131,0.03557618979447655,1.0,0.21277630902834072,0.1092919474365557,0.2648177488779213,-0.03460495375843433
gap_prev_any_bars,-0.05328852826564933,-0.05134155791574157,-0.08874966155591477,-0.07374730337033056,-0.05203510308804443,0.8245927872831091,0.32133181680599826,0.32199923961306115,0.5674124730719586,0.16862415956351012,0.14651126196976824,0.22723143367482895,-0.04434688689034344,0.4811302968423885,0.21277630902834072,1.0,0.2804023967734283,0.9173715100809801,0.09148316657254212
gap_prev_same_bars,-0.06130546577830565,-0.1158663324867555,-0.07537696245804067,-0.13356325097942598,-0.062375796284929175,0.3890412935608903,0.1695525194460934,0.11386085843998173,0.2201490361124808,0.21865636817673095,0.1320109225420537,0.16938800443728064,0.09768289109060643,0.12224885198574699,0.1092919474365557,0.2804023967734283,1.0,0.04156136487782419,0.047776801301517596
gap_prev_opp_bars,-0.03017906453885543,-0.010035895047988937,-0.05734656798651648,-0.025585398651754306,-0.02342512553464024,0.6851576409975344,0.27986320929278546,0.29911747523727195,0.49024695521673156,0.05489436665520067,0.11717453442722756,0.18091468564923993,-0.11797622933685901,0.46295505099279455,0.2648177488779213,0.9173715100809801,0.04156136487782419,1.0,0.09104263541395821
atr14_bps,0.04568055178762719,0.08008254466799435,0.021137132282103815,0.07249520755336582,-0.016623071865682675,0.11114471517194922,0.06244308772797183,0.10040246195163657,0.16273094154568424,0.04413529632669766,0.24395759616773446,0.3053358482066383,0.018985821813537727,0.2862532904367669,-0.03460495375843433,0.09148316657254212,0.047776801301517596,0.09104263541395821,1.0
