groupe,H,ensemble,n,esperance_bps,esperance_atr,long_bps,short_bps,esperance_bps_lo,esperance_bps_hi,timing_bps_lo,timing_bps_hi
R2,26,1. course du contrôle,1353,2.21255,0.125915,6.85088,-2.73028,-9.57199,13.9917,-9.89233,13.4333
R2,26,2. dont trades nis_z_100 Q4,319,-21.9723,-0.399505,-19.754,-23.8923,-47.1443,1.74459,-47.5013,2.59997
R2,26,3. contrôle purgé a posteriori (éviction pure),1034,9.67384,0.288013,14.01,4.74637,-3.72812,23.1186,-3.56588,22.7979
R2,26,3b. dont trades absents de la course hors Q4,15,1.94167,-0.714486,18.6161,-17.1148,-131.097,147.618,-137.459,162.736
R2,26,4. course hors Q4,1080,12.3228,0.353872,14.2382,10.1009,-0.793041,26.4254,-0.933002,25.8578
R2,26,4a. dont trades communs avec 3,1019,9.78766,0.30277,13.942,5.06718,-3.38662,23.3068,-3.64518,23.1593
R2,26,4b. dont trades débloqués (absents de 3),61,54.6722,1.20753,18.4625,114.497,-3.39577,115.371,8.13084,132.594
↳ F2b · x1 déjà retourné,26,1. course du contrôle,676,6.9155,0.299541,11.5881,2.45899,-7.50478,21.1655,-7.67345,21.4067
↳ F2b · x1 déjà retourné,26,2. dont trades nis_z_100 Q4,43,-69.6491,-0.905931,16.2405,-111.113,-144.154,2.98421,-106.499,14.2906
↳ F2b · x1 déjà retourné,26,3. contrôle purgé a posteriori (éviction pure),633,12.1166,0.38143,11.382,12.8489,-3.45748,27.8935,-3.3143,27.8932
↳ F2b · x1 déjà retourné,26,3b. dont trades absents de la course hors Q4,0,,,,,,,,
↳ F2b · x1 déjà retourné,26,4. course hors Q4,639,11.494,0.388997,9.77107,13.2332,-2.84857,26.6663,-3.2156,26.7898
↳ F2b · x1 déjà retourné,26,4a. dont trades communs avec 3,633,12.1166,0.38143,11.382,12.8489,-3.45748,27.8935,-3.3143,27.8932
↳ F2b · x1 déjà retourné,26,4b. dont trades débloqués (absents de 3),6,-54.1849,1.18733,-92.0379,135.08,-214.671,113.621,-146.522,44.2632
↳ F3 · x1 déjà retourné,26,1. course du contrôle,902,0.27398,-0.0463195,1.64203,-1.30303,-17.4775,17.4266,-17.1488,16.6205
↳ F3 · x1 déjà retourné,26,2. dont trades nis_z_100 Q4,314,-10.2548,-0.26548,-11.6611,-8.96857,-37.5705,20.3941,-37.4476,20.3841
↳ F3 · x1 déjà retourné,26,3. contrôle purgé a posteriori (éviction pure),588,5.89649,0.0707155,7.63442,3.62697,-14.9255,24.9413,-16.0959,25.8704
↳ F3 · x1 déjà retourné,26,3b. dont trades absents de la course hors Q4,2,-144.345,-2.78558,-87.4721,-201.219,-201.219,-87.4721,-144.345,-144.345
↳ F3 · x1 déjà retourné,26,4. course hors Q4,601,9.31437,0.143554,10.7266,7.42412,-12.1646,28.381,-13.3675,29.2751
↳ F3 · x1 déjà retourné,26,4a. dont trades communs avec 3,586,6.40927,0.0804639,7.92089,4.43344,-14.9181,25.7353,-15.7658,26.0223
↳ F3 · x1 déjà retourné,26,4b. dont trades débloqués (absents de 3),15,122.807,2.60828,88.3502,260.635,41.61,192.982,75.1605,268.145
