palier,configuration,controle,mode,H,frais_bps,n_candidats,n_trades,part_ignores,trades_par_mois,pnl_compose,pnl_bps,pf,wr,esperance_bps,esperance_atr,mdd_valorise,mdd_sorties,mdd_bps,duree_mediane,brut_bps,frais_cumules_bps,part_frais,n_long,n_short,long_bps,short_bps,timing_bps,derive_bps,long_atr,short_atr,timing_atr,derive_atr,esperance_bps_lo,esperance_bps_hi,timing_bps_lo,timing_bps_hi,pnl_compose_r100,mdd_valorise_r100,mdd_sorties_r100,exposition_moyenne_r100,part_plafonnee_r100,pnl_compose_r25,mdd_valorise_r25,mdd_sorties_r25,exposition_moyenne_r25,part_plafonnee_r25,ecart_tous_long_bps,ecart_tous_short_bps,ecart_tous_long_atr,ecart_tous_short_atr,annees_pnl_pos,annees_timing_pos
1,Ancre native P6.5d,,1,native,5,7297,6037,0.172537,83.8472,-0.986701,-32232.4,0.907367,0.437635,-5.33914,-0.0774676,-0.99601,-0.995964,-47279.8,13,-2047.4,30185,14.7431,3018,3019,0.409301,-11.0857,-5.33819,5.74749,0.0315647,-0.186464,-0.0774496,0.109014,-10.8012,0.272223,-10.8012,0.278451,-0.977423,-0.993305,-0.993238,0.975852,0.903429,-0.757736,-0.864883,-0.864503,0.557516,0.122743,,,,,2,2
1,Ancre native P6.5d,,1,native,10,7297,6037,0.172537,83.8472,-0.999352,-62417.4,0.829165,0.409475,-10.3391,-0.201196,-0.999737,-0.999732,-72667,13,-2047.4,60370,29.4861,3018,3019,-4.5907,-16.0857,-10.3382,5.74749,-0.0924896,-0.309865,-0.201178,0.108688,-15.8012,-4.72778,-15.8012,-4.72155,-0.998817,-0.999486,-0.999474,0.975852,0.903429,-0.955009,-0.970339,-0.970075,0.557516,0.122743,,,,,1,1
1 et 2,Tous,Ancre native P6.5d,1,6,5,7296,7296,0,101.333,-0.957027,-26966.9,0.898582,0.469435,-3.69612,-0.0945654,-0.978423,-0.978276,-34427.5,6,9513.09,36480,3.83472,3628,3668,-2.82423,-4.5585,-3.69137,0.867135,-0.0717641,-0.117118,-0.0944411,0.022677,-6.49127,-0.894935,-6.48937,-0.883856,-0.959993,-0.976014,-0.975919,0.97566,0.902001,-0.813795,-0.853441,-0.853278,0.552369,0.117736,0,0,0,0,1,1
1 et 2,Tous,Ancre native P6.5d,1,6,10,7296,7296,0,101.333,-0.998884,-63446.9,0.778229,0.426398,-8.69612,-0.216872,-0.999236,-0.999217,-67566.6,6,9513.09,72960,7.66944,3628,3668,-7.82423,-9.5585,-8.69137,0.867135,-0.193757,-0.239734,-0.216746,0.0229884,-11.4913,-5.89494,-11.4894,-5.88386,-0.998864,-0.999081,-0.999069,0.97566,0.902001,-0.975198,-0.97697,-0.976922,0.552369,0.117736,0,0,0,0,0,0
1 et 2,Tous,Ancre native P6.5d,1,13,5,7296,4905,0.327714,68.125,-0.939895,-21159.4,0.920933,0.480122,-4.31385,-0.0740004,-0.96376,-0.963273,-27407.1,13,3365.55,24525,7.28706,2407,2498,-2.14841,-6.40041,-4.27441,2.126,-0.0195406,-0.126476,-0.0730084,0.0534678,-9.15662,0.101373,-9.16905,0.127208,-0.886368,-0.934024,-0.933556,0.974958,0.897859,-0.641927,-0.743064,-0.742452,0.544961,0.112334,0,0,0,0,2,2
1 et 2,Tous,Ancre native P6.5d,1,13,10,7296,4905,0.327714,68.125,-0.994839,-45684.4,0.837241,0.453007,-9.31385,-0.194037,-0.996201,-0.996095,-49529.6,13,3365.55,49050,14.5741,2407,2498,-7.14841,-11.4004,-9.27441,2.126,-0.137246,-0.248759,-0.193002,0.0557563,-14.1566,-4.89863,-14.169,-4.87279,-0.989618,-0.992665,-0.992464,0.974958,0.897859,-0.905971,-0.923439,-0.923277,0.544961,0.112334,0,0,0,0,0,0
1 et 2,Tous,Ancre native P6.5d,1,26,5,7296,3080,0.577851,42.7778,-0.983603,-33234.3,0.864417,0.48539,-10.7904,-0.138427,-0.990779,-0.990208,-39987,26,-17834.3,15400,0.863504,1532,1548,-2.48273,-19.0121,-10.7474,8.2647,0.0339534,-0.309026,-0.137536,0.17149,-20.5109,-2.89086,-20.3952,-2.87186,-0.960771,-0.979192,-0.977902,0.974359,0.896104,-0.738872,-0.780892,-0.779249,0.543158,0.113312,0,0,0,0,1,1
1 et 2,Tous,Ancre native P6.5d,1,26,10,7296,3080,0.577851,42.7778,-0.996495,-48634.3,0.807898,0.468506,-15.7904,-0.258117,-0.997568,-0.997432,-52653.1,26,-17834.3,30800,1.72701,1532,1548,-7.48273,-24.0121,-15.7474,8.2647,-0.0850466,-0.429398,-0.257222,0.172176,-25.5109,-7.89086,-25.3952,-7.87186,-0.99127,-0.994318,-0.993999,0.974359,0.896104,-0.886929,-0.901573,-0.900596,0.543158,0.113312,0,0,0,0,0,0
1 et 2,Tous,Ancre native P6.5d,1,48,5,7296,1866,0.744243,25.9167,-0.980751,-29865.5,0.858311,0.490354,-16.0051,-0.288824,-0.99213,-0.99149,-40173.5,48,-20535.5,9330,0.454335,884,982,-3.31121,-27.4322,-15.3717,12.0605,-0.125726,-0.435646,-0.280686,0.15496,-32.1237,0.262284,-31.2272,0.832318,-0.967392,-0.987309,-0.98634,0.974868,0.897106,-0.787405,-0.869213,-0.865888,0.543348,0.118435,0,0,0,0,1,1
1 et 2,Tous,Ancre native P6.5d,1,48,10,7296,1866,0.744243,25.9167,-0.992448,-39195.5,0.818188,0.479636,-21.0051,-0.408201,-0.99636,-0.99608,-47748.5,48,-20535.5,18660,0.908669,884,982,-8.31121,-32.4322,-20.3717,12.0605,-0.242035,-0.557784,-0.399909,0.157874,-37.1237,-4.73772,-36.2272,-4.16768,-0.986897,-0.994053,-0.993596,0.974868,0.897106,-0.872023,-0.912479,-0.910232,0.543348,0.118435,0,0,0,0,1,1
2,Tous hors R3,Tous,1,6,5,4949,4949,0,68.7361,-0.787614,-12567.6,0.92823,0.481511,-2.53942,-0.0855033,-0.896084,-0.895056,-20340.2,6,12177.4,24745,2.03204,2410,2539,-0.408359,-4.5622,-2.48528,2.07692,-0.050745,-0.118496,-0.0846204,0.0338753,-5.55896,0.591808,-5.4789,0.649167,-0.807532,-0.886375,-0.885292,0.978343,0.911295,-0.638029,-0.705027,-0.703711,0.562466,0.121843,2.41587,-0.00369987,0.0210191,-0.00137757,1,1
2,Tous hors R3,Tous,1,6,10,4949,4949,0,68.7361,-0.982144,-37312.6,0.802067,0.438877,-7.53942,-0.209988,-0.985344,-0.985264,-39920.2,6,12177.4,49490,4.06408,2410,2539,-5.40836,-9.5622,-7.48528,2.07692,-0.176822,-0.241468,-0.209145,0.0323227,-10.559,-4.40819,-10.4789,-4.35083,-0.982928,-0.985055,-0.984922,0.978343,0.911295,-0.910062,-0.914346,-0.914197,0.562466,0.121843,2.41587,-0.00369987,0.0169348,-0.00173386,0,0
2,Tous hors R3,Tous,1,13,5,4949,3652,0.262073,50.7222,-0.761105,-9375.96,0.951541,0.476451,-2.56735,-0.0615007,-0.858432,-0.858098,-16462.2,13,8884.04,18260,2.05537,1738,1914,-0.998392,-3.99204,-2.49521,1.49682,-0.0132375,-0.105326,-0.0592817,0.0460442,-7.69441,2.53221,-7.7822,2.73614,-0.617872,-0.812317,-0.811536,0.977639,0.906353,-0.472227,-0.622245,-0.620158,0.553794,0.114458,1.15002,2.40837,0.00630315,0.0211504,3,3
2,Tous hors R3,Tous,1,13,10,4949,3652,0.262073,50.7222,-0.961579,-27636,0.86405,0.450712,-7.56735,-0.183504,-0.969675,-0.969471,-30307,13,8884.04,36520,4.11074,1738,1914,-5.99839,-8.99204,-7.49521,1.49682,-0.135539,-0.227058,-0.181298,0.0457593,-12.6944,-2.46779,-12.7822,-2.26386,-0.935956,-0.955331,-0.954557,0.977639,0.906353,-0.808101,-0.838314,-0.837493,0.553794,0.114458,1.15002,2.40837,0.0017072,0.0217011,0,0
2,Tous hors R3,Tous,1,26,5,4949,2572,0.480299,35.7222,-0.900528,-16234.4,0.920135,0.486781,-6.31199,-0.115049,-0.95966,-0.958919,-26669.6,26,-3374.43,12860,3.81101,1217,1355,8.34797,-19.4789,-5.56547,13.9134,0.174486,-0.375096,-0.100305,0.274791,-14.5543,1.82998,-13.7118,2.58294,-0.852133,-0.9399,-0.938796,0.976312,0.903577,-0.552856,-0.719884,-0.717326,0.549451,0.111975,10.8307,-0.466771,0.140533,-0.0660702,2,2
2,Tous hors R3,Tous,1,26,10,4949,2572,0.480299,35.7222,-0.972558,-29094.4,0.861471,0.464619,-11.312,-0.235934,-0.983728,-0.9835,-34869,26,-3374.43,25720,7.62202,1217,1355,3.34797,-24.4789,-10.5655,13.9134,0.0512141,-0.493837,-0.221312,0.272526,-19.5543,-3.17002,-18.7118,-2.41706,-0.957931,-0.974959,-0.974692,0.976312,0.903577,-0.779502,-0.827831,-0.827381,0.549451,0.111975,10.8307,-0.466771,0.136261,-0.0644394,1,1
2,Tous hors R3,Tous,1,48,5,4949,1657,0.665185,23.0139,-0.412183,2822.58,1.01608,0.496077,1.70343,0.20046,-0.923984,-0.921891,-20662.5,48,11107.6,8285,0.745887,798,859,15.8186,-11.4094,2.20461,13.614,0.484529,-0.0634357,0.210547,0.273982,-11.5052,15.2311,-11.3066,15.6437,0.0080878,-0.880488,-0.87821,0.975745,0.902836,0.881173,-0.500663,-0.494133,0.552539,0.109837,19.1298,16.0228,0.610255,0.37221,5,5
2,Tous hors R3,Tous,1,48,10,4949,1657,0.665185,23.0139,-0.743526,-5462.42,0.9696,0.489439,-3.29657,0.0794609,-0.944554,-0.943088,-23812.5,48,11107.6,16570,1.49177,798,859,10.8186,-16.4094,-2.79539,13.614,0.360258,-0.181396,0.0894311,0.270827,-16.5052,10.2311,-16.3066,10.6437,-0.551011,-0.905849,-0.904008,0.975745,0.902836,0.190415,-0.543757,-0.539612,0.552539,0.109837,19.1298,16.0228,0.602293,0.376387,3,4
2,Tous hors nis_z_100 Q4,Tous,1,6,5,5472,5472,0,76,-0.709769,-9295.9,0.948586,0.483918,-1.69881,-0.0710153,-0.869334,-0.867277,-17922.9,6,18064.1,27360,1.51461,2734,2738,-0.0527055,-3.34251,-1.69761,1.6449,-0.0189007,-0.123054,-0.0709772,0.0520765,-4.91311,1.82997,-4.91012,1.83632,-0.787556,-0.871233,-0.86903,0.981646,0.921053,-0.598617,-0.673741,-0.673393,0.581432,0.14163,2.77153,1.21599,0.0528634,-0.00593556,2,2
2,Tous hors nis_z_100 Q4,Tous,1,6,10,5472,5472,0,76,-0.981212,-36655.9,0.812635,0.434942,-6.69881,-0.202045,-0.987527,-0.98744,-41109.1,6,18064.1,54720,3.02921,2734,2738,-5.05271,-8.34251,-6.69761,1.6449,-0.149797,-0.254216,-0.202007,0.0522094,-9.91311,-3.17003,-9.91012,-3.16368,-0.985541,-0.988707,-0.988629,0.981646,0.921053,-0.918264,-0.924258,-0.924048,0.581432,0.14163,2.77153,1.21599,0.04396,-0.0144821,1,1
2,Tous hors nis_z_100 Q4,Tous,1,13,5,5472,3946,0.278874,54.8056,-0.167195,2976.97,1.01532,0.487076,0.754428,0.00113737,-0.690187,-0.687674,-8646.93,13,22707,19730,0.868896,1936,2010,5.52256,-3.83816,0.8422,4.68036,0.0998505,-0.0939416,0.00295448,0.0968961,-4.99372,6.09804,-4.90879,6.22963,-0.0851474,-0.610599,-0.606709,0.98035,0.916118,-0.102411,-0.445471,-0.442645,0.568122,0.130258,7.67096,2.56226,0.119391,0.0325346,3,3
2,Tous hors nis_z_100 Q4,Tous,1,13,10,5472,3946,0.278874,54.8056,-0.884303,-16753,0.918154,0.459453,-4.24557,-0.12568,-0.947084,-0.94628,-24975.3,13,22707,39460,1.73779,1936,2010,0.522555,-8.83816,-4.1578,4.68036,-0.0254056,-0.222263,-0.123834,0.0984286,-9.99372,1.09804,-9.90879,1.22963,-0.86786,-0.92916,-0.928084,0.98035,0.916118,-0.707493,-0.776572,-0.775164,0.568122,0.130258,7.67096,2.56226,0.111841,0.0264959,1,1
2,Tous hors nis_z_100 Q4,Tous,1,26,5,5472,2633,0.518823,36.5694,-0.332117,2657.91,1.01379,0.50019,1.00946,0.000871832,-0.842825,-0.84084,-15591,26,15822.9,13165,0.832022,1313,1320,13.3076,-11.2234,1.04207,12.2655,0.247687,-0.244635,0.00152627,0.246161,-7.1582,8.97134,-7.25212,8.79437,-0.277215,-0.821181,-0.818923,0.978907,0.909229,-0.229342,-0.572575,-0.569827,0.56035,0.122294,15.7903,7.78869,0.213734,0.0643914,4,4
2,Tous hors nis_z_100 Q4,Tous,1,26,10,5472,2633,0.518823,36.5694,-0.821114,-10507.1,0.947329,0.478542,-3.99054,-0.123628,-0.927915,-0.926352,-22755.7,26,15822.9,26330,1.66404,1313,1320,8.30758,-16.2234,-3.95793,12.2655,0.124398,-0.370337,-0.12297,0.247367,-12.1582,3.97134,-12.2521,3.79437,-0.80093,-0.916824,-0.91502,0.978907,0.909229,-0.631569,-0.737473,-0.736176,0.56035,0.122294,15.7903,7.78869,0.209444,0.0590605,2,2
2,Tous hors nis_z_100 Q4,Tous,1,48,5,5472,1695,0.690241,23.5417,-0.198357,6371.38,1.03584,0.506785,3.75892,-0.158119,-0.626517,-0.617362,-7306.58,48,14846.4,8475,0.570846,812,883,21.2925,-12.3648,4.46384,16.8287,0.0890982,-0.385457,-0.14818,0.237278,-10.3976,17.3866,-9.39166,18.3051,-0.341747,-0.656305,-0.647252,0.978048,0.910914,-0.436512,-0.564138,-0.560611,0.559899,0.123304,24.6037,15.0673,0.214824,0.0501887,4,4
2,Tous hors nis_z_100 Q4,Tous,1,48,10,5472,1695,0.690241,23.5417,-0.656768,-2103.62,0.988443,0.493215,-1.24108,-0.281888,-0.776749,-0.770307,-10006.1,48,14846.4,16950,1.14169,812,883,16.2925,-17.3648,-0.536157,16.8287,-0.0351373,-0.508799,-0.271968,0.236831,-15.3976,12.3866,-14.3917,13.3051,-0.712891,-0.793157,-0.787189,0.978048,0.910914,-0.649563,-0.689173,-0.685663,0.559899,0.123304,24.6037,15.0673,0.206897,0.0489848,3,3
2,R1,Tous,1,6,5,1935,1935,0,26.875,-0.325274,-2803.16,0.957981,0.523514,-1.44866,-0.044173,-0.48526,-0.482333,-6084.93,6,6871.84,9675,1.40792,867,1068,0.790751,-3.26661,-1.23793,2.02868,0.0329648,-0.106793,-0.0369142,0.069879,-5.94951,3.10942,-5.66463,3.39204,-0.335913,-0.451714,-0.449696,0.978167,0.906977,-0.199472,-0.232582,-0.231115,0.537127,0.0971576,3.61498,1.29189,0.104729,0.0103249,2,2
2,R1,Tous,1,6,10,1935,1935,0,26.875,-0.74371,-12478.2,0.825534,0.485788,-6.44866,-0.159713,-0.75704,-0.756134,-13060.4,6,6871.84,19350,2.81584,867,1068,-4.20925,-8.26661,-6.23793,2.02868,-0.0819454,-0.222844,-0.152395,0.0704493,-10.9495,-1.89058,-10.6646,-1.60796,-0.742362,-0.755763,-0.754852,0.978167,0.906977,-0.523991,-0.534853,-0.533964,0.537127,0.0971576,3.61498,1.29189,0.111812,0.0168899,1,1
2,R1,Tous,1,13,5,1935,1801,0.0692506,25.0139,-0.570272,-5907.78,0.936657,0.497501,-3.28028,-0.0784685,-0.69752,-0.68245,-9958.25,13,3097.22,9005,2.90745,804,997,-2.68908,-3.75704,-3.22306,0.533982,-0.0255149,-0.121171,-0.0733431,0.0478281,-10.8387,4.31833,-11.0395,4.45103,-0.410367,-0.592836,-0.571622,0.977132,0.905053,-0.304174,-0.405655,-0.399738,0.535444,0.0971682,-0.540667,2.64337,-0.00597431,0.00530502,1,1
2,R1,Tous,1,13,10,1935,1801,0.0692506,25.0139,-0.825508,-14912.8,0.847724,0.466963,-8.28028,-0.193212,-0.860763,-0.854904,-17349.3,13,3097.22,18010,5.8149,804,997,-7.68908,-8.75704,-8.22306,0.533982,-0.138678,-0.237189,-0.187933,0.0492557,-15.8387,-0.681668,-16.0395,-0.548973,-0.75553,-0.81301,-0.80517,0.977132,0.905053,-0.570472,-0.617341,-0.612866,0.535444,0.0971682,-0.540667,2.64337,-0.00143153,0.0115697,0,1
2,R1,Tous,1,26,5,1935,1477,0.236693,20.5139,-0.907767,-19756,0.837714,0.511171,-13.3757,-0.235728,-0.927297,-0.926527,-22393,26,-12371,7385,0.596963,648,829,-3.75393,-20.8967,-12.3253,8.57141,-0.00657442,-0.414849,-0.210712,0.204137,-24.4928,-2.13575,-23.004,-1.53369,-0.874167,-0.900214,-0.899203,0.975831,0.900474,-0.625846,-0.651803,-0.650653,0.534094,0.098849,-1.2712,-1.88462,-0.0405278,-0.105823,1,2
2,R1,Tous,1,26,10,1935,1477,0.236693,20.5139,-0.955998,-27141,0.783585,0.494245,-18.3757,-0.350614,-0.960524,-0.960104,-28483,26,-12371,14770,1.19393,648,829,-8.75393,-25.8967,-17.3253,8.57141,-0.119542,-0.531234,-0.325388,0.205846,-29.4928,-7.13575,-28.004,-6.53369,-0.938871,-0.944877,-0.944291,0.975831,0.900474,-0.747892,-0.760951,-0.757438,0.534094,0.098849,-1.2712,-1.88462,-0.0344953,-0.101836,1,1
2,R1,Tous,1,48,5,1935,1128,0.417054,15.6667,-0.754114,-7737.57,0.939798,0.505319,-6.85955,-0.100339,-0.87009,-0.867307,-14494.5,48,-2097.57,5640,2.68883,500,628,2.16349,-14.0435,-5.94,8.10349,-0.0515735,-0.139164,-0.0953689,0.0437955,-22.9122,11.7973,-21.6659,13.1898,-0.711021,-0.844982,-0.843247,0.976785,0.902482,-0.333091,-0.534368,-0.531803,0.538386,0.0984043,5.4747,13.3887,0.0741524,0.296482,3,3
2,R1,Tous,1,48,10,1935,1128,0.417054,15.6667,-0.860271,-13377.6,0.898146,0.495567,-11.8595,-0.216884,-0.91884,-0.917184,-19116.8,48,-2097.57,11280,5.37766,500,628,-2.83651,-19.0435,-10.94,8.10349,-0.168706,-0.255242,-0.211974,0.0432679,-27.9122,6.79726,-26.6659,8.18978,-0.833593,-0.901995,-0.900898,0.976785,0.902482,-0.507831,-0.633792,-0.631774,0.538386,0.0984043,5.4747,13.3887,0.0733285,0.302542,1,2
2,R2,Tous,1,6,5,1874,1874,0,26.0278,-0.459767,-4942.84,0.92922,0.454642,-2.63759,-0.0971463,-0.687595,-0.687355,-10751.5,6,4427.16,9370,2.11648,960,914,-3.84734,-1.36695,-2.60715,-1.24019,-0.14628,-0.0455393,-0.0959099,-0.0503706,-7.8144,2.64679,-7.78022,2.70502,-0.46636,-0.672276,-0.672024,0.979833,0.917289,-0.345529,-0.450915,-0.450698,0.580088,0.139808,-1.02311,3.19155,-0.0745164,0.0715788,1,1
2,R2,Tous,1,6,10,1874,1874,0,26.0278,-0.788464,-14312.8,0.809582,0.409285,-7.63759,-0.22838,-0.848817,-0.848607,-17973,6,4427.16,18740,4.23296,960,914,-8.84734,-6.36695,-7.60715,-1.24019,-0.279733,-0.174442,-0.227087,-0.052646,-12.8144,-2.35321,-12.7802,-2.29498,-0.787057,-0.839829,-0.839606,0.979833,0.917289,-0.620059,-0.656077,-0.655937,0.580088,0.139808,-1.02311,3.19155,-0.0859762,0.0652924,1,1
2,R2,Tous,1,13,5,1874,1574,0.160085,21.8611,-0.513873,-5004.52,0.944268,0.456163,-3.17949,-0.0354452,-0.683768,-0.670614,-10016.6,13,2865.48,7870,2.74649,803,771,-2.44822,-3.94112,-3.19467,0.746448,-0.0620021,-0.00778603,-0.0348941,-0.027108,-12.0009,5.42758,-12.0212,5.21907,-0.432167,-0.666148,-0.649523,0.979926,0.915502,-0.204461,-0.428913,-0.420164,0.574949,0.132147,-0.299812,2.4593,-0.0424615,0.11869,2,2
2,R2,Tous,1,13,10,1874,1574,0.160085,21.8611,-0.778859,-12874.5,0.86328,0.43075,-8.17949,-0.164126,-0.812621,-0.809273,-14608.9,13,2865.48,15740,5.49297,803,771,-7.44822,-8.94112,-8.19467,0.746448,-0.192957,-0.134098,-0.163527,-0.0294292,-17.0009,0.427582,-17.0212,0.219067,-0.737542,-0.792613,-0.784644,0.979926,0.915502,-0.494085,-0.561141,-0.557665,0.574949,0.132147,-0.299812,2.4593,-0.0557104,0.114661,1,1
2,R2,Tous,1,26,5,1874,1353,0.278015,18.7917,-0.070794,2993.58,1.028,0.479675,2.21255,0.125915,-0.582415,-0.560541,-7113.21,26,9758.58,6765,0.693236,698,655,6.85088,-2.73028,2.0603,4.79058,0.226768,0.0184411,0.122605,0.104164,-9.57199,13.9917,-9.89233,13.4333,0.188489,-0.565617,-0.543105,0.979879,0.915743,0.309462,-0.266568,-0.252311,0.577121,0.134516,9.33361,16.2818,0.192815,0.327467,4,4
2,R2,Tous,1,26,10,1874,1353,0.278015,18.7917,-0.527783,-3771.42,0.965871,0.462676,-2.78745,-0.00275244,-0.709732,-0.694831,-9824.84,26,9758.58,13530,1.38647,698,655,1.85088,-7.73028,-2.9397,4.79058,0.0965151,-0.108537,-0.00601084,0.102526,-14.572,8.99169,-14.8923,8.43334,-0.38761,-0.674497,-0.657787,0.979879,0.915743,-0.113783,-0.414563,-0.403528,0.577121,0.134516,9.33361,16.2818,0.181562,0.320861,1,1
2,R2,Tous,1,48,5,1874,1050,0.439701,14.5833,-0.51652,-1938.03,0.983281,0.46381,-1.84575,0.0664145,-0.777137,-0.770397,-12099.1,48,3311.97,5250,1.58516,540,510,9.3892,-13.7416,-2.17619,11.5654,0.284486,-0.164485,0.0600006,0.224485,-18.7261,16.3545,-19.0451,15.4973,-0.334106,-0.73389,-0.726547,0.978147,0.911429,-0.0641099,-0.492809,-0.486089,0.572916,0.125714,12.7004,13.6906,0.410212,0.271162,3,3
2,R2,Tous,1,48,10,1874,1050,0.439701,14.5833,-0.714212,-7188.03,0.939478,0.452381,-6.84575,-0.0618292,-0.837345,-0.832767,-14943.1,48,3311.97,10500,3.17032,540,510,4.3892,-18.7416,-7.17619,11.5654,0.153671,-0.290006,-0.0681674,0.221839,-23.7261,11.3545,-24.0451,10.4973,-0.601738,-0.804566,-0.799604,0.978147,0.911429,-0.307278,-0.57593,-0.570549,0.572916,0.125714,12.7004,13.6906,0.395706,0.267777,2,2
2,↳ F2b · x1 déjà retourné,Tous,1,6,5,787,787,0,10.9306,-0.214959,-1996.44,0.924374,0.456163,-2.53677,-0.0863094,-0.4076,-0.400546,-4778.52,6,1938.56,3935,2.02986,387,400,-3.8534,-1.26294,-2.55817,-1.29523,-0.140644,-0.0337406,-0.0871924,-0.0534518,-9.83677,5.59862,-9.82431,5.40983,-0.207319,-0.402751,-0.39564,0.983569,0.930114,-0.151864,-0.240171,-0.239088,0.593031,0.155019,-1.02916,3.29557,-0.06888,0.0833776,2,2
2,↳ F2b · x1 déjà retourné,Tous,1,6,10,787,787,0,10.9306,-0.470467,-5931.44,0.792866,0.406607,-7.53677,-0.220114,-0.580471,-0.579147,-8293.56,6,1938.56,7870,4.05971,387,400,-8.8534,-6.26294,-7.55817,-1.29523,-0.275465,-0.166562,-0.221013,-0.0544513,-14.8368,0.598623,-14.8243,0.409833,-0.461841,-0.57549,-0.574149,0.983569,0.930114,-0.328461,-0.389984,-0.388952,0.593031,0.155019,-1.02916,3.29557,-0.0817075,0.0731718,1,1
2,↳ F2b · x1 déjà retourné,Tous,1,13,5,787,735,0.0660737,10.2083,0.0967814,1833.94,1.04996,0.466667,2.49516,0.0266272,-0.320746,-0.311719,-3317.3,13,5508.94,3675,0.667098,358,377,3.68676,1.3636,2.52518,1.16158,0.0565061,-0.00174583,0.0273801,0.029126,-7.43314,12.9366,-7.50472,13.1363,0.174568,-0.31164,-0.302618,0.983678,0.929252,0.0343258,-0.173781,-0.170831,0.589994,0.148299,5.83517,7.76402,0.0760468,0.12473,3,4
2,↳ F2b · x1 déjà retourné,Tous,1,13,10,787,735,0.0660737,10.2083,-0.240589,-1841.06,0.952434,0.440816,-2.50484,-0.105751,-0.456039,-0.446771,-5467.21,13,5508.94,7350,1.3342,358,377,-1.31324,-3.6364,-2.47482,1.16158,-0.0772405,-0.132825,-0.105033,0.0277923,-12.4331,7.93664,-12.5047,8.13632,-0.181793,-0.448645,-0.439351,0.983678,0.929252,-0.167344,-0.307062,-0.298901,0.589994,0.148299,5.83517,7.76402,0.0600056,0.115934,2,2
2,↳ F2b · x1 déjà retourné,Tous,1,26,5,787,676,0.141042,9.38889,0.346995,4674.88,1.09757,0.488166,6.9155,0.299541,-0.446079,-0.430707,-5260.27,26,8054.88,3380,0.419621,330,346,11.5881,2.45899,7.02354,4.56455,0.51671,0.0924153,0.304563,0.212147,-7.50478,21.1655,-7.67345,21.4067,0.518265,-0.405303,-0.392236,0.98284,0.927515,0.538491,-0.160281,-0.151312,0.588239,0.143491,14.0708,21.4711,0.482757,0.401441,4,4
2,↳ F2b · x1 déjà retourné,Tous,1,26,10,787,676,0.141042,9.38889,-0.0393484,1294.88,1.02607,0.473373,1.9155,0.167686,-0.494357,-0.475315,-5895.2,26,8054.88,6760,0.839243,330,346,6.58809,-2.54101,2.02354,4.56455,0.381253,-0.0360051,0.172624,0.208629,-12.5048,16.1655,-12.6734,16.4067,0.0891987,-0.4569,-0.443049,0.98284,0.927515,0.261261,-0.196265,-0.187878,0.588239,0.143491,14.0708,21.4711,0.466299,0.393393,4,4
2,↳ F2b · x1 déjà retourné,Tous,1,48,5,787,594,0.245235,8.25,-0.128919,1330.48,1.02178,0.478114,2.23986,0.193642,-0.576403,-0.566942,-7545.09,48,4300.48,2970,0.690621,289,305,17.0816,-11.8233,2.62915,14.4524,0.699042,-0.285245,0.206898,0.492143,-20.5513,25.315,-20.2853,26.3928,-0.0703212,-0.57721,-0.564297,0.981638,0.925926,0.165725,-0.315682,-0.308244,0.586795,0.141414,20.3928,15.6089,0.824768,0.150401,3,4
2,↳ F2b · x1 déjà retourné,Tous,1,48,10,787,594,0.245235,8.25,-0.35293,-1639.52,0.973844,0.459596,-2.76014,0.0622183,-0.624348,-0.620715,-7815.09,48,4300.48,5940,1.38124,289,305,12.0816,-16.8233,-2.37085,14.4524,0.566674,-0.415774,0.0754499,0.491224,-25.5513,20.315,-25.2853,21.3928,-0.305594,-0.604173,-0.597067,0.981638,0.925926,-0.0206778,-0.339949,-0.332903,0.586795,0.141414,20.3928,15.6089,0.808708,0.14201,3,3
2,↳ F3 · x1 déjà retourné,Tous,1,6,5,1087,1087,0,15.0972,-0.311842,-2946.4,0.932166,0.453542,-2.71058,-0.104992,-0.54109,-0.539353,-7150.78,6,2488.6,5435,2.18396,573,514,-3.84325,-1.4479,-2.64557,-1.19768,-0.150087,-0.0547212,-0.102404,-0.047683,-10.0595,4.12515,-10.0305,4.49942,-0.326791,-0.513454,-0.511613,0.977129,0.908004,-0.228341,-0.322739,-0.321515,0.570718,0.128795,-1.01902,3.11061,-0.0783231,0.0623969,1,1
2,↳ F3 · x1 déjà retourné,Tous,1,6,10,1087,1087,0,15.0972,-0.600523,-8381.4,0.81987,0.411224,-7.71058,-0.234364,-0.696777,-0.692716,-11177.7,6,2488.6,10870,4.36792,573,514,-8.84325,-6.4479,-7.64557,-1.19768,-0.282617,-0.180573,-0.231595,-0.0510216,-15.0595,-0.874855,-15.0305,-0.50058,-0.604313,-0.67647,-0.671976,0.977129,0.908004,-0.434223,-0.47132,-0.464458,0.570718,0.128795,-1.01902,3.11061,-0.0888594,0.0591606,1,1
2,↳ F3 · x1 déjà retourné,Tous,1,13,5,1087,981,0.0975161,13.625,-0.515925,-5781.11,0.904584,0.452599,-5.89308,-0.0940247,-0.628373,-0.612056,-8632.21,13,-876.114,4905,5.59859,527,454,-5.46985,-6.38437,-5.92711,0.457259,-0.125086,-0.0579693,-0.0915275,-0.0335582,-17.4917,5.61429,-17.5092,5.18484,-0.480942,-0.597734,-0.580473,0.976048,0.905199,-0.240701,-0.385672,-0.381829,0.567936,0.125382,-3.32144,0.0160437,-0.105545,0.0685069,2,2
2,↳ F3 · x1 déjà retourné,Tous,1,13,10,1087,981,0.0975161,13.625,-0.703757,-10686.1,0.831284,0.427115,-10.8931,-0.221807,-0.742718,-0.737139,-11925,13,-876.114,9810,11.1972,527,454,-10.4699,-11.3844,-10.9271,0.457259,-0.255758,-0.182398,-0.219078,-0.0366798,-22.4917,0.614287,-22.5092,0.184838,-0.67857,-0.721123,-0.715076,0.976048,0.905199,-0.425393,-0.488596,-0.48623,0.567936,0.125382,-3.32144,0.0160437,-0.118512,0.0663606,0,0
2,↳ F3 · x1 déjà retourné,Tous,1,26,5,1087,902,0.170193,12.5278,-0.220014,247.13,1.00324,0.470067,0.27398,-0.0463195,-0.70896,-0.69421,-10277.3,26,4757.13,4510,0.948051,483,419,1.64203,-1.30303,0.169499,1.47253,-0.0226118,-0.0736483,-0.0481301,0.0255182,-17.4775,17.4266,-17.1488,16.6205,-0.153586,-0.671758,-0.655123,0.975779,0.902439,-0.154606,-0.477871,-0.473924,0.568025,0.129712,4.12476,17.7091,-0.0565652,0.235378,3,3
2,↳ F3 · x1 déjà retourné,Tous,1,26,10,1087,902,0.170193,12.5278,-0.503342,-4262.87,0.945792,0.454545,-4.72602,-0.173675,-0.776207,-0.764865,-12897.3,26,4757.13,9020,1.8961,483,419,-3.35797,-6.30303,-4.8305,1.47253,-0.15211,-0.198534,-0.175322,0.0232122,-22.4775,12.4266,-22.1488,11.6205,-0.455072,-0.746451,-0.733601,0.975779,0.902439,-0.345762,-0.545298,-0.542279,0.568025,0.129712,4.12476,17.7091,-0.0670634,0.230863,3,3
2,↳ F3 · x1 déjà retourné,Tous,1,48,5,1087,745,0.314627,10.3472,-0.234001,1457.07,1.01752,0.491275,1.9558,0.116402,-0.677934,-0.652556,-9755.05,48,5182.07,3725,0.718825,405,340,-4.6389,9.81124,2.58617,-7.22507,-0.0952899,0.368564,0.136637,-0.231927,-21.803,24.9674,-20.6644,23.9165,-0.0743467,-0.6559,-0.647636,0.97555,0.902013,-0.0351444,-0.564106,-0.553707,0.564652,0.12349,-1.32769,37.2434,0.030436,0.80421,3,3
2,↳ F3 · x1 déjà retourné,Tous,1,48,10,1087,745,0.314627,10.3472,-0.472447,-2267.93,0.973352,0.479195,-3.0442,-0.00882475,-0.745814,-0.724212,-10755,48,5182.07,7450,1.43765,405,340,-9.6389,4.81124,-2.41383,-7.22507,-0.220986,0.243896,0.0114553,-0.232441,-26.803,19.9674,-25.6644,18.9165,-0.356538,-0.700688,-0.694689,0.97555,0.902013,-0.218241,-0.593423,-0.583727,0.564652,0.12349,-1.32769,37.2434,0.021049,0.80168,3,3
2,R3,Tous,1,6,5,2347,2347,0,32.5972,-0.797668,-14399.3,0.841395,0.443971,-6.13521,-0.113674,-0.871212,-0.870151,-19107.8,6,-2664.33,11735,4.40448,1218,1129,-7.60441,-4.55018,-6.0773,-1.52711,-0.113354,-0.11402,-0.113687,0.000333246,-10.5786,-1.11737,-10.5075,-1.06952,-0.792135,-0.843213,-0.842647,0.970002,0.882403,-0.485581,-0.551615,-0.550656,0.531078,0.109075,-4.78018,0.00832062,-0.0415895,0.003098,1,1
2,R3,Tous,1,6,10,2347,2347,0,32.5972,-0.937495,-26134.3,0.732179,0.400085,-11.1352,-0.231387,-0.95653,-0.955951,-29871.1,6,-2664.33,23470,8.80897,1218,1129,-12.6044,-9.55018,-11.0773,-1.52711,-0.227265,-0.235835,-0.23155,0.00428472,-15.5786,-6.11737,-15.5075,-6.06952,-0.93348,-0.944575,-0.944515,0.970002,0.882403,-0.724238,-0.745161,-0.744574,0.531078,0.109075,-4.78018,0.00832062,-0.033508,0.00389927,0,0
2,R3,Tous,1,13,5,2347,2103,0.103963,29.2083,-0.898865,-19851.8,0.837349,0.452687,-9.43975,-0.141529,-0.938262,-0.937302,-25106,13,-9336.8,10515,1.12619,1085,1018,-6.0545,-13.0478,-9.55116,3.49666,-0.0562479,-0.232423,-0.144336,0.0880876,-16.829,-1.46251,-17.064,-1.46499,-0.869618,-0.899641,-0.89808,0.969565,0.883975,-0.534025,-0.609147,-0.604918,0.529516,0.106039,-3.90609,-6.6474,-0.0367073,-0.105947,1,1
2,R3,Tous,1,13,10,2347,2103,0.103963,29.2083,-0.964717,-30366.8,0.762595,0.430338,-14.4398,-0.258599,-0.976823,-0.976357,-34701,13,-9336.8,21030,2.25238,1085,1018,-11.0545,-18.0478,-14.5512,3.49666,-0.16757,-0.35562,-0.261595,0.094025,-21.829,-6.46251,-22.064,-6.46499,-0.953022,-0.961221,-0.960442,0.969565,0.883975,-0.73305,-0.759191,-0.75767,0.529516,0.106039,-3.90609,-6.6474,-0.0303237,-0.106861,0,0
2,R3,Tous,1,26,5,2347,1674,0.286749,23.25,-0.977393,-33975.8,0.753578,0.445042,-20.2961,-0.343266,-0.984621,-0.983312,-37392.2,26,-25605.8,8370,0.32688,858,816,-16.2034,-24.5996,-20.4015,4.19808,-0.31502,-0.372966,-0.343993,0.0289729,-29.8324,-11.2694,-29.962,-11.2963,-0.974358,-0.98102,-0.980777,0.970346,0.885902,-0.778311,-0.805487,-0.804249,0.529982,0.106332,-13.7207,-5.58743,-0.348974,-0.0639403,0,0
2,R3,Tous,1,26,10,2347,1674,0.286749,23.25,-0.990234,-42345.8,0.703023,0.428315,-25.2961,-0.460276,-0.992377,-0.99175,-44352.2,26,-25605.8,16740,0.653759,858,816,-21.2034,-29.5996,-25.4015,4.19808,-0.427519,-0.494719,-0.461119,0.0336003,-34.8324,-16.2694,-34.962,-16.2963,-0.988642,-0.990403,-0.990261,0.970346,0.885902,-0.857805,-0.869581,-0.869138,0.529982,0.106332,-13.7207,-5.58743,-0.342472,-0.0653214,0,0
2,R3,Tous,1,48,5,2347,1235,0.473796,17.1528,-0.917737,-18999.9,0.85892,0.477733,-15.3845,-0.415029,-0.966649,-0.966171,-28864,48,-12824.9,6175,0.481487,618,617,-0.515701,-30.2774,-15.3965,14.8808,-0.0169534,-0.813749,-0.415351,0.398398,-30.7881,1.24983,-30.4351,1.22261,-0.924257,-0.966724,-0.96638,0.97254,0.888259,-0.727963,-0.808344,-0.807013,0.531036,0.107692,2.79551,-2.8452,0.108772,-0.378103,1,1
2,R3,Tous,1,48,10,2347,1235,0.473796,17.1528,-0.955711,-25174.9,0.817484,0.466397,-20.3845,-0.530984,-0.981551,-0.981278,-34759,48,-12824.9,12350,0.962974,618,617,-5.5157,-35.2774,-20.3965,14.8808,-0.127813,-0.934809,-0.531311,0.403498,-35.7881,-3.75017,-35.4351,-3.77739,-0.958525,-0.98131,-0.981111,0.97254,0.888259,-0.804118,-0.860659,-0.859638,0.531036,0.107692,2.79551,-2.8452,0.114222,-0.377025,1,1
2,nis_z_100 Q4,Tous,1,6,5,1824,1824,0,25.3333,-0.851937,-17671,0.792333,0.425987,-9.68806,-0.165216,-0.87142,-0.870624,-19072.6,6,-8551.01,9120,1.06654,894,930,-11.3,-8.13848,-9.71925,-1.58077,-0.233429,-0.0996433,-0.166536,-0.0668929,-14.4708,-4.94427,-14.4523,-4.94278,-0.811681,-0.836828,-0.83584,0.957701,0.844846,-0.536092,-0.562961,-0.562166,0.465178,0.0460526,-8.47579,-3.57998,-0.161665,0.0174748,0,0
2,nis_z_100 Q4,Tous,1,6,10,1824,1824,0,25.3333,-0.940595,-26791,0.703813,0.400768,-14.6881,-0.261352,-0.94547,-0.945133,-27637.6,6,-8551.01,18240,2.13308,894,930,-16.3,-13.1385,-14.7193,-1.58077,-0.328194,-0.197097,-0.262646,-0.0655484,-19.4708,-9.94427,-19.4523,-9.94278,-0.921454,-0.928078,-0.927643,0.957701,0.844846,-0.696566,-0.706903,-0.706341,0.465178,0.0460526,-8.47579,-3.57998,-0.134437,0.0426367,0,0
2,nis_z_100 Q4,Tous,1,13,5,1824,1516,0.16886,21.0556,-0.93087,-23930.4,0.764432,0.453166,-15.7852,-0.203802,-0.953412,-0.952753,-28222.2,13,-16350.4,7580,0.463598,739,777,-19.9621,-11.8126,-15.8873,-4.0748,-0.24308,-0.166445,-0.204762,-0.0383179,-25.588,-6.84807,-25.65,-6.9058,-0.870821,-0.911855,-0.910608,0.958149,0.846306,-0.55675,-0.633117,-0.631672,0.46528,0.0488127,-17.8137,-5.41214,-0.22354,-0.0399683,2,2
2,nis_z_100 Q4,Tous,1,13,10,1824,1516,0.16886,21.0556,-0.967659,-31510.4,0.702207,0.432718,-20.7852,-0.300137,-0.972627,-0.972169,-33483.1,13,-16350.4,15160,0.927196,739,777,-24.9621,-16.8126,-20.8873,-4.0748,-0.336517,-0.265536,-0.301026,-0.0354908,-30.588,-11.8481,-30.65,-11.9058,-0.937588,-0.946637,-0.945746,0.958149,0.846306,-0.688564,-0.71904,-0.717449,0.46528,0.0488127,-17.8137,-5.41214,-0.199271,-0.016777,1,1
2,nis_z_100 Q4,Tous,1,26,5,1824,1231,0.32511,17.0972,-0.944019,-24689.9,0.790305,0.456539,-20.0568,-0.328299,-0.954117,-0.953759,-27373.6,26,-18534.9,6155,0.332075,590,641,-12.7869,-26.7484,-19.7676,6.98075,-0.268489,-0.383351,-0.32592,0.0574313,-35.3421,-4.36452,-35.27,-4.32457,-0.917128,-0.92911,-0.928558,0.961606,0.852965,-0.648452,-0.664578,-0.65887,0.46981,0.0511779,-10.3041,-7.73623,-0.302442,-0.0743252,2,2
2,nis_z_100 Q4,Tous,1,26,10,1824,1231,0.32511,17.0972,-0.969804,-30844.9,0.745378,0.441105,-25.0568,-0.425407,-0.972168,-0.971788,-31768.6,26,-18534.9,12310,0.664151,590,641,-17.7869,-31.7484,-24.7676,6.98075,-0.364054,-0.48188,-0.422967,0.058913,-40.3421,-9.36452,-40.27,-9.32457,-0.954215,-0.957799,-0.957223,0.961606,0.852965,-0.736823,-0.746879,-0.743382,0.46981,0.0511779,-10.3041,-7.73623,-0.279007,-0.0524817,1,1
2,nis_z_100 Q4,Tous,1,48,5,1824,952,0.47807,13.2222,-0.569835,-3129.2,0.971241,0.478992,-3.28698,-0.0416785,-0.793035,-0.789979,-11935.5,48,1630.8,4760,2.91881,457,495,5.27806,-11.1945,-2.95822,8.23628,0.0477598,-0.124251,-0.0382455,0.0860053,-23.8946,19.1918,-23.4262,19.1268,-0.55495,-0.755127,-0.749963,0.963984,0.853992,-0.190628,-0.352406,-0.344165,0.475328,0.0556723,8.58927,16.2377,0.173486,0.311395,3,4
2,nis_z_100 Q4,Tous,1,48,10,1824,952,0.47807,13.2222,-0.732968,-7889.2,0.929116,0.47479,-8.28698,-0.140058,-0.853503,-0.850415,-15240.5,48,1630.8,9520,5.83763,457,495,0.278062,-16.1945,-7.95822,8.23628,-0.0469137,-0.226051,-0.136482,0.0895688,-28.8946,14.1918,-28.4262,14.1268,-0.718936,-0.823058,-0.820243,0.963984,0.853992,-0.354569,-0.454747,-0.445142,0.475328,0.0556723,8.58927,16.2377,0.195121,0.331732,2,2
3A,Tous hors R3 et hors nis_z_100 Q4,Tous hors R3,1,6,5,4066,4066,0,56.4722,-0.537555,-5454.01,0.959573,0.488933,-1.34137,-0.069456,-0.748806,-0.744912,-12094.6,6,14876,20330,1.36663,1999,2067,1.31364,-3.90904,-1.2977,2.61134,-0.00619978,-0.130631,-0.0684155,0.0622157,-4.59327,2.10221,-4.56753,2.21719,-0.631171,-0.757711,-0.754526,0.982027,0.922774,-0.486732,-0.564731,-0.562556,0.58268,0.139941,4.13788,0.649464,0.0655643,-0.0135131,2,2
3A,Tous hors R3 et hors nis_z_100 Q4,Tous hors R3,1,6,10,4066,4066,0,56.4722,-0.939507,-25784,0.823196,0.440728,-6.34137,-0.199997,-0.952646,-0.952261,-28364.7,6,14876,40660,2.73326,1999,2067,-3.68636,-8.90904,-6.2977,2.61134,-0.137923,-0.260029,-0.198976,0.0610531,-9.59327,-2.89779,-9.56753,-2.78281,-0.949964,-0.958724,-0.958406,0.982027,0.922774,-0.84308,-0.853542,-0.853057,0.58268,0.139941,4.13788,0.649464,0.0558344,-0.020295,1,1
3A,Tous hors R3 et hors nis_z_100 Q4,Tous hors R3,1,13,5,4066,3122,0.232169,43.3611,0.0142309,4026.74,1.02586,0.487188,1.28979,-0.00112776,-0.656206,-0.649811,-7734.02,13,19636.7,15610,0.794939,1523,1599,3.13997,-0.472439,1.33376,1.8062,0.068196,-0.0671566,0.000519713,0.0676763,-5.22698,7.98869,-5.22725,8.10596,0.159963,-0.559775,-0.551586,0.981053,0.918962,-0.0896905,-0.424909,-0.417605,0.571491,0.129404,5.28837,5.92797,0.0877366,0.0593196,2,2
3A,Tous hors R3 et hors nis_z_100 Q4,Tous hors R3,1,13,10,4066,3122,0.232169,43.3611,-0.78721,-11583.3,0.929334,0.460922,-3.71021,-0.128103,-0.901427,-0.900629,-19785.4,13,19636.7,31220,1.58988,1523,1599,-1.86003,-5.47244,-3.66624,1.8062,-0.0575388,-0.195314,-0.126426,0.0688876,-10.227,2.98869,-10.2273,3.10596,-0.749291,-0.873186,-0.872159,0.981053,0.918962,-0.627064,-0.723903,-0.722404,0.571491,0.129404,5.28837,5.92797,0.0797073,0.0534447,1,1
3A,Tous hors R3 et hors nis_z_100 Q4,Tous hors R3,1,26,5,4066,2270,0.441712,31.5278,-0.263059,2538.85,1.01536,0.500441,1.11843,0.003134,-0.790353,-0.787505,-11322.5,26,13888.8,11350,0.817203,1086,1184,13.3127,-10.0665,1.6231,11.6896,0.265239,-0.237277,0.0139813,0.251258,-7.437,10.1483,-6.79357,10.4019,-0.121883,-0.737173,-0.733602,0.980435,0.913216,-0.0262515,-0.44254,-0.44023,0.565395,0.121586,15.7955,8.94559,0.231286,0.0717492,2,2
3A,Tous hors R3 et hors nis_z_100 Q4,Tous hors R3,1,26,10,4066,2270,0.441712,31.5278,-0.763301,-8811.15,0.948503,0.478414,-3.88157,-0.121721,-0.901382,-0.899993,-18788.5,26,13888.8,22700,1.63441,1086,1184,8.31273,-15.0665,-3.3769,11.6896,0.138921,-0.36079,-0.110934,0.249856,-12.437,5.14833,-11.7936,5.40189,-0.711566,-0.874168,-0.872396,0.980435,0.913216,-0.487525,-0.634113,-0.629091,0.565395,0.121586,15.7955,8.94559,0.223968,0.0686079,2,2
3A,Tous hors R3 et hors nis_z_100 Q4,Tous hors R3,1,48,5,4066,1525,0.624939,21.1806,1.92206,18231.5,1.11934,0.499016,11.9551,0.227046,-0.806525,-0.79318,-13448.2,48,25856.5,7625,0.294897,741,784,28.0086,-3.218,12.3953,15.6133,0.548414,-0.0766958,0.235859,0.312555,-4.18212,30.0955,-3.91027,30.476,1.78115,-0.783287,-0.77375,0.978912,0.912787,0.98375,-0.455134,-0.445724,0.564317,0.11541,31.3199,24.2142,0.67414,0.35895,4,4
3A,Tous hors R3 et hors nis_z_100 Q4,Tous hors R3,1,48,10,4066,1525,0.624939,21.1806,0.363094,10606.5,1.06772,0.488525,6.95508,0.103521,-0.838877,-0.827763,-14747.6,48,25856.5,15250,0.589794,741,784,23.0086,-8.218,7.39532,15.6133,0.423258,-0.19868,0.112289,0.310969,-9.18212,25.0955,-8.91027,25.476,0.318408,-0.806744,-0.798155,0.978912,0.912787,0.290235,-0.49054,-0.482029,0.564317,0.11541,31.3199,24.2142,0.665293,0.359104,4,4
3A,R1 hors nis_z_100 Q4,R1,1,6,5,1592,1592,0,22.1111,-0.082259,33.649,1.00064,0.535176,0.0211363,-0.031488,-0.40736,-0.397144,-4662.6,6,7993.65,7960,0.995791,702,890,0.89311,-0.666645,0.113232,0.779877,0.047757,-0.0939936,-0.0231183,0.0708753,-5.28083,4.87468,-5.26666,5.15884,-0.179991,-0.38849,-0.376895,0.981151,0.917085,-0.122523,-0.199004,-0.195427,0.556164,0.109296,3.71734,3.89186,0.119521,0.0231245,2,3
3A,R1 hors nis_z_100 Q4,R1,1,6,10,1592,1592,0,22.1111,-0.586098,-7926.35,0.858996,0.494975,-4.97886,-0.152083,-0.64468,-0.643526,-9491.51,6,7993.65,15920,1.99158,702,890,-4.10689,-5.66665,-4.88677,0.779877,-0.0726111,-0.214768,-0.14369,0.0710786,-10.2808,-0.125319,-10.2667,0.158837,-0.624609,-0.651168,-0.649867,0.981151,0.917085,-0.436471,-0.452517,-0.451471,0.556164,0.109296,3.71734,3.89186,0.121146,0.0249657,2,2
3A,R1 hors nis_z_100 Q4,R1,1,13,5,1592,1501,0.0571608,20.8472,-0.187229,-164.328,0.997793,0.50433,-0.109479,-0.045771,-0.536213,-0.522446,-6297.02,13,7340.67,7505,1.02239,655,846,-1.05403,0.621825,-0.216104,-0.83793,-0.0211769,-0.0648126,-0.0429947,0.0218179,-9.47867,9.56899,-10.1186,10.3324,-0.138753,-0.44561,-0.443004,0.980307,0.91539,-0.158891,-0.317951,-0.312725,0.553374,0.107928,1.09437,7.02224,-0.00163623,0.0616636,2,2
3A,R1 hors nis_z_100 Q4,R1,1,13,10,1592,1501,0.0571608,20.8472,-0.616415,-7669.33,0.90206,0.473684,-5.10948,-0.16515,-0.769629,-0.759935,-12638.4,13,7340.67,15010,2.04477,655,846,-6.05403,-4.37817,-5.2161,-0.83793,-0.139216,-0.18523,-0.162223,0.023007,-14.4787,4.56899,-15.1186,5.33236,-0.587452,-0.710586,-0.698452,0.980307,0.91539,-0.444852,-0.513518,-0.50681,0.553374,0.107928,1.09437,7.02224,-0.00196942,0.0635291,1,1
3A,R1 hors nis_z_100 Q4,R1,1,26,5,1592,1263,0.206658,17.5417,-0.607029,-6146.7,0.936428,0.510689,-4.86675,-0.110694,-0.776374,-0.759624,-11858.2,26,168.299,6315,37.5225,538,725,1.31027,-9.45052,-4.07013,5.38039,0.0724328,-0.246587,-0.0870771,0.15951,-17.6177,7.09765,-17.3485,8.60507,-0.550105,-0.722306,-0.701964,0.979818,0.912114,-0.363088,-0.443698,-0.437,0.553499,0.108472,3.793,9.56161,0.0384795,0.062439,4,4
3A,R1 hors nis_z_100 Q4,R1,1,26,10,1592,1263,0.206658,17.5417,-0.791185,-12461.7,0.875168,0.494854,-9.86675,-0.23045,-0.85857,-0.848397,-15947.8,26,168.299,12630,75.045,538,725,-3.68973,-14.4505,-9.07013,5.38039,-0.0466496,-0.366843,-0.206746,0.160097,-22.6177,2.09765,-22.3485,3.60507,-0.757839,-0.822074,-0.80932,0.979818,0.912114,-0.551073,-0.593854,-0.583112,0.553499,0.108472,3.793,9.56161,0.038397,0.0625547,1,1
3A,R1 hors nis_z_100 Q4,R1,1,48,5,1592,1012,0.364322,14.0556,-0.31504,1772.44,1.01598,0.511858,1.75143,-0.037878,-0.727354,-0.721573,-11142.4,48,6832.44,5060,0.740584,440,572,17.7747,-10.5742,3.60026,14.1744,0.11454,-0.155122,-0.0202914,0.134831,-16.0103,18.1562,-13.4309,19.2059,-0.314609,-0.726906,-0.722345,0.978367,0.909091,-0.141168,-0.454334,-0.450962,0.55254,0.106719,21.0859,16.858,0.240265,0.280524,3,4
3A,R1 hors nis_z_100 Q4,R1,1,48,10,1592,1012,0.364322,14.0556,-0.587282,-3287.56,0.971014,0.503953,-3.24857,-0.157966,-0.800513,-0.798117,-11809.7,48,6832.44,10120,1.48117,440,572,12.7747,-15.5742,-1.39974,14.1744,-0.00590289,-0.274938,-0.14042,0.134517,-21.0103,13.1562,-18.4309,14.2059,-0.582463,-0.796558,-0.794156,0.978367,0.909091,-0.350729,-0.530051,-0.526602,0.55254,0.106719,21.0859,16.858,0.236132,0.282846,3,2
3A,R2 hors nis_z_100 Q4,R2,1,6,5,1452,1452,0,20.1667,-0.356714,-3556.34,0.928421,0.456612,-2.44927,-0.0909724,-0.609892,-0.609374,-8798.74,6,3703.66,7260,1.96022,768,684,-2.55287,-2.33295,-2.44291,-0.109961,-0.106423,-0.0736241,-0.0900237,-0.0163996,-8.34071,4.04422,-8.33292,4.27388,-0.369696,-0.597269,-0.596735,0.986068,0.934573,-0.260965,-0.383103,-0.382692,0.608679,0.168733,0.271366,2.22556,-0.0346591,0.043494,3,3
3A,R2 hors nis_z_100 Q4,R2,1,6,10,1452,1452,0,20.1667,-0.688891,-10816.3,0.7991,0.400826,-7.44927,-0.231633,-0.773595,-0.772721,-14203.8,6,3703.66,14520,3.92044,768,684,-7.55287,-7.33295,-7.44291,-0.109961,-0.248536,-0.212654,-0.230595,-0.0179413,-13.3407,-0.95578,-13.3329,-0.726117,-0.692071,-0.765233,-0.764327,0.986068,0.934573,-0.525037,-0.576703,-0.575259,0.608679,0.168733,0.271366,2.22556,-0.0547791,0.0270803,1,1
3A,R2 hors nis_z_100 Q4,R2,1,13,5,1452,1240,0.146006,17.2222,-0.111035,379.558,1.00581,0.462903,0.306096,0.0312584,-0.559821,-0.550162,-7139.08,13,6579.56,6200,0.942312,661,579,-0.905592,1.68939,0.391897,-1.29749,-0.00834667,0.0764724,0.0340629,-0.0424095,-8.602,8.74957,-8.46616,8.87241,-0.0303042,-0.516108,-0.508162,0.985726,0.931452,0.00957907,-0.311301,-0.303789,0.600752,0.156452,1.24282,8.0898,0.011194,0.202949,3,3
3A,R2 hors nis_z_100 Q4,R2,1,13,10,1452,1240,0.146006,17.2222,-0.521926,-5820.44,0.915337,0.435484,-4.6939,-0.105507,-0.697174,-0.689968,-10826.6,13,6579.56,12400,1.88462,661,579,-5.90559,-3.31061,-4.6081,-1.29749,-0.14592,-0.0593704,-0.102645,-0.0432746,-13.602,3.74957,-13.4662,3.87241,-0.473831,-0.670834,-0.664542,0.985726,0.931452,-0.304428,-0.460061,-0.453379,0.600752,0.156452,1.24282,8.0898,-0.00867349,0.189388,3,3
3A,R2 hors nis_z_100 Q4,R2,1,26,5,1452,1080,0.256198,15,1.87391,13308.6,1.17801,0.493519,12.3228,0.353872,-0.476126,-0.459874,-5852.04,26,18708.6,5400,0.288637,580,500,14.2382,10.1009,12.1696,2.06863,0.481809,0.205465,0.343637,0.138172,-0.793041,26.4254,-0.933002,25.8578,2.13895,-0.444204,-0.427092,0.985811,0.931481,1.21692,-0.204728,-0.196093,0.600229,0.156481,16.7209,29.1131,0.447856,0.514491,5,5
3A,R2 hors nis_z_100 Q4,R2,1,26,10,1452,1080,0.256198,15,0.675196,7908.63,1.10197,0.475,7.3228,0.218052,-0.511208,-0.498015,-6278.48,26,18708.6,10800,0.577274,580,500,9.23821,5.10094,7.16957,2.06863,0.345409,0.0703171,0.207863,0.137546,-5.79304,21.4254,-5.933,20.8578,0.84394,-0.475882,-0.461735,0.985811,0.931481,0.603498,-0.222392,-0.215096,0.600229,0.156481,16.7209,29.1131,0.430455,0.499715,5,5
3A,R2 hors nis_z_100 Q4,R2,1,48,5,1452,864,0.404959,12,-0.478342,-2501.96,0.972215,0.46875,-2.89579,0.0710028,-0.708904,-0.672732,-9830.35,48,1818.04,4320,2.37618,469,395,-1.49003,-4.5649,-3.02746,1.53744,0.239406,-0.12895,0.0552283,0.184178,-21.4632,16.42,-21.2669,15.9909,-0.312293,-0.638942,-0.623109,0.984122,0.928241,-0.0539082,-0.369128,-0.359332,0.595289,0.146991,1.82118,22.8673,0.365132,0.306696,3,4
3A,R2 hors nis_z_100 Q4,R2,1,48,10,1452,864,0.404959,12,-0.66155,-6821.96,0.926148,0.456019,-7.89579,-0.063711,-0.784641,-0.75801,-10971.4,48,1818.04,8640,4.75237,469,395,-6.49003,-9.5649,-8.02746,1.53744,0.103785,-0.262586,-0.0794005,0.183186,-26.4632,11.42,-26.2669,10.9909,-0.550635,-0.711488,-0.685085,0.984122,0.928241,-0.268501,-0.453827,-0.443886,0.595289,0.146991,1.82118,22.8673,0.34582,0.295197,3,1
3A,↳ F2b · x1 déjà retourné hors nis_z_100 Q4,↳ F2b · x1 déjà retourné,1,6,5,741,741,0,10.2917,-0.154341,-1283.64,0.946396,0.458839,-1.7323,-0.0848369,-0.382946,-0.375599,-4397.79,6,2421.36,3705,1.53013,371,370,-3.28438,-0.176037,-1.73021,-1.55417,-0.13436,-0.0351805,-0.08477,-0.0495896,-9.47324,7.01841,-9.38743,7.06224,-0.166604,-0.386569,-0.379265,0.98805,0.940621,-0.141424,-0.234589,-0.232356,0.602803,0.163293,-0.460144,4.38247,-0.0625954,0.0819377,2,2
3A,↳ F2b · x1 déjà retourné hors nis_z_100 Q4,↳ F2b · x1 déjà retourné,1,6,10,741,741,0,10.2917,-0.416281,-4988.64,0.808489,0.406208,-6.7323,-0.22147,-0.547713,-0.546285,-7570.82,6,2421.36,7410,3.06026,371,370,-8.28438,-5.17604,-6.73021,-1.55417,-0.270613,-0.172196,-0.221404,-0.0492084,-14.4732,2.01841,-14.3874,2.06224,-0.422197,-0.549366,-0.547943,0.98805,0.940621,-0.313347,-0.378367,-0.377315,0.602803,0.163293,-0.460144,4.38247,-0.0768553,0.0675383,2,1
3A,↳ F2b · x1 déjà retourné hors nis_z_100 Q4,↳ F2b · x1 déjà retourné,1,13,5,741,695,0.0620783,9.65278,0.209283,2744.38,1.08064,0.466187,3.94874,0.0218593,-0.348803,-0.340149,-3748.32,13,6219.38,3475,0.558738,347,348,2.41582,5.47726,3.94654,-1.53072,0.0267942,0.0169386,0.0218664,0.00492783,-6.96373,15.7931,-6.90617,15.789,0.218487,-0.339808,-0.331155,0.987783,0.938129,0.0231982,-0.200441,-0.198466,0.597907,0.155396,4.56423,11.8777,0.0463349,0.143415,3,3
3A,↳ F2b · x1 déjà retourné hors nis_z_100 Q4,↳ F2b · x1 déjà retourné,1,13,10,741,695,0.0620783,9.65278,-0.145729,-730.624,0.979664,0.440288,-1.05126,-0.112856,-0.474786,-0.467301,-5857.93,13,6219.38,6950,1.11748,347,348,-2.58418,0.477256,-1.05346,-1.53072,-0.107503,-0.118194,-0.112848,0.00534564,-11.9637,10.7931,-11.9062,10.789,-0.135555,-0.467579,-0.460088,0.987783,0.938129,-0.16882,-0.316354,-0.308972,0.597907,0.155396,4.56423,11.8777,0.0297435,0.130565,2,2
3A,↳ F2b · x1 déjà retourné hors nis_z_100 Q4,↳ F2b · x1 déjà retourné,1,26,5,741,639,0.137652,8.875,0.775109,7344.68,1.16889,0.496088,11.494,0.388997,-0.447062,-0.443615,-5463.21,26,10539.7,3195,0.30314,321,318,9.77107,13.2332,11.5021,-1.73108,0.530513,0.246146,0.388329,0.142183,-2.84857,26.6663,-3.2156,26.7898,0.845101,-0.396712,-0.394062,0.987333,0.937402,0.721899,-0.131851,-0.131137,0.597073,0.1518,12.2538,32.2454,0.496559,0.555172,4,4
3A,↳ F2b · x1 déjà retourné hors nis_z_100 Q4,↳ F2b · x1 déjà retourné,1,26,10,741,639,0.137652,8.875,0.289803,4149.68,1.09197,0.482003,6.49402,0.254542,-0.477082,-0.474351,-6028.21,26,10539.7,6390,0.60628,321,318,4.77107,8.23323,6.50215,-1.73108,0.394117,0.11365,0.253884,0.140234,-7.84857,21.6663,-8.2156,21.7898,0.346152,-0.428632,-0.426701,0.987333,0.937402,0.423095,-0.166866,-0.160671,0.597073,0.1518,12.2538,32.2454,0.479164,0.543048,4,4
3A,↳ F2b · x1 déjà retourné hors nis_z_100 Q4,↳ F2b · x1 déjà retourné,1,48,5,741,564,0.238866,7.83333,-0.0574996,1911.81,1.03353,0.48227,3.38973,0.219301,-0.60791,-0.593584,-8084.83,48,4731.81,2820,0.595967,281,283,8.8787,-2.06044,3.40913,5.46957,0.561711,-0.12069,0.220511,0.341201,-17.2272,25.3948,-17.3709,25.1025,-0.0270101,-0.589744,-0.574754,0.986388,0.93617,0.179046,-0.314303,-0.305223,0.595157,0.148936,12.1899,25.3717,0.687437,0.314956,3,3
3A,↳ F2b · x1 déjà retourné hors nis_z_100 Q4,↳ F2b · x1 déjà retourné,1,48,10,741,564,0.238866,7.83333,-0.289258,-908.191,0.98448,0.464539,-1.61027,0.0856037,-0.630003,-0.62127,-8684.83,48,4731.81,5640,1.19193,281,283,3.8787,-7.06044,-1.59087,5.46957,0.428767,-0.255134,0.0868163,0.34195,-22.2272,20.3948,-22.3709,20.1025,-0.263422,-0.614181,-0.605119,0.986388,0.93617,-0.0030848,-0.33758,-0.329109,0.595157,0.148936,12.1899,25.3717,0.670801,0.302649,3,3
3A,↳ F3 · x1 déjà retourné hors nis_z_100 Q4,↳ F3 · x1 déjà retourné,1,6,5,711,711,0,9.875,-0.239309,-2272.7,0.911696,0.45429,-3.19648,-0.0973667,-0.420673,-0.413372,-5043.87,6,1282.3,3555,2.77236,397,314,-1.86927,-4.87453,-3.3719,1.50263,-0.0803164,-0.118924,-0.0996202,0.0193038,-12.308,5.31015,-12.7372,5.15188,-0.243692,-0.391017,-0.38875,0.984004,0.92827,-0.139232,-0.231949,-0.228607,0.614803,0.174402,0.954969,-0.316021,-0.00855233,-0.00180583,2,2
3A,↳ F3 · x1 déjà retourné hors nis_z_100 Q4,↳ F3 · x1 déjà retourné,1,6,10,711,711,0,9.875,-0.467023,-5827.7,0.7903,0.395218,-8.19648,-0.242224,-0.552468,-0.550228,-7641.44,6,1282.3,7110,5.54472,397,314,-6.86927,-9.87453,-8.3719,1.50263,-0.227906,-0.260327,-0.244117,0.0162106,-17.308,0.310149,-17.7372,0.151877,-0.467069,-0.533078,-0.531126,0.984004,0.92827,-0.308292,-0.348388,-0.347147,0.614803,0.174402,0.954969,-0.316021,-0.0341488,-0.0205932,1,1
3A,↳ F3 · x1 déjà retourné hors nis_z_100 Q4,↳ F3 · x1 déjà retourné,1,13,5,711,646,0.0914205,8.97222,-0.237417,-1890.19,0.947954,0.464396,-2.92599,0.00667705,-0.44824,-0.444218,-5472.81,13,1339.81,3230,2.41078,367,279,-1.33301,-5.0214,-3.17721,1.8442,0.0140023,-0.00295866,0.00552181,0.00848047,-13.9473,7.329,-14.281,7.08318,-0.173263,-0.421122,-0.416903,0.983521,0.927245,-0.0315711,-0.267383,-0.26478,0.610419,0.165635,0.815397,1.37901,0.0335429,0.123518,2,2
3A,↳ F3 · x1 déjà retourné hors nis_z_100 Q4,↳ F3 · x1 déjà retourné,1,13,10,711,646,0.0914205,8.97222,-0.448052,-5120.19,0.865604,0.433437,-7.92599,-0.13544,-0.549467,-0.537127,-7150.82,13,1339.81,6460,4.82157,367,279,-6.33301,-10.0214,-8.17721,1.8442,-0.130701,-0.141673,-0.136187,0.00548611,-18.9473,2.329,-19.281,2.08318,-0.39838,-0.516461,-0.513164,0.983521,0.927245,-0.204903,-0.342547,-0.340212,0.610419,0.165635,0.815397,1.37901,0.00654538,0.107086,2,1
3A,↳ F3 · x1 déjà retourné hors nis_z_100 Q4,↳ F3 · x1 déjà retourné,1,26,5,711,601,0.154712,8.34722,0.481696,5597.94,1.1264,0.47421,9.31437,0.143554,-0.480189,-0.47286,-5996.51,26,8602.94,3005,0.349299,344,257,10.7266,7.42412,9.07534,1.65122,0.268362,-0.0235041,0.122429,0.145933,-12.1646,28.381,-13.3675,29.2751,0.49913,-0.447149,-0.442866,0.983586,0.926789,0.164089,-0.336959,-0.326742,0.608423,0.169717,13.2093,26.4362,0.234409,0.285522,4,4
3A,↳ F3 · x1 déjà retourné hors nis_z_100 Q4,↳ F3 · x1 déjà retourné,1,26,10,711,601,0.154712,8.34722,0.0971606,2592.94,1.05649,0.454243,4.31437,0.00278865,-0.543273,-0.539927,-7021.23,26,8602.94,6010,0.698599,344,257,5.72656,2.42412,4.07534,1.65122,0.126818,-0.163227,-0.0182046,0.145022,-17.1646,23.381,-18.3675,24.2751,0.115594,-0.526374,-0.522903,0.983586,0.926789,-0.0304442,-0.393277,-0.391125,0.608423,0.169717,13.2093,26.4362,0.211864,0.266171,4,4
3A,↳ F3 · x1 déjà retourné hors nis_z_100 Q4,↳ F3 · x1 déjà retourné,1,48,5,711,523,0.264416,7.26389,-0.127332,1471.01,1.02633,0.491396,2.81265,0.200757,-0.681381,-0.668273,-9417.32,48,4086.01,2615,0.639988,305,218,-13.9959,26.3291,6.16664,-20.1625,-0.0531322,0.55597,0.251419,-0.304551,-22.9013,26.6368,-18.3053,29.5204,0.0536822,-0.635485,-0.62049,0.983705,0.927342,0.0336954,-0.473919,-0.465333,0.600775,0.154876,-10.6847,53.7613,0.0725937,0.991616,3,4
3A,↳ F3 · x1 déjà retourné hors nis_z_100 Q4,↳ F3 · x1 déjà retourné,1,48,10,711,523,0.264416,7.26389,-0.328321,-1143.99,0.980005,0.476099,-2.18735,0.06483,-0.72689,-0.715811,-10957.3,48,4086.01,5230,1.27998,305,218,-18.9959,21.3291,1.16664,-20.1625,-0.188388,0.419103,0.115357,-0.303746,-27.9013,21.6368,-23.3053,24.5204,-0.185398,-0.687042,-0.674347,0.983705,0.927342,-0.116634,-0.508781,-0.501066,0.600775,0.154876,-10.6847,53.7613,0.0536465,0.976887,3,4
3B,R3 en continuation,R3,-1,6,5,2347,2347,0,32.5972,-0.65693,-9070.67,0.89657,0.482318,-3.86479,-0.121752,-0.713723,-0.711541,-11860.8,6,2664.33,11735,4.40448,1129,1218,-5.44982,-2.39559,-3.9227,-1.52711,-0.129609,-0.11447,-0.122039,-0.0075697,-8.88263,0.57856,-8.93048,0.507508,-0.608844,-0.711422,-0.709223,0.970002,0.882403,-0.467546,-0.528383,-0.52626,0.531078,0.109075,-2.62558,2.16292,-0.0578449,0.00264854,2,2
3B,R3 en continuation,R3,-1,6,10,2347,2347,0,32.5972,-0.893991,-20805.7,0.77862,0.445675,-8.86479,-0.239465,-0.898138,-0.897565,-21152.2,6,2664.33,23470,8.80897,1129,1218,-10.4498,-7.39559,-8.9227,-1.52711,-0.251424,-0.228381,-0.239902,-0.0115212,-13.8826,-4.42144,-13.9305,-4.49249,-0.874789,-0.879656,-0.878978,0.970002,0.882403,-0.714593,-0.719207,-0.718367,0.531078,0.109075,-2.62558,2.16292,-0.0576663,0.0113528,1,1
3B,R3 en continuation,R3,-1,13,5,2347,2103,0.103963,29.2083,-0.343311,-1178.2,0.989504,0.49263,-0.560246,-0.0926112,-0.725985,-0.721654,-11761,13,9336.8,10515,1.12619,1018,1085,3.04781,-3.9455,-0.448845,3.49666,-0.0139703,-0.166396,-0.0901831,0.0762128,-8.53749,6.82902,-8.53501,7.06399,-0.368843,-0.713975,-0.709961,0.969565,0.883975,-0.359423,-0.50774,-0.504432,0.529516,0.106039,5.19622,2.45491,0.00557036,-0.0399197,1,1
3B,R3 en continuation,R3,-1,13,10,2347,2103,0.103963,29.2083,-0.770687,-11693.2,0.900659,0.46933,-5.56025,-0.209681,-0.859113,-0.856136,-18161,13,9336.8,21030,2.25238,1018,1085,-1.95219,-8.9455,-5.44884,3.49666,-0.137167,-0.277718,-0.207442,0.0702755,-13.5375,1.82902,-13.535,2.06399,-0.772438,-0.862007,-0.859091,0.969565,0.883975,-0.633035,-0.672416,-0.669454,0.529516,0.106039,5.19622,2.45491,7.91551e-05,-0.0289592,1,1
3B,R3 en continuation,R3,-1,26,5,2347,1674,0.286749,23.25,2.80629,17235.8,1.15436,0.516129,10.2961,0.109247,-0.476038,-0.472926,-6021.89,26,25605.8,8370,0.32688,816,858,14.5996,6.20339,10.4015,4.19808,0.12946,0.0900238,0.109742,0.0197181,1.26941,19.8324,1.2963,19.962,3.05732,-0.492447,-0.489432,0.970346,0.885902,0.601398,-0.335382,-0.332299,0.529982,0.106332,17.0823,25.2155,0.0955067,0.39905,5,5
3B,R3 en continuation,R3,-1,26,10,2347,1674,0.286749,23.25,0.64859,8865.75,1.07656,0.495221,5.29615,-0.00776232,-0.617107,-0.605279,-8024.65,26,25605.8,16740,0.653759,816,858,9.59956,1.20339,5.40148,4.19808,0.00770705,-0.0224744,-0.0073837,0.0150907,-3.73059,14.8324,-3.7037,14.962,0.801586,-0.612977,-0.606007,0.970346,0.885902,0.0276136,-0.467325,-0.458363,0.529982,0.106332,17.0823,25.2155,0.0927536,0.406923,4,4
3B,R3 en continuation,R3,-1,48,5,2347,1235,0.473796,17.1528,0.0258512,6649.85,1.05459,0.483401,5.3845,0.183118,-0.716661,-0.711231,-10761.4,48,12824.9,6175,0.481487,617,618,20.2774,-9.4843,5.39655,14.8808,0.571631,-0.204766,0.183432,0.388198,-11.2498,20.7881,-11.2226,20.4351,0.334895,-0.67735,-0.671421,0.97254,0.888259,0.492284,-0.326064,-0.320707,0.531036,0.107692,23.5886,17.9479,0.697356,0.23088,4,5
3B,R3 en continuation,R3,-1,48,10,2347,1235,0.473796,17.1528,-0.447037,474.854,1.0038,0.472874,0.384497,0.0671626,-0.752894,-0.748413,-11312.2,48,12824.9,12350,0.962974,617,618,15.2774,-14.4843,0.396547,14.8808,0.450571,-0.315626,0.0674728,0.383098,-16.2498,15.7881,-16.2226,15.4351,-0.267967,-0.701474,-0.694511,0.97254,0.888259,0.0751153,-0.338269,-0.333507,0.531036,0.107692,23.5886,17.9479,0.692606,0.242158,4,4
3B,nis_z_100 Q4 en continuation,nis_z_100 Q4,-1,6,5,1824,1824,0,25.3333,-0.180881,-568.987,0.99248,0.525768,-0.311945,-0.0270559,-0.373614,-0.372941,-4273.19,6,8551.01,9120,1.06654,930,894,-1.86152,1.30003,-0.280745,-1.58077,-0.0952645,0.0438994,-0.0256826,-0.069582,-5.05573,4.47084,-5.05722,4.45235,-0.259081,-0.400555,-0.397147,0.957701,0.844846,-0.112987,-0.173716,-0.172264,0.465178,0.0460526,0.962717,5.85853,-0.0235004,0.161017,2,2
3B,nis_z_100 Q4 en continuation,nis_z_100 Q4,-1,6,10,1824,1824,0,25.3333,-0.671075,-9688.99,0.879097,0.492325,-5.31194,-0.123192,-0.6929,-0.676153,-9847.49,6,8551.01,18240,2.13308,930,894,-6.86152,-3.69997,-5.28075,-1.58077,-0.192718,-0.0508655,-0.121792,-0.0709265,-10.0557,-0.529157,-10.0572,-0.54765,-0.690792,-0.698075,-0.695566,0.957701,0.844846,-0.41972,-0.426957,-0.425092,0.465178,0.0460526,0.962717,5.85853,0.00103874,0.188868,1,1
3B,nis_z_100 Q4 en continuation,nis_z_100 Q4,-1,13,5,1824,1516,0.16886,21.0556,0.842186,8770.38,1.1033,0.498021,5.78521,0.0111323,-0.611625,-0.604283,-8802.58,13,16350.4,7580,0.463598,777,739,1.81255,9.96214,5.88735,-4.0748,-0.0317378,0.0562067,0.0122345,-0.0439722,-3.15193,15.588,-3.0942,15.65,0.259856,-0.593467,-0.591548,0.958149,0.846306,0.0406953,-0.366846,-0.363608,0.46528,0.0488127,3.96096,16.3626,-0.0121972,0.182683,4,4
3B,nis_z_100 Q4 en continuation,nis_z_100 Q4,-1,13,10,1824,1516,0.16886,21.0556,-0.13676,1190.38,1.01341,0.478232,0.785209,-0.0852026,-0.715822,-0.707122,-11323.9,13,16350.4,15160,0.927196,777,739,-3.18745,4.96214,0.887348,-4.0748,-0.130829,-0.0372301,-0.0840295,-0.0467994,-8.15193,10.588,-8.0942,10.65,-0.390747,-0.726835,-0.718747,0.958149,0.846306,-0.268661,-0.444358,-0.441734,0.46528,0.0488127,3.96096,16.3626,0.0064172,0.211529,3,3
3B,nis_z_100 Q4 en continuation,nis_z_100 Q4,-1,26,5,1824,1231,0.32511,17.0972,1.29221,12379.9,1.12521,0.514216,10.0568,0.134083,-0.639443,-0.631277,-8037.84,26,18534.9,6155,0.332075,641,590,16.7484,2.78686,9.76761,6.98075,0.186294,0.0773583,0.131826,0.054468,-5.63548,25.3421,-5.67543,25.27,0.898273,-0.597169,-0.588588,0.961606,0.852965,0.417483,-0.237965,-0.23201,0.46981,0.0511779,19.2311,21.799,0.152341,0.386384,3,3
3B,nis_z_100 Q4 en continuation,nis_z_100 Q4,-1,26,10,1824,1231,0.32511,17.0972,0.238714,6224.95,1.06107,0.495532,5.05682,0.0369747,-0.758357,-0.75301,-12037.8,26,18534.9,12310,0.664151,641,590,11.7484,-2.21314,4.76761,6.98075,0.0877658,-0.0182068,0.0347795,0.0529863,-10.6355,20.3421,-10.6754,20.27,0.0502595,-0.728214,-0.722565,0.961606,0.852965,0.0615711,-0.34213,-0.336147,0.46981,0.0511779,19.2311,21.799,0.172812,0.411191,3,3
3B,nis_z_100 Q4 en continuation,nis_z_100 Q4,-1,48,5,1824,952,0.47807,13.2222,-0.706127,-6390.8,0.942074,0.49895,-6.71302,-0.15508,-0.807194,-0.7976,-10408.4,48,-1630.8,4760,2.91881,495,457,1.1945,-15.2781,-7.04178,8.23628,-0.07935,-0.237107,-0.158228,0.0788783,-29.1918,13.8946,-29.1268,13.4262,-0.652097,-0.769991,-0.758546,0.963984,0.853992,-0.342509,-0.458769,-0.453214,0.475328,0.0556723,4.5057,12.1541,0.0463758,0.198539,2,2
3B,nis_z_100 Q4 en continuation,nis_z_100 Q4,-1,48,10,1824,952,0.47807,13.2222,-0.81762,-11150.8,0.901079,0.491597,-11.713,-0.253459,-0.873026,-0.866709,-14573.4,48,-1630.8,9520,5.83763,495,457,-3.8055,-20.2781,-12.0418,8.23628,-0.18115,-0.33178,-0.256465,0.0753148,-34.1918,8.89463,-34.1268,8.42625,-0.780309,-0.845909,-0.838243,0.963984,0.853992,-0.475757,-0.549511,-0.544545,0.475328,0.0556723,4.5057,12.1541,0.0608842,0.226004,2,2
