entree,annee,sous_famille,sens,atr14_bps,vol_realisee_bps,vol_sur_atr,mae_avant_activation,mfe_avant_be,barres_avant_activation,barres_avant_be,gap,retest_apres_be,mfe_apres_be,re1_stoppe,res_re1,res_be,effet,trajectoire
2020-02-27 20:30,2020,F2b,Short,75.5074,44.7402,0.592527,0.359218,3.01552,3,8,False,0.351756,3.22744,False,2.27659,-7.29294e-15,-2.27659,"reprise après retest, coupé"
2020-02-29 22:00,2020,F2b,Short,53.3558,50.1234,0.939417,0.376343,3.0331,4,8,False,0.786544,2.68996,False,1.44533,1.04872e-14,-1.44533,"reprise après retest, coupé"
2020-03-10 06:00,2020,F3,Long,72.4888,87.6781,1.20954,1.17979,3.85273,10,20,False,3.27431,1.31918,True,-1.75063,-7.59663e-15,1.75063,"échec, sauvé"
2020-03-11 15:30,2020,F3,Short,72.2526,71.338,0.987341,0.736073,3.53074,4,7,False,3.5121,2.31241,True,-2.12085,-7.62146e-15,2.12085,"échec, sauvé"
2020-03-15 19:30,2020,F2b,Long,141.74,298.318,2.10468,2.46141,7.97353,4,6,False,7.67921,7.66118,False,-6.95816,-3.88508e-15,6.95816,"échec, sauvé"
2020-03-17 15:30,2020,F2b,Long,218.424,70.6024,0.323235,0.246119,2.11288,12,17,False,0.278064,1.21333,False,0.638151,-2.52111e-15,-0.638151,"reprise après retest, coupé"
2020-03-25 06:30,2020,F2b,Long,121.4,96.0389,0.791092,0.490991,3.7613,6,9,False,2.7935,1.87831,False,-0.514677,-4.53599e-15,0.514677,"échec, sauvé"
2020-03-29 16:30,2020,F2b,Short,74.8791,81.7265,1.09145,0.773868,5.11664,7,26,False,2.88722,0.885984,False,-2.00411,-7.35413e-15,2.00411,"échec, sauvé"
2020-04-03 03:00,2020,F2b,Long,114.448,57.2614,0.500328,0.836466,2.9949,11,23,False,1.75843,0.725553,False,-1.27445,-4.81155e-15,1.27445,"échec, sauvé"
2020-04-04 06:30,2020,F2b,Long,75.2263,57.7843,0.768139,0.247635,3.91572,7,11,False,1.25162,2.69771,False,0.971648,-7.32019e-15,-0.971648,"reprise après retest, coupé"
2020-04-05 15:00,2020,F2b,Short,59.8451,48.9308,0.817624,0.957905,2.36628,5,6,False,3.03201,1.77502,False,-1.90537,9.35002e-15,1.90537,"échec, sauvé"
2020-04-09 11:30,2020,F2b,Short,50.7638,48.0976,0.947479,0.1135,5.29865,1,3,False,1.65586,1.96213,False,0.697676,-1.08477e-14,-0.697676,"reprise après retest, coupé"
2020-04-24 22:30,2020,F2b,Short,53.1345,26.1,0.491207,0.141656,2.04501,5,9,False,2.45371,0.43498,False,-0.916833,-1.03637e-14,0.916833,"échec, sauvé"
2020-04-26 10:00,2020,F3,Long,29.8524,37.3143,1.24996,0.46886,5.76009,2,11,False,4.52657,2.68248,True,-2.53078,-1.84464e-14,2.53078,"échec, sauvé"
2020-04-27 19:30,2020,F3,Long,52.0449,24.9392,0.479186,0.616701,2.02289,10,12,False,1.67234,1.17489,False,-0.498671,-1.05807e-14,0.498671,"échec, sauvé"
2020-05-06 22:00,2020,F3,Long,63.0306,52.3553,0.830634,0.20339,2.01019,3,4,False,3.88865,1.07053,True,-1.51332,-8.73656e-15,1.51332,"échec, sauvé"
2020-05-08 19:00,2020,F3,Short,71.5563,44.4489,0.621175,1.58238,2.49167,11,13,False,0.0593692,4.8058,False,4.33919,-7.69563e-15,-4.33919,"reprise après retest, coupé"
2020-05-24 05:30,2020,F2b,Long,40.1836,49.6956,1.23671,0.410393,2.49775,2,12,False,10.1593,1.34357,False,-7.18891,-1.37039e-14,7.18891,"échec, sauvé"
2020-05-30 17:00,2020,F2b,Long,45.5748,51.2646,1.12485,3.51054,4.89627,12,22,False,0.558155,2.43561,False,0.343598,-1.20828e-14,-0.343598,"reprise après retest, coupé"
2020-06-08 18:00,2020,F2b,Long,43.3803,33.9014,0.781493,1.12447,2.09777,12,13,False,3.69823,4.13584,False,-0.9069,-1.2694e-14,0.9069,"échec, sauvé"
2020-06-12 15:00,2020,F3,Short,56.8203,25.7303,0.452835,0.604664,2.1999,6,9,False,1.30319,0.77649,False,0.16522,-9.69144e-15,-0.16522,"reprise après retest, coupé"
2020-06-13 07:30,2020,F2b,Long,38.8811,16.1774,0.416073,0.705625,2.12643,7,8,True,2.08521,2.12643,False,-0.703197,-0.366626,0.336571,"échec, sauvé"
2020-06-24 22:30,2020,F2b,Short,50.7381,48.2047,0.95007,1.00124,5.91333,10,20,False,1.14212,2.25556,False,-0.15618,-1.08532e-14,0.15618,"échec, sauvé"
2020-07-05 20:00,2020,F3,Short,28.7768,26.4934,0.920649,0.383426,4.67117,3,4,False,2.86337,2.70592,True,-1.91581,1.94446e-14,1.91581,"échec, sauvé"
2020-07-08 00:00,2020,F2b,Long,28.0116,13.2733,0.473849,0.922072,2.49164,5,10,False,1.09137,3.33619,False,1.22716,-1.96587e-14,-1.22716,"reprise après retest, coupé"
2020-07-11 23:30,2020,F3,Long,22.5024,10.547,0.468706,0.480898,2.54251,5,17,False,0.0197168,1.66343,False,0.812278,-2.44717e-14,-0.812278,"reprise après retest, coupé"
2020-07-14 10:00,2020,F2b,Long,23.8929,13.6468,0.571167,4.68581,2.01399,5,6,False,0.679676,3.83086,False,2.20876,-2.30474e-14,-2.20876,"reprise après retest, coupé"
2020-07-19 15:30,2020,F3,Long,18.2186,12.0725,0.66265,0.905104,2.33814,3,4,False,-0.192793,6.54594,False,2.35152,-3.02258e-14,-2.35152,"reprise après retest, coupé"
2020-08-04 06:30,2020,F2b,Short,63.1848,37.4253,0.592314,1.04575,3.58343,11,23,False,0.292198,0.920325,False,0.0440418,-8.71524e-15,-0.0440418,"reprise après retest, coupé"
2020-08-16 08:30,2020,F3,Short,41.4028,21.6611,0.52318,0.43263,3.62676,5,15,False,0.760817,1.3952,False,-0.29279,-1.33003e-14,0.29279,"échec, sauvé"
2020-08-31 05:00,2020,F3,Short,30.4277,21.9823,0.722444,0.738637,2.47574,7,13,False,2.7832,1.38427,True,-2.13036,-1.80977e-14,2.13036,"échec, sauvé"
2020-10-22 07:00,2020,F2b,Long,77.7585,40.5411,0.521373,1.31696,2.26392,9,12,False,0.116878,3.46118,False,2.65716,-7.08181e-15,-2.65716,"reprise après retest, coupé"
2020-10-24 10:30,2020,F2b,Long,32.2067,20.863,0.647784,1.15515,2.57717,8,9,False,0.372229,4.46221,False,2.07,-1.7098e-14,-2.07,"reprise après retest, coupé"
2020-11-01 20:00,2020,F2b,Short,39.8956,37.9146,0.950347,1.22822,2.63453,6,9,False,0.77266,6.34138,False,6.18972,-1.38028e-14,-6.18972,"reprise après retest, coupé"
2020-12-04 22:00,2020,F3,Short,66.7178,45.2025,0.677519,0.523729,2.56896,5,7,False,2.21683,1.38987,True,-2.12455,-2.48943e-14,2.12455,"échec, sauvé"
2020-12-06 05:30,2020,F3,Short,44.0826,30.4203,0.690075,1.54176,3.0732,9,19,False,1.01965,1.24174,False,0.025201,-3.76769e-14,-0.025201,"reprise après retest, coupé"
2020-12-20 11:30,2020,F2b,Short,80.0371,64.0564,0.800335,4.20344,2.16131,22,23,False,0.64842,1.09965,False,-0.359054,-6.8802e-15,0.359054,"échec, sauvé"
2021-01-11 03:00,2021,F3,Short,260.038,205.011,0.788389,0.378793,4.20497,2,15,False,0.0866332,5.92984,False,5.06978,-2.11765e-15,-5.06978,"reprise après retest, coupé"
2021-01-17 05:00,2021,F3,Short,116.727,102.316,0.876537,0.371271,4.82927,6,21,False,0.733128,2.55976,False,0.00117703,-1.42288e-14,-0.00117703,"reprise après retest, coupé"
2021-01-22 14:30,2021,F3,Long,177.569,86.5901,0.487642,0.941707,2.25652,12,20,False,0.808712,0.742154,False,-0.275266,-3.10116e-15,0.275266,"échec, sauvé"
2021-01-23 10:00,2021,F3,Short,142.96,66.2235,0.46323,0.182687,2.29296,5,20,False,0.0573397,1.35415,False,0.840378,-1.16179e-14,-0.840378,"reprise après retest, coupé"
2021-01-31 00:30,2021,F2b,Short,102.774,48.5877,0.472763,0.44306,2.61166,16,25,False,0.232855,1.12413,False,0.860152,5.4445e-15,-0.860152,"reprise après retest, coupé"
2021-02-13 01:00,2021,F2b,Short,87.1086,59.984,0.688612,1.63005,2.0146,15,16,False,0.293623,3.40728,False,1.26353,-6.32166e-15,-1.26353,"reprise après retest, coupé"
2021-02-15 22:30,2021,F3,Short,82.9604,62.0157,0.747534,1.45417,2.16945,5,6,False,3.70272,0.669557,True,-2.39701,-6.63775e-15,2.39701,"échec, sauvé"
2021-02-17 18:30,2021,F2b,Long,94.8199,41.7682,0.4405,0.384593,2.35947,4,26,False,0.339028,0.913849,False,-0.262519,-5.80754e-15,0.262519,"échec, sauvé"
2021-02-18 20:00,2021,F2b,Short,72.3163,37.9864,0.525281,1.24838,3.00856,13,21,False,1.315,0.742078,False,-1.30368,7.73757e-15,1.30368,"échec, sauvé"
2021-03-01 23:00,2021,F3,Long,104.918,67.2815,0.641278,0.0741535,2.09682,3,5,False,1.6732,1.28929,False,-0.596098,-5.24859e-15,0.596098,"échec, sauvé"
2021-03-02 16:00,2021,F2b,Short,99.3608,62.891,0.632955,0.101915,3.3957,2,17,False,1.32694,1.12534,False,-1.07747,-5.54213e-15,1.07747,"échec, sauvé"
2021-03-23 10:00,2021,F3,Long,104.785,55.9866,0.534302,1.00677,2.15659,14,22,False,0.791087,0.613503,False,-0.458501,-5.25526e-15,0.458501,"échec, sauvé"
2021-04-01 06:30,2021,F2b,Short,58.1207,29.8101,0.5129,1.60842,2.4273,10,14,False,0.965972,2.93127,False,0.670923,-9.47461e-15,-0.670923,"reprise après retest, coupé"
2021-04-06 23:00,2021,F2b,Short,55.2851,50.2419,0.908778,0.988461,2.21663,5,8,False,2.33598,6.7418,False,5.00287,-9.96056e-15,-5.00287,"reprise après retest, coupé"
2021-05-14 08:30,2021,F3,Long,126.405,59.9848,0.474545,0.126352,2.13884,14,22,False,1.79563,0.509441,False,-0.783825,-4.35641e-15,0.783825,"échec, sauvé"
2021-05-15 05:00,2021,F3,Short,98.0318,75.1307,0.766391,0.772079,3.24152,7,16,False,0.550326,3.95025,False,3.11001,-1.69424e-14,-3.11001,"reprise après retest, coupé"
2021-05-22 09:30,2021,F3,Long,235.378,92.7916,0.394224,0.29621,2.0072,9,12,False,-0.0119559,1.82269,False,0.680188,-2.33952e-15,-0.680188,"reprise après retest, coupé"
2021-06-01 12:00,2021,F2b,Long,100.648,63.8032,0.633922,2.45231,2.21419,4,6,False,2.41539,0.933886,False,-1.16793,-5.47123e-15,1.16793,"échec, sauvé"
2021-06-15 13:00,2021,F3,Long,86.5712,56.1272,0.648335,1.96022,2.66141,11,13,False,2.52645,0.85968,True,-2.45132,-6.3609e-15,2.45132,"échec, sauvé"
2021-06-30 15:00,2021,F2b,Short,84.9351,58.0804,0.683822,0.0200081,2.00377,3,6,False,1.9528,1.72938,False,1.71326,-6.48343e-15,-1.71326,"reprise après retest, coupé"
2021-07-10 14:30,2021,F2b,Short,51.016,42.7925,0.838805,2.78257,4.11101,6,17,False,0.579081,1.6026,False,0.927958,-1.07941e-14,-0.927958,"reprise après retest, coupé"
2021-07-14 01:30,2021,F3,Short,65.7549,70.922,1.07858,1.16138,3.23965,4,16,False,2.56643,3.5897,True,-2.18183,-8.37459e-15,2.18183,"échec, sauvé"
2021-07-22 14:00,2021,F2b,Long,68.9798,36.3208,0.526543,0.382475,2.45944,4,17,False,0.0426629,3.31889,False,2.59226,-7.98307e-15,-2.59226,"reprise après retest, coupé"
2021-07-29 21:00,2021,F2b,Long,70.9066,68.4531,0.965397,0.808459,2.344,5,7,False,5.04291,1.78628,False,-3.50139,-7.76614e-15,3.50139,"échec, sauvé"
2021-08-04 02:30,2021,F2b,Short,86.8735,38.6067,0.444402,0.212662,2.01697,13,18,False,4.0242,0.377047,False,-3.54678,6.44101e-15,3.54678,"échec, sauvé"
2021-08-07 02:30,2021,F3,Long,88.2881,56.9852,0.645446,0.93584,3.29696,20,21,False,0.624067,2.86362,False,0.593266,-6.2372e-15,-0.593266,"reprise après retest, coupé"
2021-08-18 14:30,2021,F2b,Long,75.929,53.251,0.701326,0.483098,2.01433,8,10,False,3.5238,0.528001,False,-3.5894,-7.25244e-15,3.5894,"échec, sauvé"
2021-08-29 00:30,2021,F3,Long,41.3644,46.3246,1.11992,0.117645,2.9635,1,5,False,2.99263,1.26759,True,-2.2832,-1.33127e-14,2.2832,"échec, sauvé"
2021-09-04 08:30,2021,F2b,Short,50.6957,37.5049,0.739805,1.74944,2.90435,18,24,False,0.533776,0.53716,False,-0.433747,-1.08623e-14,0.433747,"échec, sauvé"
2021-09-12 14:30,2021,F2b,Short,51.4883,60.2321,1.16982,1.1191,4.35744,13,18,False,2.3749,4.73602,False,3.62172,-1.06951e-14,-3.62172,"reprise après retest, coupé"
2021-09-26 21:30,2021,F2b,Long,63.2424,64.739,1.02366,2.70793,3.43489,8,25,False,0.0789693,2.21733,False,1.40298,-8.70729e-15,-1.40298,"reprise après retest, coupé"
2021-10-10 15:30,2021,F2b,Long,59.4957,62.5999,1.05218,0.571161,4.12095,10,11,False,12.818,4.84895,False,4.2596,-9.25564e-15,-4.2596,"reprise après retest, coupé"
2021-10-11 20:30,2021,F2b,Short,65.5427,38.4143,0.586095,0.697892,2.31163,14,19,False,1.0334,1.8718,False,0.204804,-8.4017e-15,-0.204804,"reprise après retest, coupé"
2021-10-26 03:30,2021,F3,Short,46.5043,32.6461,0.702002,1.53889,2.97205,22,25,False,0.54281,2.9041,False,0.921115,-1.18413e-14,-0.921115,"reprise après retest, coupé"
2021-10-30 19:00,2021,F3,Long,52.7397,28.781,0.545718,1.13771,2.5845,11,18,False,1.51343,0.7603,False,-0.763465,-1.04413e-14,0.763465,"échec, sauvé"
2021-11-17 07:00,2021,F2b,Long,97.9647,64.092,0.654236,2.10946,2.15093,10,16,False,0.439392,1.85331,False,1.01202,-5.62111e-15,-1.01202,"reprise après retest, coupé"
2021-11-18 04:30,2021,F3,Short,74.8093,51.7266,0.691446,0.544086,2.30757,18,19,False,-0.0608066,7.25255,False,4.46982,-7.361e-15,-4.46982,"reprise après retest, coupé"
2021-11-20 15:00,2021,F3,Short,45.0469,57.6592,1.27998,0.146219,3.84059,1,7,False,4.22348,2.13421,True,-1.83247,-1.22244e-14,1.83247,"échec, sauvé"
2021-12-01 08:30,2021,F3,Long,78.1525,54.1226,0.692525,2.01431,3.21861,12,20,False,2.46533,1.13986,True,-2.14569,-7.0461e-15,2.14569,"échec, sauvé"
2021-12-03 05:30,2021,F2b,Long,54.7466,40.1084,0.732619,0.10409,3.72529,10,19,False,6.06287,1.11282,False,-4.7694,-1.00585e-14,4.7694,"échec, sauvé"
2021-12-06 01:00,2021,F2b,Short,100.301,72.2844,0.720675,1.08873,2.0707,13,15,False,1.32821,3.52825,False,1.03151,-5.49018e-15,-1.03151,"reprise après retest, coupé"
2021-12-08 05:00,2021,F2b,Short,66.057,72.8895,1.10343,1.27415,5.04414,12,19,False,2.76484,4.06004,False,-0.0674209,-8.3363e-15,0.0674209,"échec, sauvé"
2021-12-10 10:30,2021,F2b,Long,77.6341,72.6338,0.935592,0.405488,4.85545,4,9,False,2.76356,3.69926,False,-1.76786,-7.09315e-15,1.76786,"échec, sauvé"
2021-12-24 12:30,2021,F3,Short,46.7018,35.2911,0.755668,1.33373,2.17219,6,7,False,3.03057,0.826516,True,-2.32806,-1.17912e-14,2.32806,"échec, sauvé"
2021-12-25 09:00,2021,F2b,Short,42.6519,27.6865,0.649127,0.464194,3.39904,17,19,False,1.15337,0.839362,False,-0.36016,-1.29108e-14,0.36016,"échec, sauvé"
2022-01-11 09:00,2022,F3,Short,66.4749,51.6586,0.777115,0.492082,2.62212,11,13,False,3.3244,2.01205,True,-2.31801,-8.28389e-15,2.31801,"échec, sauvé"
2022-01-20 10:30,2022,F3,Long,39.4038,71.5319,1.81536,1.11215,8.37447,7,23,False,4.94204,1.88853,True,-1.90759,-1.39751e-14,1.90759,"échec, sauvé"
2022-02-06 12:00,2022,F2b,Short,37.7188,50.4974,1.33879,4.37228,2.58907,7,8,False,7.36725,1.02968,False,-2.23629,-1.45994e-14,2.23629,"échec, sauvé"
2022-02-25 22:30,2022,F2b,Long,90.7093,51.3491,0.566084,0.0739613,3.91732,3,21,False,0.978523,1.14958,False,0.125955,-6.07072e-15,-0.125955,"reprise après retest, coupé"
2022-03-02 11:00,2022,F2b,Long,73.6413,61.508,0.835237,2.55669,2.19973,8,9,False,2.21083,3.53659,False,-0.821092,-7.47774e-15,0.821092,"échec, sauvé"
2022-03-03 03:00,2022,F2b,Short,69.3344,51.0583,0.736407,0.195943,2.91953,2,19,False,0.980639,4.86365,False,4.12964,-7.94224e-15,-4.12964,"reprise après retest, coupé"
2022-03-13 08:00,2022,F3,Short,33.5151,27.6858,0.826069,0.29831,5.35226,8,15,False,-0.0980631,4.15971,False,3.06565,-1.64305e-14,-3.06565,"reprise après retest, coupé"
2022-03-17 16:30,2022,F2b,Short,64.6175,32.0322,0.49572,0.94704,2.01403,17,26,False,0.301367,0.751826,False,0.218821,-8.522e-15,-0.218821,"reprise après retest, coupé"
2022-03-27 14:30,2022,F3,Long,26.5871,63.5038,2.38852,1.50851,2.64115,5,12,False,0.119239,25.5166,False,18.6283,-2.0712e-14,-18.6283,"reprise après retest, coupé"
2022-03-29 16:00,2022,F3,Short,52.2804,32.3345,0.618481,1.68752,2.17724,14,15,False,0.243008,3.66683,False,0.881968,-1.0533e-14,-0.881968,"reprise après retest, coupé"
2022-03-31 09:00,2022,F3,Long,36.1369,44.2426,1.22431,1.07952,2.07836,9,10,True,1.95442,-0.348872,True,-1.49017,-0.598214,0.891954,"échec, sauvé"
2022-04-04 11:00,2022,F2b,Short,46.9354,38.9532,0.829933,1.69808,4.04706,9,19,False,4.13385,1.32362,False,-2.49573,-1.17325e-14,2.49573,"échec, sauvé"
2022-04-16 21:00,2022,F3,Long,28.5779,16.4291,0.574888,0.027701,3.3552,2,7,False,1.61595,1.90451,False,0.89421,-1.92691e-14,-0.89421,"reprise après retest, coupé"
2022-04-23 19:00,2022,F3,Short,30.909,27.9696,0.904904,2.1688,2.98675,10,17,False,1.1982,1.34913,False,-0.864548,-5.3735e-14,0.864548,"échec, sauvé"
2022-04-28 13:30,2022,F3,Short,54.1842,45.6589,0.84266,0.390275,2.72172,2,4,False,3.8692,1.0133,True,-2.06204,-1.01629e-14,2.06204,"échec, sauvé"
2022-04-30 04:30,2022,F2b,Short,42.7215,22.1982,0.519603,0.95481,2.76691,21,24,False,0.0906139,2.01126,False,1.85887,-1.28898e-14,-1.85887,"reprise après retest, coupé"
2022-05-13 16:30,2022,F3,Short,118.972,67.4639,0.567057,0.145654,2.34363,4,5,False,0.0107377,2.87147,False,2.27144,-4.62857e-15,-2.27144,"reprise après retest, coupé"
2022-05-14 17:00,2022,F3,Long,89.7595,58.9532,0.65679,0.28195,2.26112,3,6,False,0.0976479,3.81321,False,1.77058,-6.13495e-15,-1.77058,"reprise après retest, coupé"
2022-05-15 07:30,2022,F2b,Long,78.5723,58.5867,0.74564,1.48929,2.77098,10,14,False,0.520062,5.29706,False,4.50905,-7.00846e-15,-4.50905,"reprise après retest, coupé"
2022-05-17 11:30,2022,F2b,Short,64.3031,62.1833,0.967035,1.65092,5.08603,7,21,False,1.15896,0.960382,False,-1.18498,-8.56367e-15,1.18498,"échec, sauvé"
2022-05-27 11:00,2022,F2b,Short,73.9804,58.3687,0.788975,2.71013,2.48062,13,18,False,1.10011,1.49116,False,0.758506,-7.44346e-15,-0.758506,"reprise après retest, coupé"
2022-06-05 12:30,2022,F3,Long,29.4168,36.0429,1.22525,1.47903,4.64897,7,9,False,-0.0333521,9.92557,False,9.15352,-1.87196e-14,-9.15352,"reprise après retest, coupé"
2022-06-12 14:00,2022,F3,Short,65.9519,85.0813,1.29005,1.45167,2.28955,1,2,True,3.57464,-0.956605,True,-1.67871,-1.07149,0.607223,"échec, sauvé"
2022-06-14 20:00,2022,F3,Short,169.715,109.567,0.645596,0.172621,2.19839,4,8,False,0.372815,5.35058,False,5.14659,-9.78638e-15,-5.14659,"reprise après retest, coupé"
2022-06-16 19:00,2022,F2b,Short,141.785,79.2092,0.558656,0.313448,2.68767,8,15,False,0.913207,2.34846,False,-0.293734,3.94648e-15,0.293734,"échec, sauvé"
2022-06-18 18:00,2022,F3,Short,119.022,168.417,1.41501,0.171136,4.49813,2,7,False,3.66445,3.8345,True,-2.94783,4.70126e-15,2.94783,"échec, sauvé"
2022-06-22 10:00,2022,F3,Long,103.776,67.5137,0.65057,1.48026,2.11852,9,11,False,2.78931,1.21342,True,-2.25148,-5.30633e-15,2.25148,"échec, sauvé"
2022-06-27 04:30,2022,F3,Long,58.9878,57.4856,0.974534,0.570687,2.47788,9,17,True,3.96403,0.495145,True,-2.37063,-0.0736517,2.29698,"échec, sauvé"
2022-07-04 22:30,2022,F2b,Long,70.5229,45.9831,0.65203,0.134249,3.53107,2,20,False,2.44186,1.77147,False,-1.47655,-7.80839e-15,1.47655,"échec, sauvé"
2022-07-06 17:00,2022,F2b,Long,76.3296,28.1724,0.369088,0.8586,2.33578,11,26,False,0.321442,0.686182,False,-0.0481986,-7.21438e-15,0.0481986,"échec, sauvé"
2022-07-08 06:00,2022,F3,Short,86.3156,66.6586,0.772266,0.0422376,3.64541,6,19,False,1.37317,1.58415,False,0.714117,6.48263e-15,-0.714117,"reprise après retest, coupé"
2022-07-29 04:00,2022,F2b,Long,72.3602,62.1198,0.85848,0.128497,3.04899,6,7,False,2.7637,1.8462,False,-0.45959,-7.61013e-15,0.45959,"échec, sauvé"
2022-08-14 01:00,2022,F3,Long,42.726,29.4382,0.689001,1.02109,4.9146,13,22,False,1.23104,1.28829,False,-0.593937,-1.28884e-14,0.593937,"échec, sauvé"
2022-08-21 19:30,2022,F3,Long,42.0273,31.5535,0.750787,0.607865,2.79618,3,4,True,2.69671,1.8236,True,-2.16399,-0.262674,1.90131,"échec, sauvé"
2022-08-22 23:30,2022,F3,Long,53.7532,44.8334,0.83406,0.184211,2.29825,2,12,False,2.36843,0.692984,True,-2.18094,-1.02444e-14,2.18094,"échec, sauvé"
2022-08-26 00:30,2022,F3,Short,41.0518,46.5595,1.13417,0.871274,4.6732,10,25,False,3.81324,3.00986,True,-1.87525,-1.3414e-14,1.87525,"échec, sauvé"
2022-08-30 01:00,2022,F2b,Long,47.3689,32.8267,0.693001,1.48991,3.27155,7,26,False,0.114609,1.93793,False,-0.0326182,-1.16252e-14,0.0326182,"échec, sauvé"
2022-09-06 00:00,2022,F2b,Long,34.6158,43.648,1.26093,0.233513,5.57513,2,4,False,1.80973,3.60486,False,0.70183,-1.59081e-14,-0.70183,"reprise après retest, coupé"
2022-09-06 13:30,2022,F3,Short,42.3798,73.6862,1.73871,0.594361,2.27046,2,3,False,0.439827,15.6198,False,14.2627,-1.29937e-14,-14.2627,"reprise après retest, coupé"
2022-10-12 00:00,2022,F2b,Long,33.3268,14.692,0.440846,0.519541,2.17263,14,26,False,1.47991,1.74755,False,0.0388749,-1.65233e-14,-0.0388749,"reprise après retest, coupé"
2022-11-13 01:00,2022,F2b,Long,33.1382,33.7483,1.01841,6.72864,3.0862,20,21,True,5.05994,-2.79912,False,-3.25392,-4.74266,-1.48874,"reprise après retest, coupé"
2022-11-28 13:30,2022,F2b,Short,22.882,33.4928,1.46372,3.10809,4.45944,6,7,False,5.16214,2.13512,False,-3.05651,-2.40657e-14,3.05651,"échec, sauvé"
2022-12-06 21:30,2022,F2b,Long,23.5196,23.6632,1.0061,0.625701,3.57901,4,16,False,6.30707,1.47666,False,-4.79272,-2.34132e-14,4.79272,"échec, sauvé"
2022-12-16 23:00,2022,F3,Short,41.3519,22.6937,0.548795,0.101128,2.41263,2,3,False,0.390066,2.06591,False,0.2836,1.35315e-14,-0.2836,"reprise après retest, coupé"
2022-12-18 13:30,2022,F3,Long,13.452,14.3261,1.06498,1.99978,2.79969,10,11,False,-0.133319,5.46606,False,0.961573,-4.0936e-14,-0.961573,"reprise après retest, coupé"
2022-12-31 08:00,2022,F2b,Long,10.961,8.55802,0.780771,1.2672,3.80159,13,23,False,0,0.716242,False,-0.401064,-5.02391e-14,0.401064,"échec, sauvé"
2023-01-08 04:30,2023,F3,Long,5.56266,10.8475,1.95006,1.06128,2.33482,11,12,True,2.12256,7.74734,False,-0.792723,-1.42949,-0.636768,"reprise après retest, coupé"
2023-01-11 12:00,2023,F2b,Short,15.5144,45.5128,2.93358,0.0369631,2.06993,6,7,False,30.7163,4.32468,False,-30.3784,-3.54941e-14,30.3784,"échec, sauvé"
2023-01-16 01:00,2023,F3,Long,47.8753,43.3732,0.905963,0.54763,4.28147,1,15,False,2.8875,1.37405,True,-2.25482,-1.15022e-14,2.25482,"échec, sauvé"
2023-01-24 08:00,2023,F2b,Short,36.7618,21.2653,0.578463,0.424757,3.9526,3,24,False,0.117988,1.994,False,0.33588,-1.49794e-14,-0.33588,"reprise après retest, coupé"
2023-02-14 07:30,2023,F2b,Long,23.8998,63.6986,2.66524,1.46083,2.44113,5,13,False,3.92119,10.4373,False,8.20788,-2.30408e-14,-8.20788,"reprise après retest, coupé"
2023-02-18 13:00,2023,F3,Long,39.0352,18.9808,0.486247,0.748909,2.55877,11,14,False,0.873727,1.54982,False,0.829083,-1.4107e-14,-0.829083,"reprise après retest, coupé"
2023-02-19 11:30,2023,F3,Long,25.569,46.5004,1.81862,0.712499,7.59999,8,11,False,4.10083,6.07999,True,-2.28538,-2.15367e-14,2.28538,"échec, sauvé"
2023-02-21 00:30,2023,F2b,Long,43.6803,38.7636,0.887439,0.110677,3.92905,5,17,False,2.98829,2.39801,False,-1.76527,-1.26068e-14,1.76527,"échec, sauvé"
2023-02-28 05:00,2023,F2b,Short,38.0017,20.3395,0.535226,0.37085,2.2251,6,14,False,2.00034,0.977694,False,-1.45764,-1.44907e-14,1.45764,"échec, sauvé"
2023-03-06 07:30,2023,F3,Long,25.8561,17.7352,0.68592,1.13818,2.8282,17,24,False,1.01746,1.50032,False,-1.15915,-2.12975e-14,1.15915,"échec, sauvé"
2023-03-07 07:00,2023,F3,Short,18.9975,22.2943,1.17353,0.375269,11.8679,10,18,False,0.961626,8.56081,False,7.07996,-2.89864e-14,-7.07996,"reprise après retest, coupé"
2023-03-14 11:30,2023,F3,Long,76.0244,134.844,1.77369,0.48363,9.49721,3,16,False,3.47576,2.62542,True,-2.79261,-7.24334e-15,2.79261,"échec, sauvé"
2023-03-21 01:00,2023,F2b,Short,75.7172,38.0104,0.502004,0.548363,2.35891,13,18,False,1.79163,1.12982,False,-0.883941,-7.27273e-15,0.883941,"échec, sauvé"
2023-03-24 08:30,2023,F2b,Short,48.4641,59.2361,1.22227,0.204868,5.41436,7,12,False,8.63372,7.88741,False,6.84795,-1.13625e-14,-6.84795,"reprise après retest, coupé"
2023-04-01 20:30,2023,F3,Long,23.5257,14.9664,0.636171,0.119556,2.07729,1,2,False,0.986339,1.9129,False,-0.660885,-2.34072e-14,0.660885,"échec, sauvé"
2023-04-09 00:00,2023,F2b,Long,15.8372,12.3836,0.781934,0.158032,3.25093,2,13,False,2.50593,1.42228,False,-0.699518,-3.47708e-14,0.699518,"échec, sauvé"
2023-04-11 11:30,2023,F2b,Long,43.4042,32.8722,0.757351,0.910007,3.42591,16,18,False,1.27707,1.9806,False,1.4984,-1.2687e-14,-1.4984,"reprise après retest, coupé"
2023-04-12 08:00,2023,F2b,Long,37.053,27.1452,0.732606,1.20472,4.31541,10,12,False,3.0028,2.30155,False,-0.611371,-1.48617e-14,0.611371,"échec, sauvé"
2023-04-16 01:00,2023,F2b,Short,18.1492,7.72117,0.425429,0,2.78122,1,2,False,1.98139,1.92685,False,0.324395,-3.03414e-14,-0.324395,"reprise après retest, coupé"
2023-04-19 20:00,2023,F2b,Short,45.8217,33.1301,0.723021,0.813399,2.8954,3,5,False,0.141785,4.87293,False,2.81814,-1.20177e-14,-2.81814,"reprise après retest, coupé"
2023-04-20 09:00,2023,F3,Short,46.9898,37.8799,0.806129,0.619948,3.4909,7,8,False,1.12181,6.11092,False,4.34425,-1.17189e-14,-4.34425,"reprise après retest, coupé"
2023-04-21 06:00,2023,F2b,Short,41.6199,37.175,0.893202,0.494838,2.84959,2,4,False,0.90436,3.76248,False,3.25842,-1.32309e-14,-3.25842,"reprise après retest, coupé"
2023-04-23 11:00,2023,F3,Short,30.8504,18.6169,0.603456,2.42496,2.17776,9,11,False,1.83638,2.14244,False,-0.892021,-1.78497e-14,0.892021,"échec, sauvé"
2023-04-28 09:00,2023,F3,Short,47.4209,33.1787,0.699664,1.39076,2.50049,10,11,False,1.3115,2.22666,False,-0.710642,1.17997e-14,0.710642,"échec, sauvé"
2023-04-30 05:00,2023,F3,Long,18.4643,34.2741,1.85624,0.0185259,2.35279,8,12,False,0.870717,13.561,False,7.71524,-2.98236e-14,-7.71524,"reprise après retest, coupé"
2023-05-10 04:00,2023,F2b,Short,33.0226,39.1261,1.18483,0.317035,2.35043,9,16,False,6.87637,0.918307,False,-5.78171,1.69445e-14,5.78171,"échec, sauvé"
2023-05-12 16:00,2023,F3,Short,45.0776,57.0204,1.26494,0.657253,4.46595,7,8,False,4.20473,3.72443,True,-2.47845,-1.22161e-14,2.47845,"échec, sauvé"
2023-05-13 09:30,2023,F2b,Long,32.104,14.0339,0.43714,0.731629,2.67103,19,20,True,0.452913,1.66068,False,0.26233,-0.43446,-0.696789,"reprise après retest, coupé"
2023-05-14 00:00,2023,F3,Short,30.0792,14.1515,0.470474,0.148922,2.5689,2,5,False,1.2286,0.893531,False,-1.15845,1.86026e-14,1.15845,"échec, sauvé"
2023-05-14 14:00,2023,F3,Long,21.6959,27.6044,1.27233,1.18065,4.53438,3,6,False,3.43929,2.13886,True,-3.22486,-2.53813e-14,3.22486,"échec, sauvé"
2023-05-21 21:00,2023,F3,Short,20.7543,19.2427,0.92717,0.179432,5.38296,1,19,False,1.23808,1.54312,False,-0.635753,-2.65329e-14,0.635753,"échec, sauvé"
2023-05-27 13:00,2023,F2b,Long,12.9955,24.3874,1.8766,4.49223,3.45556,12,13,True,0.172778,13.3903,False,10.7307,-0.442341,-11.173,"reprise après retest, coupé"
2023-05-29 21:00,2023,F2b,Long,31.2341,17.3247,0.554673,1.26025,2.91362,13,17,False,0.0231239,2.50895,False,1.93279,-1.76304e-14,-1.93279,"reprise après retest, coupé"
2023-06-18 20:30,2023,F3,Short,27.216,10.8505,0.398681,0.77731,2.73446,6,11,False,0.194327,1.30477,False,0.677333,-2.02334e-14,-0.677333,"reprise après retest, coupé"
2023-06-22 07:00,2023,F3,Short,57.4658,43.1976,0.75171,1.27622,3.07217,16,20,False,0.750718,1.32819,False,-0.624096,-9.58257e-15,0.624096,"échec, sauvé"
2023-06-24 08:30,2023,F2b,Short,40.1229,21.163,0.527455,1.60361,2.65368,16,18,False,0.814013,1.32684,False,0.656963,-1.37246e-14,-0.656963,"reprise après retest, coupé"
2023-06-25 02:00,2023,F2b,Long,29.1942,23.4701,0.803932,0.0559367,4.77699,5,15,False,1.01805,1.45435,False,-0.887209,-1.88623e-14,0.887209,"échec, sauvé"
2023-07-02 13:30,2023,F2b,Short,14.0955,19.0632,1.35243,2.8843,7.46661,4,5,False,6.72227,2.93082,False,-6.28692,-3.9067e-14,6.28692,"échec, sauvé"
2023-07-08 13:00,2023,F2b,Short,17.0751,11.2221,0.657224,2.56157,2.40633,13,17,False,4.34691,0.620987,False,-3.37825,3.27701e-14,3.37825,"échec, sauvé"
2023-07-11 15:00,2023,F3,Long,28.659,15.831,0.552393,0.137176,3.01788,1,2,False,1.36033,1.73757,False,0.488206,-1.92146e-14,-0.488206,"reprise après retest, coupé"
2023-07-16 19:00,2023,F3,Short,16.9518,11.2271,0.662299,1.55798,2.66804,10,11,False,0.993212,1.73325,False,-0.411807,-3.24846e-14,0.411807,"échec, sauvé"
2023-08-16 05:30,2023,F3,Short,13.4816,17.2342,1.27835,0.534221,2.16232,9,10,False,0.992124,6.07994,False,-1.21039,-4.08461e-14,1.21039,"échec, sauvé"
2023-08-25 09:00,2023,F2b,Long,25.4187,31.0049,1.21977,0.693687,2.03582,10,11,True,5.14234,2.89539,False,-0.588775,-0.76973,-0.180955,"reprise après retest, coupé"
2023-09-01 11:00,2023,F2b,Long,22.6837,43.229,1.90573,0.271372,2.44235,3,4,False,11.1432,2.00137,False,-3.42625,-2.4276e-14,3.42625,"échec, sauvé"
2023-09-04 10:30,2023,F2b,Short,15.8623,13.8641,0.874027,0.194478,4.93488,4,11,False,0.340337,6.9526,False,3.50157,3.52756e-14,-3.50157,"reprise après retest, coupé"
2023-09-09 11:00,2023,F3,Short,10.0571,5.3437,0.531336,0.153795,2.42227,6,8,False,1.69175,1.61485,True,-1.61205,-1.65147e-13,1.61205,"échec, sauvé"
2023-09-10 11:00,2023,F3,Short,10.2964,13.2488,1.28674,0.526891,5.60763,9,18,False,3.5377,8.20445,True,-2.70607,-5.34817e-14,2.70607,"échec, sauvé"
2023-09-13 21:30,2023,F3,Long,37.5517,36.4982,0.971946,0.6694,2.69788,7,8,False,1.14609,2.82974,False,0.607247,-1.46643e-14,-0.607247,"reprise après retest, coupé"
2023-09-17 00:30,2023,F3,Short,15.7245,6.89411,0.438432,0.167918,2.13495,2,3,False,1.48727,0.67167,True,-1.80468,3.55848e-14,1.80468,"échec, sauvé"
2023-09-17 14:00,2023,F3,Short,11.3836,16.5987,1.45812,1.6546,4.56668,9,21,False,4.86451,5.62563,True,-2.6228,-4.83741e-14,2.6228,"échec, sauvé"
2023-10-07 22:00,2023,F3,Long,15.1254,12.5229,0.827938,0.567724,3.40634,9,14,False,2.19993,1.34834,True,-2.31682,-3.64069e-14,2.31682,"échec, sauvé"
2023-10-13 20:30,2023,F2b,Long,21.7447,21.5251,0.989899,0.360894,5.98053,1,5,False,-0.103113,3.9011,False,1.81513,-2.53244e-14,-1.81513,"reprise après retest, coupé"
2023-10-15 10:30,2023,F2b,Long,6.36699,20.6224,3.23896,5.07945,3.32792,6,7,False,3.21115,23.237,False,8.84814,-8.64884e-14,-8.84814,"reprise après retest, coupé"
2023-11-03 23:30,2023,F3,Long,37.3541,14.9355,0.399836,0.817643,2.17524,14,25,False,0.0771361,0.701939,False,0.0512244,-1.47419e-14,-0.0512244,"reprise après retest, coupé"
2023-11-05 07:00,2023,F3,Short,27.6059,20.5065,0.742832,1.20792,2.92172,14,21,False,2.02352,1.09435,False,0.706726,2.02693e-14,-0.706726,"reprise après retest, coupé"
2023-11-06 09:00,2023,F2b,Long,31.249,21.8973,0.700736,0.137238,2.86369,3,9,False,1.45472,2.46113,False,0.343199,-1.7622e-14,-0.343199,"reprise après retest, coupé"
2023-11-09 13:30,2023,F2b,Long,48.138,66.779,1.38724,0.388323,5.99931,2,6,False,6.34824,1.76715,False,-1.17316,-1.14394e-14,1.17316,"échec, sauvé"
2023-11-11 11:30,2023,F2b,Short,30.5688,22.2221,0.726954,2.54563,2.91687,22,25,False,1.5645,1.59102,False,-0.251972,-1.80142e-14,0.251972,"échec, sauvé"
2023-12-12 15:00,2023,F3,Short,51.9253,53.6882,1.03395,0.492317,3.75276,5,17,False,0.334404,4.03143,False,2.87212,-1.06051e-14,-2.87212,"reprise après retest, coupé"
2023-12-17 14:00,2023,F2b,Short,25.653,29.9942,1.16923,0.708218,2.7956,2,5,False,4.94821,9.78459,False,8.65761,-2.14661e-14,-8.65761,"reprise après retest, coupé"
2023-12-21 21:00,2023,F2b,Long,50.2785,29.3597,0.583942,0.263457,2.83444,10,21,False,1.40813,0.835796,False,-0.27206,-1.09524e-14,0.27206,"échec, sauvé"
2023-12-31 22:30,2023,F2b,Short,28.1956,22.3483,0.792617,0.0416734,4.05066,1,7,False,1.64193,3.08383,False,-1.21071,-5.89062e-14,1.21071,"échec, sauvé"
2024-01-10 08:00,2024,F3,Short,57.6981,77.1314,1.33681,0.310453,5.60708,8,20,False,2.46848,0.787489,True,-1.71439,-2.87859e-14,1.71439,"échec, sauvé"
2024-01-14 20:00,2024,F3,Short,29.6571,38.2043,1.2882,0.609013,3.40098,1,2,False,1.35248,7.50589,False,-0.295151,1.88674e-14,0.295151,"échec, sauvé"
2024-01-21 08:30,2024,F2b,Long,15.3586,11.7473,0.764867,0.593615,2.6244,11,15,False,2.53067,0.984151,False,-0.0599927,-3.58543e-14,0.0599927,"échec, sauvé"
2024-01-30 11:30,2024,F3,Long,29.8717,31.6105,1.05821,0.361967,2.94964,2,3,True,2.42595,0.21564,True,-2.09265,-0.144279,1.94837,"échec, sauvé"
2024-02-02 09:30,2024,F2b,Short,32.8617,31.3661,0.954488,1.4287,3.37371,9,12,False,3.08373,2.9352,False,-0.972785,-1.67572e-14,0.972785,"échec, sauvé"
2024-02-15 10:30,2024,F3,Long,47.7127,37.8501,0.793292,0.489382,2.55121,9,10,False,2.479,1.8412,True,-2.34316,-1.15414e-14,2.34316,"échec, sauvé"
2024-02-22 12:00,2024,F3,Short,40.3214,37.3251,0.92569,0.528637,3.28235,3,8,False,2.13858,1.43693,True,-2.08004,-1.3657e-14,2.08004,"échec, sauvé"
2024-02-23 22:00,2024,F2b,Short,36.2486,15.4309,0.425697,0.238111,2.49475,3,14,False,0.903739,0.378813,False,-0.624962,-1.51915e-14,0.624962,"échec, sauvé"
2024-03-12 07:30,2024,F2b,Long,59.4961,80.4228,1.35173,1.59054,2.14013,14,15,True,8.14833,0.312054,False,-2.75661,-0.10967,2.64694,"échec, sauvé"
2024-04-18 10:00,2024,F2b,Long,66.9678,58.4831,0.873303,0.310126,3.52041,3,6,False,0.00726857,6.15406,False,4.52075,-8.22292e-15,-4.52075,"reprise après retest, coupé"
2024-04-23 03:00,2024,F3,Short,41.6122,25.8513,0.621244,0.598478,2.88062,11,23,False,1.9108,0.998664,False,0.554234,-1.32334e-14,-0.554234,"reprise après retest, coupé"
2024-05-08 07:00,2024,F2b,Short,49.1407,32.7766,0.666995,0.22469,2.31854,14,15,False,0.986681,1.95057,False,1.01846,-1.1206e-14,-1.01846,"reprise après retest, coupé"
2024-05-29 22:00,2024,F3,Long,45.1467,22.0749,0.48896,0.651798,2.38447,14,20,False,1.65079,1.26757,False,0.888489,-1.21974e-14,-0.888489,"reprise après retest, coupé"
2024-06-08 21:00,2024,F2b,Short,15.3728,5.58324,0.36319,0.412647,2.17578,13,16,False,0.318864,1.16291,False,-0.287738,-1.08041e-13,0.287738,"échec, sauvé"
2024-07-02 12:30,2024,F2b,Long,24.9902,22.9263,0.917413,1.26434,2.50314,3,4,True,5.98327,-0.146868,False,-4.38248,-0.928009,3.45448,"échec, sauvé"
2024-07-22 19:00,2024,F2b,Long,46.7902,35.3841,0.75623,0.224888,2.66065,2,9,False,3.80727,0.981907,False,-2.89137,-1.17689e-14,2.89137,"échec, sauvé"
2024-07-31 03:00,2024,F2b,Short,43.6036,25.5231,0.585343,0.360764,2.16112,4,6,False,2.43169,1.23839,False,-0.971485,-3.80907e-14,0.971485,"échec, sauvé"
2024-08-02 09:00,2024,F3,Long,61.9473,71.4692,1.15371,1.09319,2.32398,10,11,False,3.73237,1.95624,True,-1.98922,-8.88934e-15,1.98922,"échec, sauvé"
2024-08-11 03:30,2024,F3,Long,31.4013,25.1113,0.799692,2.29417,2.75611,12,13,False,4.14196,0.892752,True,-2.81231,-1.75366e-14,2.81231,"échec, sauvé"
2024-08-15 09:00,2024,F2b,Long,56.0356,61.9112,1.10485,0.198711,4.5245,8,19,False,6.82649,1.59275,False,-2.41584,-9.82715e-15,2.41584,"échec, sauvé"
2024-08-18 00:30,2024,F3,Long,24.3464,33.0973,1.35943,1.11722,4.72406,5,6,False,1.99307,4.92405,False,3.36015,-2.26181e-14,-3.36015,"reprise après retest, coupé"
2024-09-01 13:30,2024,F2b,Short,36.7133,44.2486,1.20525,1.17977,3.3607,2,3,False,3.84952,3.82602,False,2.20005,-1.49992e-14,-2.20005,"reprise après retest, coupé"
2024-09-06 00:30,2024,F3,Long,53.2388,52.6748,0.989405,0.841925,2.00792,4,14,False,3.06367,0.674876,True,-2.0281,-1.03434e-14,2.0281,"échec, sauvé"
2024-09-12 07:30,2024,F2b,Short,46.2986,43.0645,0.930148,1.06756,2.70796,13,14,False,1.8487,2.40294,False,-0.647382,-1.18939e-14,0.647382,"échec, sauvé"
2024-09-29 05:00,2024,F2b,Short,18.4752,10.9569,0.593059,0.0823193,2.46958,4,14,False,1.5476,1.17717,False,-0.953903,-2.98059e-14,0.953903,"échec, sauvé"
2024-10-09 08:00,2024,F2b,Short,28.1035,31.8269,1.13249,0,3.72757,10,15,False,0.657469,11.2627,False,10.439,-1.95944e-14,-10.439,"reprise après retest, coupé"
2024-10-13 11:30,2024,F3,Short,20.7878,24.8943,1.19754,1.37544,4.40295,7,11,False,3.1735,2.32826,True,-2.63764,-2.64901e-14,2.63764,"échec, sauvé"
2024-10-16 10:00,2024,F3,Long,42.2177,28.8233,0.682731,0.274067,3.42935,3,8,False,1.03653,3.08501,False,1.17813,-1.30436e-14,-1.17813,"reprise après retest, coupé"
2024-11-14 07:30,2024,F2b,Short,81.1122,82.3914,1.01577,2.71633,3.08143,16,19,False,0.0974528,2.47613,False,1.83654,-6.789e-15,-1.83654,"reprise après retest, coupé"
2024-11-19 04:00,2024,F3,Long,66.3729,41.8354,0.630308,0.469424,2.24171,19,20,False,0.701666,2.07535,False,1.84677,-8.29661e-15,-1.84677,"reprise après retest, coupé"
2024-11-30 22:00,2024,F2b,Short,20.7521,20.1071,0.968921,0.139352,5.32524,2,21,False,1.83148,1.71702,False,-0.489773,-2.65357e-14,0.489773,"échec, sauvé"
2024-12-08 22:00,2024,F2b,Long,31.4475,39.7081,1.26268,0.444747,4.1965,3,5,False,5.75947,3.76446,False,-4.53396,-1.75108e-14,4.53396,"échec, sauvé"
2024-12-09 14:00,2024,F3,Long,49.3768,59.5531,1.20609,0.214829,2.95645,2,3,False,3.01783,3.0076,True,-2.22334,-1.11524e-14,2.22334,"échec, sauvé"
2024-12-17 03:00,2024,F2b,Long,46.9283,49.2384,1.04923,0,4.10974,11,25,False,1.16877,3.9674,False,0.236199,-1.17343e-14,-0.236199,"reprise après retest, coupé"
2024-12-20 06:00,2024,F2b,Short,88.7646,71.8782,0.809763,1.7311,5.26435,7,19,False,1.17542,1.29425,False,-0.414224,-6.20372e-15,0.414224,"échec, sauvé"
2024-12-22 14:30,2024,F3,Short,47.5656,43.8922,0.922771,1.28599,3.41469,11,18,False,-0.0680304,4.64582,False,0.597454,-1.15771e-14,-0.597454,"reprise après retest, coupé"
2024-12-30 09:00,2024,F2b,Long,37.5467,65.1192,1.73435,6.70422,3.46299,19,25,False,5.38783,1.62346,False,-5.10884,-1.46663e-14,5.10884,"échec, sauvé"
2025-01-14 09:00,2025,F2b,Long,47.1231,40.1867,0.852803,0,4.1589,1,16,False,0.302303,3.51872,False,2.04116,-1.16858e-14,-2.04116,"reprise après retest, coupé"
2025-01-18 23:00,2025,F2b,Long,43.4293,35.7809,0.82389,0.61435,2.46403,7,13,False,1.96238,2.85518,False,-0.170375,-1.26797e-14,0.170375,"échec, sauvé"
2025-01-24 16:00,2025,F2b,Long,56.5842,34.6408,0.612199,0.414008,2.14516,5,8,False,2.48238,1.04337,False,-2.16341,-9.73189e-15,2.16341,"échec, sauvé"
2025-02-07 10:30,2025,F3,Long,42.1348,47.9787,1.1387,0.445763,6.7035,7,14,False,3.03996,2.30676,True,-2.07223,-1.30693e-14,2.07223,"échec, sauvé"
2025-02-14 08:00,2025,F2b,Long,29.5429,43.4402,1.47041,1.7002,2.15755,14,15,False,2.29021,6.68561,False,0.693076,-1.86397e-14,-0.693076,"reprise après retest, coupé"
2025-02-18 11:00,2025,F2b,Long,31.1008,38.1462,1.22654,0.635014,3.35314,5,8,False,7.98303,2.913,False,-0.510131,-1.7706e-14,0.510131,"échec, sauvé"
2025-02-20 10:00,2025,F3,Long,23.2161,29.2187,1.25855,0.403265,3.46542,9,10,False,1.5909,6.90869,False,4.01227,-2.37194e-14,-4.01227,"reprise après retest, coupé"
2025-02-26 13:00,2025,F3,Short,56.4469,71.7427,1.27098,0.262074,5.1185,3,5,False,1.02007,11.5857,False,6.45303,9.9129e-15,-6.45303,"reprise après retest, coupé"
2025-03-01 02:00,2025,F3,Long,79.189,33.9607,0.428856,0.431286,2.85037,5,19,False,0.432778,0.490979,False,0.0398458,-6.95388e-15,-0.0398458,"reprise après retest, coupé"
2025-03-14 09:30,2025,F3,Long,42.6708,48.7886,1.14337,0.715514,2.7461,9,10,False,0.777733,6.73375,False,3.96426,-1.29051e-14,-3.96426,"reprise après retest, coupé"
2025-03-18 11:30,2025,F3,Short,38.554,37.4264,0.970753,0.404639,4.81803,5,24,False,0.909653,0.909653,False,-1.08658,-1.42831e-14,1.08658,"échec, sauvé"
2025-04-04 07:00,2025,F2b,Long,40.391,69.4299,1.71895,0.01491,5.0187,2,7,False,4.0734,4.98291,False,2.70612,-1.36335e-14,-2.70612,"reprise après retest, coupé"
2025-04-23 11:30,2025,F2b,Short,44.6084,44.1928,0.990682,2.55675,3.97876,6,11,False,1.42441,1.44356,False,0.54871,-1.23445e-14,-0.54871,"reprise après retest, coupé"
2025-04-26 19:30,2025,F2b,Short,20.1292,20.3563,1.01129,5.81385,2.97808,20,26,False,0.0527094,1.04365,False,-0.174602,-2.73569e-14,0.174602,"échec, sauvé"
2025-04-29 21:30,2025,F3,Short,34.7461,21.2222,0.610779,0.499117,2.56559,4,7,False,1.74995,0.882586,False,-1.20242,-1.58484e-14,1.20242,"échec, sauvé"
2025-05-07 16:00,2025,F2b,Short,30.8298,32.5666,1.05634,0.0635755,3.72753,4,11,False,8.28154,0.819789,False,-6.97486,-5.38731e-14,6.97486,"échec, sauvé"
2025-05-11 20:00,2025,F2b,Long,35.6817,33.6972,0.944384,2.26439,3.32951,23,24,False,1.01951,3.26244,False,0.305212,-1.54329e-14,-0.305212,"reprise après retest, coupé"
2025-05-20 06:30,2025,F3,Short,45.9299,36.1445,0.786951,0.447821,2.64565,15,20,False,1.944,0.778011,False,-1.86692,-1.19894e-14,1.86692,"échec, sauvé"
2025-06-03 10:30,2025,F2b,Long,25.4824,27.5245,1.08014,0.815836,5.6438,9,23,False,-0.141561,2.30967,False,0.731407,-2.16099e-14,-0.731407,"reprise après retest, coupé"
2025-06-08 00:00,2025,F3,Short,18.5772,10.9443,0.589124,1.06009,2.84898,19,23,False,0.958155,1.11615,False,-0.916412,-2.96423e-14,0.916412,"échec, sauvé"
2025-06-18 07:30,2025,F3,Short,30.6065,31.6092,1.03276,1.10821,2.2849,7,10,False,1.14556,4.47018,False,1.97213,-1.7992e-14,-1.97213,"reprise après retest, coupé"
2025-07-09 00:30,2025,F2b,Short,21.2363,13.9874,0.658655,1.35427,2.08549,8,11,False,4.08012,1.35427,False,-3.57133,2.63489e-14,3.57133,"échec, sauvé"
2025-07-19 14:00,2025,F2b,Short,17.5,14.7477,0.842726,0.154622,2.61891,2,3,False,0.111135,4.39223,False,0.825631,-3.1467e-14,-0.825631,"reprise après retest, coupé"
2025-07-30 11:00,2025,F3,Short,23.6651,32.6633,1.38023,0.533547,2.37411,2,7,False,2.44572,1.48964,True,-1.73644,-2.32693e-14,1.73644,"échec, sauvé"
2025-08-06 21:30,2025,F2b,Short,28.8675,18.7025,0.647872,0.273735,2.64711,11,22,False,2.19589,1.04079,False,-2.38715,-5.7535e-14,2.38715,"échec, sauvé"
2025-08-25 06:00,2025,F3,Short,41.5974,25.1557,0.604742,0.284748,3.67389,4,18,False,1.37664,0.967714,False,-0.323566,-1.32381e-14,0.323566,"échec, sauvé"
2025-08-27 11:00,2025,F2b,Long,30.2148,25.3552,0.839164,0,4.9532,6,19,False,0.199798,4.41344,False,0.690368,-1.82252e-14,-0.690368,"reprise après retest, coupé"
2025-08-31 00:30,2025,F3,Long,16.1468,16.7402,1.03675,0.0341259,3.48084,1,8,False,2.3945,1.66079,True,-2.61309,-3.4104e-14,2.61309,"échec, sauvé"
2025-08-31 15:30,2025,F3,Long,19.2671,20.0933,1.04288,0.401552,3.17895,5,16,False,2.29936,1.64445,True,-2.00435,-2.85809e-14,2.00435,"échec, sauvé"
2025-09-03 09:00,2025,F2b,Long,28.633,23.6195,0.824905,0.320875,2.2241,5,8,False,-0.160437,5.02074,False,3.06558,-1.9232e-14,-3.06558,"reprise après retest, coupé"
2025-09-07 20:30,2025,F2b,Long,16.0896,17.9138,1.11338,1.14564,2.1404,6,7,False,3.29722,4.6161,False,3.17647,-3.42253e-14,-3.17647,"reprise après retest, coupé"
2025-09-20 18:00,2025,F3,Short,11.1588,7.22127,0.647137,0.912383,2.93818,14,25,False,-0.146909,1.22167,False,0.472039,-4.93486e-14,-0.472039,"reprise après retest, coupé"
2025-09-27 07:30,2025,F2b,Short,17.5367,8.07002,0.46018,0,2.19138,4,7,False,-0.0988986,1.55635,False,0.360327,-3.14011e-14,-0.360327,"reprise après retest, coupé"
2025-10-02 10:00,2025,F3,Long,24.3316,28.0855,1.15428,1.07133,3.31075,8,10,False,1.0817,7.54076,False,4.70879,-2.26319e-14,-4.70879,"reprise après retest, coupé"
2025-10-07 10:30,2025,F3,Long,29.6581,34.6818,1.16939,0.241291,2.34242,5,7,False,4.14262,1.44232,True,-2.75493,-1.85673e-14,2.75493,"échec, sauvé"
2025-10-15 11:30,2025,F3,Short,47.9654,30.9495,0.645247,0.135681,2.41995,5,6,False,0.330838,3.55558,False,2.39094,-1.14806e-14,-2.39094,"reprise après retest, coupé"
2025-10-19 04:30,2025,F2b,Long,21.5635,29.873,1.38535,4.1827,4.89713,11,12,False,0.242475,10.2143,False,8.43661,-2.55372e-14,-8.43661,"reprise après retest, coupé"
2025-11-13 11:00,2025,F2b,Short,53.1228,43.58,0.820363,0.886638,2.26321,8,9,False,0.00182812,9.15705,False,6.01433,1.05332e-14,-6.01433,"reprise après retest, coupé"
2025-11-23 12:00,2025,F3,Long,41.6151,37.1149,0.891862,0.158741,5.00173,5,25,False,1.04435,2.42567,False,1.03558,-1.32325e-14,-1.03558,"reprise après retest, coupé"
2025-12-13 12:30,2025,F3,Short,17.2712,10.9414,0.633504,0.68569,2.40953,4,5,False,0.897164,3.60788,False,-0.859832,-3.18837e-14,0.859832,"échec, sauvé"
2025-12-20 22:30,2025,F2b,Short,15.6894,12.3697,0.788409,1.47444,2.43572,8,16,False,6.01342,1.04801,False,-3.65064,-3.50982e-14,3.65064,"échec, sauvé"
