challenge,fenetre,n_departs,p_reussite,p_echec_p1_jour,p_echec_p1_max,p_echec_p2_jour,p_echec_p2_max,p_en_cours_p1,p_en_cours_p2,p_reussite_p1,jours_p1_med,jours_p1_p90,jours_total_med,jours_total_p90,ic_bas,ic_haut
"fixe 0,10",toute,1826,0.785323,0,0.0947426,0,0.0859803,0.0213582,0.0125958,0.883899,101.698,294.927,173.062,370.625,0.697282,0.867182
"fixe 0,10",sans_2026,1553,0.616871,0,0.111397,0,0.101095,0.13329,0.0373471,0.755312,110.271,321.208,203.458,405.133,0.496128,0.732962
"fixe 0,15",toute,1826,0.603505,0,0.232749,0,0.142388,0.0136911,0.00766703,0.75356,47.3646,168.24,99.8542,229.99,0.494805,0.713623
"fixe 0,15",sans_2026,1553,0.535737,0,0.273664,0,0.167418,0.0231809,0,0.703155,53.8646,178.258,117.688,249.371,0.41205,0.663499
"fixe 0,20",toute,1826,0.588171,0,0.286966,0,0.108434,0.00766703,0.00876232,0.705367,31.7812,99.9458,67.7292,157.654,0.478638,0.692549
"fixe 0,20",sans_2026,1553,0.522859,0,0.331616,0,0.125563,0.0199614,0,0.648422,35.2083,111.921,77.9167,168.129,0.405158,0.647074
"fixe 0,25",toute,1826,0.510405,0.00657174,0.334064,0,0.134173,0.00766703,0.00711939,0.651698,22.7708,62.1792,41.4479,93.6667,0.401859,0.612183
"fixe 0,25",sans_2026,1553,0.44237,0.00772698,0.377978,0,0.156471,0.015454,0,0.598841,25.5729,66.7938,47.1458,99.4667,0.327959,0.556135
"fixe 0,30",toute,1826,0.452355,0.033954,0.33954,0.0153341,0.144031,0.00876232,0.0060241,0.617744,17.7708,51.8313,31.5833,68.5521,0.353457,0.548611
"fixe 0,30",sans_2026,1553,0.3915,0.0399227,0.382486,0.0180296,0.155827,0.0122344,0,0.565357,19.7292,54.7354,34.5625,76.4021,0.288549,0.502564
"coussin 0,15",toute,1826,0.978642,0,0,0,0,0.0109529,0.0104053,0.989047,64.0625,506.896,173.792,1049.11,0.94292,1
"coussin 0,15",sans_2026,1553,0.578236,0,0,0,0,0.223439,0.198326,0.776561,56.6771,312.281,143.167,368.55,0.457168,0.702677
"coussin 0,20",toute,1826,0.934283,0.00438116,0,0,0,0.0334064,0.0279299,0.962212,48.6042,822.542,136.542,1080.95,0.880262,0.978106
"coussin 0,20",sans_2026,1553,0.6085,0.00515132,0,0,0,0.259498,0.126851,0.735351,40.4896,270.752,111.104,315.1,0.483912,0.734028
