challenge,finance,lecture,mesure,combo,n_departs,valeur,ic_bas,ic_haut,mediane,p10,p90,ecart_ref,ecart_ic_bas,ecart_ic_haut,p_mieux,p_moins,p_retrait,retraits_moyens,tentatives,finances
"fixe 0,10","fixe 0,10",12 mois,tentative,,1462,0.0333553,0.0203059,0.0477412,0.00983976,-0.0054,0.110076,-0.0588204,-0.0916501,-0.026648,0.186047,0.461696,0.505472,1.57729,,
"fixe 0,10","fixe 0,10",12 mois,suite,,1462,0.0430588,0.0277362,0.0593884,0.0138552,-0.0108,0.179978,-0.154853,-0.187007,-0.122459,0.150479,0.848153,,,1.58345,0.787278
"fixe 0,10","fixe 0,10",24 mois,tentative,,1097,0.0355814,0.0218581,0.0511543,0.0192552,-0.0054,0.10029,-0.073481,-0.113517,-0.036047,0.22516,0.485871,0.554239,2.09207,,
"fixe 0,10","fixe 0,10",24 mois,suite,,1097,0.126132,0.0977398,0.154234,0.174578,-0.0108,0.240877,-0.288221,-0.318298,-0.258684,0,1,,,2.30538,1.44303
"fixe 0,10","fixe 0,10","sans 2026, 12 mois",tentative,,1189,0.0233984,0.0118068,0.0376244,-0.0054,-0.0054,0.0760888,-0.0876015,-0.123789,-0.0563889,0.078217,0.52397,0.454163,1.24979,,
"fixe 0,10","fixe 0,10","sans 2026, 12 mois",suite,,1189,0.0286182,0.014947,0.043587,0.0103054,-0.0108,0.116658,-0.14412,-0.181265,-0.106605,0.185029,0.813288,,,1.6434,0.731707
"fixe 0,10","fixe 0,15",12 mois,tentative,,1462,0.0512762,0.0317502,0.072811,0.0151134,-0.0054,0.166491,-0.0408995,-0.0745818,-0.00650118,0.186047,0.461696,0.505472,1.61218,,
"fixe 0,10","fixe 0,15",12 mois,suite,,1462,0.06638,0.0434413,0.0911684,0.0239334,-0.0108,0.267353,-0.131531,-0.16085,-0.103425,0.151163,0.847469,,,1.69836,0.78591
"fixe 0,10","fixe 0,15",24 mois,tentative,,1097,0.0539909,0.0338228,0.0768296,0.0293334,-0.0054,0.148933,-0.0550715,-0.0937128,-0.0174696,0.22516,0.485871,0.554239,2.11304,,
"fixe 0,10","fixe 0,15",24 mois,suite,,1097,0.131719,0.0940431,0.16926,0.0746665,-0.0162,0.344699,-0.282634,-0.330714,-0.238402,0,1,,,2.75934,1.49316
"fixe 0,10","fixe 0,15","sans 2026, 12 mois",tentative,,1189,0.0360693,0.0191351,0.0569793,-0.0054,-0.0054,0.115522,-0.0749306,-0.108597,-0.0460726,0.078217,0.52397,0.454163,1.26913,,
"fixe 0,10","fixe 0,15","sans 2026, 12 mois",suite,,1189,0.0445543,0.0244496,0.066745,0.0150607,-0.0108,0.174017,-0.128183,-0.163105,-0.0941701,0.18587,0.812447,,,1.76787,0.730866
"fixe 0,10","fixe 0,20",12 mois,tentative,,1462,0.0620689,0.0405543,0.0866372,0.0199965,-0.0054,0.193296,-0.0301068,-0.062655,0.00189706,0.186047,0.461696,0.505472,1.44528,,
"fixe 0,10","fixe 0,20",12 mois,suite,,1462,0.0813512,0.0553159,0.108417,0.0327213,-0.0108,0.305856,-0.11656,-0.144895,-0.089348,0.157319,0.839945,,,1.77565,0.808482
"fixe 0,10","fixe 0,20",24 mois,tentative,,1097,0.0714785,0.0453489,0.100822,0.0400148,-0.0054,0.193296,-0.037584,-0.0772803,0.000203669,0.226071,0.484959,0.554239,2.02826,,
"fixe 0,10","fixe 0,20",24 mois,suite,,1097,0.161274,0.120339,0.202554,0.103262,-0.0162,0.375912,-0.253078,-0.30358,-0.207468,0.0246126,0.975387,,,2.77302,1.47767
"fixe 0,10","fixe 0,20","sans 2026, 12 mois",tentative,,1189,0.0481308,0.0262383,0.0750965,-0.0054,-0.0054,0.152437,-0.0628691,-0.0960269,-0.0352536,0.078217,0.52397,0.454163,1.2397,,
"fixe 0,10","fixe 0,20","sans 2026, 12 mois",suite,,1189,0.0598658,0.0338721,0.088655,0.0188187,-0.0108,0.218285,-0.112872,-0.146339,-0.0806774,0.19344,0.804878,,,1.81749,0.732548
"fixe 0,10","fixe 0,25",12 mois,tentative,,1462,0.057872,0.0382643,0.0791736,-0.0054,-0.0054,0.203643,-0.0343037,-0.0724768,0.00169364,0.215458,0.432285,0.440492,1.27702,,
"fixe 0,10","fixe 0,25",12 mois,suite,,1462,0.0729182,0.0478631,0.0996712,0.039422,-0.0108,0.235745,-0.124993,-0.158432,-0.0928574,0.194254,0.804378,,,1.96717,0.80985
"fixe 0,10","fixe 0,25",24 mois,tentative,,1097,0.0690146,0.0450033,0.0938801,0.050222,-0.0054,0.235745,-0.0400478,-0.0866001,0.00491789,0.258888,0.437557,0.518687,1.98906,,
"fixe 0,10","fixe 0,25",24 mois,suite,,1097,0.176853,0.134033,0.221625,0.125558,-0.0162,0.433988,-0.2375,-0.279279,-0.197806,0.0501367,0.949863,,,3.17685,1.48769
"fixe 0,10","fixe 0,25","sans 2026, 12 mois",tentative,,1189,0.0409833,0.0237521,0.0615703,-0.0054,-0.0054,0.119783,-0.0700165,-0.10868,-0.0370426,0.114382,0.487805,0.391085,1.10345,,
"fixe 0,10","fixe 0,25","sans 2026, 12 mois",suite,,1189,0.0456475,0.0274914,0.0654663,-0.0054,-0.0108,0.130958,-0.12709,-0.168473,-0.0870522,0.229605,0.768713,,,1.98907,0.731707
"fixe 0,10","fixe 0,30",12 mois,tentative,,1462,0.0666106,0.0441922,0.0911322,-0.0054,-0.0054,0.243014,-0.0255652,-0.06452,0.0123882,0.22435,0.423393,0.440492,1.14501,,
"fixe 0,10","fixe 0,30",12 mois,suite,,1462,0.0827819,0.0547541,0.111899,0.0485088,-0.0108,0.248193,-0.115129,-0.148133,-0.0840069,0.212722,0.78591,,,2.04241,0.795486
"fixe 0,10","fixe 0,30",24 mois,tentative,,1097,0.0684889,0.0453567,0.0927357,0.0593088,-0.0054,0.243014,-0.0405735,-0.0840754,0.00175241,0.261623,0.434822,0.518687,1.4485,,
"fixe 0,10","fixe 0,30",24 mois,suite,,1097,0.171054,0.126748,0.218397,0.0907189,-0.0162,0.425076,-0.243299,-0.289585,-0.202198,0.113036,0.886964,,,3.2835,1.48678
"fixe 0,10","fixe 0,30","sans 2026, 12 mois",tentative,,1189,0.0457751,0.026966,0.0674787,-0.0054,-0.0054,0.125316,-0.0652248,-0.10321,-0.0319781,0.125315,0.476871,0.391085,0.941127,,
"fixe 0,10","fixe 0,30","sans 2026, 12 mois",suite,,1189,0.0512326,0.0311687,0.0728522,-0.0054,-0.0108,0.123207,-0.121505,-0.161973,-0.0822708,0.243061,0.755257,,,2.07653,0.731707
"fixe 0,10","coussin 0,20",12 mois,tentative,,1462,0.0419524,0.0252888,0.0614386,-0.0054,-0.0054,0.114904,-0.0502233,-0.0894497,-0.0112782,0.186047,0.461696,0.441176,1.16553,,
"fixe 0,10","coussin 0,20",12 mois,suite,,1462,0.0550024,0.0336868,0.0793892,0.0254437,-0.0108,0.188403,-0.142909,-0.17686,-0.110261,0.151847,0.846785,,,1.21819,0.781122
"fixe 0,10","coussin 0,20",24 mois,tentative,,1097,0.0642691,0.0376131,0.0923828,0.0438654,-0.0054,0.223026,-0.0447933,-0.092868,-0.0018738,0.31814,0.378304,0.539654,2.3382,,
"fixe 0,10","coussin 0,20",24 mois,suite,,1097,0.0807677,0.0569261,0.105963,0.0453024,-0.0054,0.223026,-0.333585,-0.372196,-0.296696,0,1,,,1.24339,0.999088
"fixe 0,10","coussin 0,20","sans 2026, 12 mois",tentative,,1189,0.0218031,0.0119867,0.0329386,-0.0054,-0.0054,0.0910816,-0.0891967,-0.128283,-0.05509,0.078217,0.52397,0.391926,0.962153,,
"fixe 0,10","coussin 0,20","sans 2026, 12 mois",suite,,1189,0.0256497,0.0151512,0.0366699,-0.0054,-0.0108,0.0993435,-0.147088,-0.187852,-0.106496,0.185029,0.813288,,,1.22456,0.730866
"fixe 0,10","relance 0,20 → 0,40",12 mois,tentative,,1462,0.058723,0.0378345,0.0813449,-0.0054,-0.0054,0.175284,-0.0334527,-0.0665889,-0.00165146,0.212038,0.435705,0.440492,1.32079,,
"fixe 0,10","relance 0,20 → 0,40",12 mois,suite,,1462,0.0774013,0.052389,0.103457,0.0346148,-0.0108,0.262909,-0.12051,-0.15042,-0.0915051,0.205198,0.793434,,,1.85568,0.811218
"fixe 0,10","relance 0,20 → 0,40",24 mois,tentative,,1097,0.0755403,0.0489485,0.106247,0.0400148,-0.0054,0.209106,-0.0335221,-0.0765675,0.0077945,0.249772,0.446673,0.518687,2.09389,,
"fixe 0,10","relance 0,20 → 0,40",24 mois,suite,,1097,0.160315,0.119506,0.200645,0.125303,-0.0162,0.452984,-0.254038,-0.307256,-0.203815,0.156791,0.843209,,,2.98906,1.51413
"fixe 0,10","relance 0,20 → 0,40","sans 2026, 12 mois",tentative,,1189,0.0461655,0.0247579,0.0725879,-0.0054,-0.0054,0.140681,-0.0648344,-0.0988628,-0.0358108,0.110177,0.49201,0.391085,1.18251,,
"fixe 0,10","relance 0,20 → 0,40","sans 2026, 12 mois",suite,,1189,0.0572267,0.0322411,0.0854894,-0.0054,-0.0108,0.15554,-0.115511,-0.152276,-0.0808528,0.250631,0.747687,,,1.84861,0.733389
"fixe 0,15","fixe 0,10",12 mois,tentative,,1462,0.0468078,0.0302699,0.0661574,0.0192552,-0.0054,0.176906,-0.045368,-0.0656335,-0.0263941,0.0813953,0.493844,0.521204,1.81464,,
"fixe 0,15","fixe 0,10",12 mois,suite,,1462,0.0877304,0.0657055,0.110242,0.0696752,-0.0162,0.194755,-0.110181,-0.131606,-0.0887828,0.125171,0.824897,,,2.25718,1.03557
"fixe 0,15","fixe 0,10",24 mois,tentative,,1097,0.0628378,0.0417209,0.0850955,0.0447068,-0.0054,0.185378,-0.0462246,-0.0727361,-0.0212221,0.126709,0.485871,0.575205,2.3382,,
"fixe 0,15","fixe 0,10",24 mois,suite,,1097,0.207678,0.184177,0.230573,0.203144,0.11087,0.312188,-0.206675,-0.231444,-0.182968,0,1,,,3.69736,1.90064
"fixe 0,15","fixe 0,10","sans 2026, 12 mois",tentative,,1189,0.0562921,0.0370884,0.0790788,0.0447068,-0.0054,0.176906,-0.0547077,-0.0797402,-0.0323221,0.0958789,0.52397,0.585366,2.05383,,
"fixe 0,15","fixe 0,10","sans 2026, 12 mois",suite,,1189,0.0721793,0.0494246,0.0948982,0.0638119,-0.0162,0.192073,-0.100558,-0.124689,-0.0760845,0.133726,0.804878,,,2.17157,0.936922
"fixe 0,15","fixe 0,15",12 mois,tentative,,1462,0.069016,0.044185,0.0972754,0.0293334,-0.0054,0.268062,-0.0231597,-0.0372204,-0.00893471,0.0807114,0.494528,0.519836,1.86252,,
"fixe 0,15","fixe 0,15",12 mois,suite,,1462,0.130819,0.0981043,0.164815,0.0985069,-0.0162,0.287727,-0.0670922,-0.0790986,-0.0545228,0.108755,0.841313,,,2.42681,0.956224
"fixe 0,15","fixe 0,15",24 mois,tentative,,1097,0.0933907,0.0625833,0.126191,0.0597138,-0.0054,0.272753,-0.0156717,-0.036316,0.00564757,0.129444,0.483136,0.575205,2.43665,,
"fixe 0,15","fixe 0,15",24 mois,suite,,1097,0.301754,0.269213,0.333412,0.321648,0.162385,0.4364,-0.112599,-0.12947,-0.0970503,0,1,,,3.9763,1.61531
"fixe 0,15","fixe 0,15","sans 2026, 12 mois",tentative,,1189,0.0839664,0.0558396,0.117312,0.0597138,-0.0054,0.268062,-0.0270335,-0.0452526,-0.00982961,0.097561,0.522288,0.585366,2.14466,,
"fixe 0,15","fixe 0,15","sans 2026, 12 mois",suite,,1189,0.108602,0.075792,0.142382,0.0746665,-0.0162,0.287727,-0.0641357,-0.0782025,-0.0491583,0.133726,0.804878,,,2.3524,0.86291
"fixe 0,15","fixe 0,20",12 mois,tentative,B,1462,0.0894312,0.0579365,0.125447,0.0400148,-0.0054,0.350042,-0.00274454,-0.0140146,0.0103992,0.135431,0.358413,0.521204,1.79343,,
"fixe 0,15","fixe 0,20",12 mois,suite,B,1462,0.167027,0.125379,0.208872,0.134495,-0.0162,0.375428,-0.030884,-0.0373405,-0.0239322,0.21067,0.613543,,,2.65321,1.06977
"fixe 0,15","fixe 0,20",24 mois,tentative,B,1097,0.119302,0.0793559,0.161658,0.0748068,-0.0054,0.356292,0.0102394,-0.00864472,0.0312702,0.164084,0.360073,0.575205,2.268,,
"fixe 0,15","fixe 0,20",24 mois,suite,B,1097,0.391409,0.343918,0.436971,0.392008,0.190375,0.588047,-0.0229437,-0.0343348,-0.0127603,0.299909,0.694622,,,4.08022,1.64904
"fixe 0,15","fixe 0,20","sans 2026, 12 mois",tentative,B,1189,0.108545,0.0729664,0.151482,0.0748068,-0.0054,0.350042,-0.00245503,-0.0175096,0.0143348,0.130362,0.394449,0.585366,2.05803,,
"fixe 0,15","fixe 0,20","sans 2026, 12 mois",suite,B,1189,0.14046,0.0981556,0.184392,0.107323,-0.0162,0.370108,-0.0322773,-0.0400152,-0.0245121,0.218671,0.618167,,,2.57696,0.956266
"fixe 0,15","fixe 0,25",12 mois,tentative,B,1462,0.0922451,0.0604423,0.127247,-0.0054,-0.0054,0.329829,6.93986e-05,-0.0144576,0.0143721,0.267442,0.300274,0.488372,1.72572,,
"fixe 0,15","fixe 0,25",12 mois,suite,B,1462,0.17408,0.13327,0.215603,0.13415,-0.0162,0.397727,-0.0238312,-0.0354853,-0.0132361,0.411765,0.539672,,,2.82558,1.10123
"fixe 0,15","fixe 0,25",24 mois,tentative,B,1097,0.118949,0.0797906,0.162195,0.0897589,-0.0054,0.383078,0.00988618,-0.0116578,0.0316578,0.30629,0.296263,0.530538,2.07293,,
"fixe 0,15","fixe 0,25",24 mois,suite,B,1097,0.397439,0.349838,0.44306,0.409028,0.203995,0.587075,-0.0169141,-0.0414773,0.00348714,0.507748,0.492252,,,4.44758,1.86418
"fixe 0,15","fixe 0,25","sans 2026, 12 mois",tentative,B,1189,0.111549,0.0754133,0.154657,0.0635034,-0.0054,0.383078,0.000548895,-0.0180298,0.0185003,0.287637,0.32296,0.544996,1.97477,,
"fixe 0,15","fixe 0,25","sans 2026, 12 mois",suite,B,1189,0.148162,0.102841,0.193866,0.125558,-0.0162,0.397727,-0.0245753,-0.0391296,-0.0125121,0.421362,0.518923,,,2.67031,0.936081
"fixe 0,15","fixe 0,30",12 mois,tentative,,1462,0.0847372,0.0566075,0.117743,-0.0054,-0.0054,0.261459,-0.00743851,-0.025125,0.00997287,0.251026,0.30985,0.461696,1.39808,,
"fixe 0,15","fixe 0,30",12 mois,suite,,1462,0.166527,0.127085,0.206269,0.0975819,-0.0162,0.424754,-0.0313842,-0.0490601,-0.0148569,0.427497,0.52394,,,2.9788,1.07045
"fixe 0,15","fixe 0,30",24 mois,tentative,,1097,0.108179,0.0739818,0.148019,-0.0054,-0.0054,0.430154,-0.000883186,-0.0253692,0.0224683,0.32361,0.257976,0.482224,1.68186,,
"fixe 0,15","fixe 0,30",24 mois,suite,,1097,0.38751,0.330843,0.442728,0.425076,0.0745189,0.657075,-0.0268429,-0.0582676,0.0027545,0.556062,0.443938,,,4.71559,1.83865
"fixe 0,15","fixe 0,30","sans 2026, 12 mois",tentative,,1189,0.104292,0.0714902,0.142168,0.00542011,-0.0054,0.276732,-0.00670827,-0.0298926,0.0153686,0.306981,0.295206,0.512195,1.6577,,
"fixe 0,15","fixe 0,30","sans 2026, 12 mois",suite,,1189,0.135849,0.0955617,0.175082,0.0853189,-0.0162,0.430476,-0.0368888,-0.0564664,-0.019217,0.433137,0.507149,,,2.80908,0.922624
"fixe 0,15","coussin 0,20",12 mois,tentative,,1462,0.0428172,0.029798,0.0572978,0.00879358,-0.0054,0.119447,-0.0493585,-0.0748307,-0.0256853,0.0909713,0.484268,0.52052,1.44391,,
"fixe 0,15","coussin 0,20",12 mois,suite,,1462,0.102051,0.0706974,0.136547,0.0886871,-0.0162,0.282791,-0.0958604,-0.123507,-0.0694945,0.152531,0.797538,,,1.69425,0.853625
"fixe 0,15","coussin 0,20",24 mois,tentative,,1097,0.0856698,0.0564078,0.116219,0.0667504,-0.0054,0.247984,-0.0233926,-0.0605534,0.0127126,0.262534,0.350046,0.575205,2.38013,,
"fixe 0,15","coussin 0,20",24 mois,suite,,1097,0.133565,0.113059,0.155697,0.110932,0.0667504,0.247984,-0.280788,-0.318994,-0.242098,0,1,,,1.65725,1
"fixe 0,15","coussin 0,20","sans 2026, 12 mois",tentative,,1189,0.0515027,0.0353443,0.0684849,0.0438654,-0.0054,0.119447,-0.0594971,-0.091467,-0.0316135,0.107653,0.512195,0.584525,1.6476,,
"fixe 0,15","coussin 0,20","sans 2026, 12 mois",suite,,1189,0.0627195,0.0444372,0.0809169,0.0667504,-0.0162,0.12522,-0.110018,-0.14257,-0.0778905,0.137931,0.800673,,,1.60639,0.820017
"fixe 0,15","relance 0,20 → 0,40",12 mois,tentative,,1462,0.109593,0.0690309,0.157278,0.00865171,-0.0054,0.463784,0.0174172,0.00256515,0.0365143,0.29959,0.268126,0.510944,1.9275,,
"fixe 0,15","relance 0,20 → 0,40",12 mois,suite,,1462,0.197916,0.146496,0.249319,0.137683,-0.0162,0.513335,4.3462e-06,-0.0151545,0.0150379,0.480848,0.471956,,,2.71477,1.06703
"fixe 0,15","relance 0,20 → 0,40",24 mois,tentative,,1097,0.140377,0.0907951,0.198124,0.0748068,-0.0054,0.490932,0.031315,0.00965485,0.0568121,0.340018,0.255242,0.552416,2.32543,,
"fixe 0,15","relance 0,20 → 0,40",24 mois,suite,,1097,0.452553,0.396822,0.506273,0.487119,0.20897,0.675738,0.0382003,0.00707409,0.0677177,0.708295,0.291705,,,4.37192,1.86053
"fixe 0,15","relance 0,20 → 0,40","sans 2026, 12 mois",tentative,,1189,0.131663,0.0848197,0.190916,0.0748068,-0.0054,0.463784,0.0206628,0.00298441,0.0427933,0.327166,0.283431,0.57275,2.18587,,
"fixe 0,15","relance 0,20 → 0,40","sans 2026, 12 mois",suite,,1189,0.176574,0.120254,0.235154,0.129881,-0.0162,0.513335,0.00383623,-0.0131247,0.0214935,0.507149,0.438183,,,2.62153,0.945332
"fixe 0,20","fixe 0,10",12 mois,tentative,,1462,0.0510659,0.0330884,0.0705045,-0.00020351,-0.0054,0.176906,-0.0411099,-0.0588764,-0.0242682,0.0129959,0.487004,0.5,2.1409,,
"fixe 0,20","fixe 0,10",12 mois,suite,,1462,0.104051,0.0804694,0.12714,0.0903345,-0.0216,0.224251,-0.0938608,-0.11424,-0.0738872,0.0458276,0.805062,,,2.61218,1.16211
"fixe 0,20","fixe 0,10",24 mois,tentative,,1097,0.0576629,0.0361631,0.0818538,-0.0054,-0.0054,0.197473,-0.0513995,-0.0724132,-0.0318965,0.00364631,0.485871,0.489517,2.13127,,
"fixe 0,20","fixe 0,10",24 mois,suite,,1097,0.229531,0.204009,0.255188,0.213451,0.11627,0.335351,-0.184822,-0.206317,-0.163745,0,1,,,4.1495,1.73017
"fixe 0,20","fixe 0,10","sans 2026, 12 mois",tentative,,1189,0.057809,0.0369763,0.0820187,0.0192552,-0.0054,0.197473,-0.0531909,-0.0747067,-0.0345834,0.00336417,0.52397,0.527334,2.27166,,
"fixe 0,20","fixe 0,10","sans 2026, 12 mois",suite,,1189,0.0878826,0.0630331,0.112367,0.0890566,-0.0216,0.213727,-0.0848552,-0.107009,-0.0626982,0.0328007,0.783852,,,2.67115,1.02775
"fixe 0,20","fixe 0,15",12 mois,tentative,,1462,0.0720357,0.0455661,0.0998301,-0.0054,-0.0054,0.268062,-0.02014,-0.0282721,-0.0126596,0.0396717,0.457592,0.495896,2.11833,,
"fixe 0,20","fixe 0,15",12 mois,suite,,1462,0.154966,0.119995,0.189312,0.130424,-0.0216,0.332448,-0.0429453,-0.0523263,-0.0332767,0.0807114,0.770178,,,3.02326,1.2606
"fixe 0,20","fixe 0,15",24 mois,tentative,,1097,0.0853021,0.0538089,0.120935,-0.0054,-0.0054,0.293127,-0.0237603,-0.0335738,-0.0146567,0,0.485871,0.485871,2.21422,,
"fixe 0,20","fixe 0,15",24 mois,suite,,1097,0.348458,0.311072,0.385899,0.381198,0.174034,0.472633,-0.0658948,-0.0780123,-0.0544196,0.0127621,0.987238,,,5.12397,2.03829
"fixe 0,20","fixe 0,15","sans 2026, 12 mois",tentative,,1189,0.0860012,0.0549443,0.122028,0.0293334,-0.0054,0.293127,-0.0249987,-0.0348926,-0.0165218,0.00672834,0.517241,0.52397,2.36501,,
"fixe 0,20","fixe 0,15","sans 2026, 12 mois",suite,,1189,0.131918,0.0955602,0.167766,0.124298,-0.0216,0.321591,-0.0408198,-0.0518544,-0.0298425,0.0639193,0.752733,,,3.02187,1.02691
"fixe 0,20","fixe 0,20",12 mois,tentative,,1462,0.0921757,0.0583254,0.128208,-0.0054,-0.0054,0.350042,0,0,0,0,0,0.497264,1.98427,,
"fixe 0,20","fixe 0,20",12 mois,suite,,1462,0.197911,0.155007,0.240617,0.180914,-0.0216,0.437535,0,0,0,0,0,,,3.1922,1.29685
"fixe 0,20","fixe 0,20",24 mois,tentative,,1097,0.109062,0.0689414,0.153352,-0.0054,-0.0054,0.375508,0,0,0,0,0,0.485871,2.08569,,
"fixe 0,20","fixe 0,20",24 mois,suite,,1097,0.414353,0.368701,0.459861,0.421335,0.195775,0.576546,0,0,0,0,0,,,5.55424,2.1969
"fixe 0,20","fixe 0,20","sans 2026, 12 mois",tentative,,1189,0.111,0.07145,0.156085,0.0400148,-0.0054,0.375508,0,0,0,0,0,0.52397,2.28259,,
"fixe 0,20","fixe 0,20","sans 2026, 12 mois",suite,,1189,0.172738,0.12643,0.219455,0.170301,-0.0216,0.417272,0,0,0,0,0,,,3.1169,1.02944
"fixe 0,20","fixe 0,25",12 mois,tentative,,1462,0.102594,0.0650057,0.142319,-0.0054,-0.0054,0.383078,0.0104179,0.00481388,0.016175,0.461012,0.0362517,0.478796,1.91724,,
"fixe 0,20","fixe 0,25",12 mois,suite,,1462,0.22461,0.178668,0.269804,0.217501,-0.0216,0.47396,0.0266991,0.0202526,0.03342,0.722298,0.128591,,,3.53488,1.40629
"fixe 0,20","fixe 0,25",24 mois,tentative,,1097,0.121497,0.0752404,0.171719,-0.0054,-0.0054,0.403127,0.0124344,0.00570141,0.0191683,0.471285,0.0145852,0.471285,2.02826,,
"fixe 0,20","fixe 0,25",24 mois,suite,,1097,0.482455,0.429409,0.534989,0.482582,0.230381,0.719103,0.0681022,0.052996,0.0841772,0.919781,0.0802188,,,6.01459,2.29809
"fixe 0,20","fixe 0,25","sans 2026, 12 mois",tentative,,1189,0.123192,0.0793884,0.172318,0.0228572,-0.0054,0.403127,0.0121926,0.00525283,0.0191981,0.500421,0.0235492,0.502103,2.20185,,
"fixe 0,20","fixe 0,25","sans 2026, 12 mois",suite,,1189,0.196575,0.146032,0.246661,0.195895,-0.0216,0.46856,0.0238368,0.0178682,0.0298998,0.708158,0.108495,,,3.35156,1.10345
"fixe 0,20","fixe 0,30",12 mois,tentative,,1462,0.0882685,0.0586095,0.121438,-0.0054,-0.0054,0.275205,-0.00390721,-0.0262945,0.0142578,0.372093,0.125171,0.451436,1.62038,,
"fixe 0,20","fixe 0,30",12 mois,suite,,1462,0.217622,0.170084,0.265194,0.201431,-0.0216,0.435876,0.0197108,0.00243271,0.0361535,0.547196,0.303694,,,3.9446,1.69152
"fixe 0,20","fixe 0,30",24 mois,tentative,,1097,0.105207,0.0667425,0.145958,-0.0054,-0.0054,0.292546,-0.00385553,-0.0341613,0.0178791,0.400182,0.0856882,0.442115,1.79763,,
"fixe 0,20","fixe 0,30",24 mois,suite,,1097,0.452096,0.391043,0.51071,0.432579,0.195029,0.691008,0.0377429,0.0143535,0.0608394,0.708295,0.291705,,,6.84868,3.00912
"fixe 0,20","fixe 0,30","sans 2026, 12 mois",tentative,,1189,0.105551,0.0702315,0.145584,-0.0054,-0.0054,0.292546,-0.00544917,-0.0340704,0.016129,0.407065,0.116905,0.468461,1.85282,,
"fixe 0,20","fixe 0,30","sans 2026, 12 mois",suite,,1189,0.176766,0.130465,0.221161,0.183035,-0.0216,0.425076,0.0040286,-0.0117423,0.0188878,0.469302,0.347351,,,3.82338,1.44575
"fixe 0,20","coussin 0,20",12 mois,tentative,,1462,0.0630872,0.0420494,0.0881339,0.030148,-0.0054,0.166033,-0.0290885,-0.058366,0.00124088,0.0998632,0.435705,0.5342,1.79617,,
"fixe 0,20","coussin 0,20",12 mois,suite,,1462,0.10772,0.0813938,0.13506,0.112329,-0.0162,0.216084,-0.0901915,-0.114349,-0.0660447,0.0827633,0.781806,,,1.89672,0.904241
"fixe 0,20","coussin 0,20",24 mois,tentative,,1097,0.0801441,0.0502821,0.11288,-0.0054,-0.0054,0.247984,-0.0289183,-0.0621684,0.00129732,0.179581,0.309936,0.489517,2.07293,,
"fixe 0,20","coussin 0,20",24 mois,suite,,1097,0.152475,0.131018,0.175904,0.12522,0.0978469,0.247984,-0.261878,-0.294533,-0.227845,0,1,,,2.0711,1
"fixe 0,20","coussin 0,20","sans 2026, 12 mois",tentative,,1189,0.057925,0.0387158,0.0781306,0.0438654,-0.0054,0.147476,-0.0530748,-0.0820189,-0.0294737,0.0496215,0.477712,0.525652,1.74096,,
"fixe 0,20","coussin 0,20","sans 2026, 12 mois",suite,,1189,0.0855769,0.0626467,0.108026,0.110932,-0.0216,0.174343,-0.0871608,-0.11679,-0.0575417,0.078217,0.755257,,,1.96299,0.882254
"fixe 0,20","relance 0,20 → 0,40",12 mois,tentative,,1462,0.108949,0.0663863,0.155778,-0.0054,-0.0054,0.463784,0.0167733,0.00585627,0.0294495,0.298222,0.0198358,0.480848,2.02668,,
"fixe 0,20","relance 0,20 → 0,40",12 mois,suite,,1462,0.233676,0.180102,0.286853,0.201073,-0.0216,0.555594,0.0357651,0.0214748,0.0498769,0.662107,0.103283,,,3.42544,1.38919
"fixe 0,20","relance 0,20 → 0,40",24 mois,tentative,,1097,0.130182,0.0769426,0.188675,-0.0054,-0.0054,0.524135,0.02112,0.00719143,0.0368322,0.321787,0.0154968,0.473108,2.15314,,
"fixe 0,20","relance 0,20 → 0,40",24 mois,suite,,1097,0.518687,0.458159,0.577486,0.551882,0.22251,0.762067,0.104334,0.0839368,0.125466,0.988149,0.0118505,,,6.00365,2.33455
"fixe 0,20","relance 0,20 → 0,40","sans 2026, 12 mois",tentative,,1189,0.13135,0.0807484,0.191008,0.0166034,-0.0054,0.490737,0.0203503,0.0066644,0.036414,0.358284,0.0235492,0.504626,2.33558,,
"fixe 0,20","relance 0,20 → 0,40","sans 2026, 12 mois",suite,,1189,0.213732,0.154126,0.274773,0.199089,-0.0216,0.555594,0.0409939,0.0248647,0.057208,0.674516,0.103448,,,3.39529,1.13877
"fixe 0,25","fixe 0,10",12 mois,tentative,,1462,0.047158,0.0293024,0.0660247,-0.0054,-0.0054,0.197473,-0.0450178,-0.0688505,-0.0224866,0.111491,0.456908,0.436389,1.97264,,
"fixe 0,25","fixe 0,10",12 mois,suite,,1462,0.122567,0.100871,0.144246,0.114563,0.00602117,0.225402,-0.0753443,-0.0969495,-0.0534063,0.242818,0.733242,,,2.64569,1.29822
"fixe 0,25","fixe 0,10",24 mois,tentative,,1097,0.0531775,0.0314255,0.0767724,-0.0054,-0.0054,0.197473,-0.0558849,-0.0850989,-0.0279872,0.0902461,0.466727,0.397448,2.08751,,
"fixe 0,25","fixe 0,10",24 mois,suite,,1097,0.265203,0.237998,0.291928,0.254863,0.143282,0.383179,-0.14915,-0.170784,-0.126365,0.0428441,0.957156,,,3.88149,1.99727
"fixe 0,25","fixe 0,10","sans 2026, 12 mois",tentative,,1189,0.0488223,0.0295911,0.0712765,-0.0054,-0.0054,0.197473,-0.0621776,-0.0876233,-0.038241,0.0832632,0.506308,0.42725,1.89571,,
"fixe 0,25","fixe 0,10","sans 2026, 12 mois",suite,,1189,0.105323,0.0816283,0.128131,0.1059,-0.00803833,0.208327,-0.0674144,-0.0913232,-0.0436829,0.259041,0.711522,,,2.7418,1.25399
"fixe 0,25","fixe 0,15",12 mois,tentative,,1462,0.0593957,0.0344057,0.0862273,-0.0054,-0.0054,0.260069,-0.03278,-0.0485909,-0.0181867,0.123803,0.411765,0.401505,1.68057,,
"fixe 0,25","fixe 0,15",12 mois,suite,,1462,0.187112,0.155185,0.219198,0.159479,0.0331761,0.343248,-0.0107992,-0.0243987,0.00248989,0.445964,0.554036,,,3.44186,1.7264
"fixe 0,25","fixe 0,15",24 mois,tentative,,1097,0.0688339,0.038301,0.101975,-0.0054,-0.0054,0.293127,-0.0402285,-0.0603998,-0.0209185,0.0856882,0.42753,0.353692,1.63628,,
"fixe 0,25","fixe 0,15",24 mois,suite,,1097,0.403742,0.367673,0.439095,0.395246,0.236503,0.552902,-0.0106109,-0.0276679,0.00736804,0.37557,0.62443,,,5.71832,2.85962
"fixe 0,25","fixe 0,15","sans 2026, 12 mois",tentative,,1189,0.0697051,0.041485,0.103671,-0.0054,-0.0054,0.293127,-0.0412947,-0.05946,-0.024118,0.0698066,0.479394,0.38688,1.78722,,
"fixe 0,25","fixe 0,15","sans 2026, 12 mois",suite,,1189,0.159203,0.126482,0.19095,0.152599,0.0170512,0.316191,-0.013535,-0.0287986,0.00131683,0.444912,0.555088,,,3.41548,1.58116
"fixe 0,25","fixe 0,20",12 mois,tentative,,1462,0.0735703,0.0418974,0.108565,-0.0054,-0.0054,0.340239,-0.0186055,-0.0319532,-0.00626249,0.229822,0.197674,0.396717,1.44528,,
"fixe 0,25","fixe 0,20",12 mois,suite,,1462,0.222127,0.178147,0.265614,0.21116,-0.027,0.417272,0.0242152,0.0153916,0.033264,0.589603,0.389193,,,4.1751,1.81395
"fixe 0,25","fixe 0,20",24 mois,tentative,,1097,0.0843281,0.0456684,0.128306,-0.0054,-0.0054,0.375508,-0.0247344,-0.041518,-0.00973733,0.237922,0.223336,0.346399,1.3546,,
"fixe 0,25","fixe 0,20",24 mois,suite,,1097,0.459634,0.401164,0.515358,0.430287,0.188227,0.666619,0.0452808,0.0291209,0.0617854,0.709207,0.290793,,,7.69189,3.64813
"fixe 0,25","fixe 0,20","sans 2026, 12 mois",tentative,,1189,0.0871316,0.050057,0.131162,-0.0054,-0.0054,0.375508,-0.0238683,-0.0403867,-0.00897177,0.237174,0.234651,0.380151,1.5778,,
"fixe 0,25","fixe 0,20","sans 2026, 12 mois",suite,,1189,0.189592,0.139876,0.23705,0.197634,-0.027,0.411872,0.016854,0.00856212,0.0257139,0.513877,0.463415,,,4.21867,1.62153
"fixe 0,25","fixe 0,25",12 mois,tentative,,1462,0.0750399,0.0406493,0.113484,-0.0054,-0.0054,0.355807,-0.0171358,-0.0352099,-0.000692829,0.332421,0.186731,0.353625,1.2223,,
"fixe 0,25","fixe 0,25",12 mois,suite,,1462,0.250369,0.200278,0.300968,0.244963,-0.027,0.46856,0.0524576,0.0383962,0.0667991,0.745554,0.254446,,,4.41655,1.91792
"fixe 0,25","fixe 0,25",24 mois,tentative,,1097,0.0869435,0.0434826,0.13565,-0.0054,-0.0054,0.403127,-0.0221189,-0.0445248,-0.00177425,0.307201,0.184139,0.312671,1.15861,,
"fixe 0,25","fixe 0,25",24 mois,suite,,1097,0.509286,0.444096,0.573412,0.459017,0.212563,0.75177,0.0949334,0.0720534,0.117642,0.940747,0.0592525,,,7.93345,3.79581
"fixe 0,25","fixe 0,25","sans 2026, 12 mois",tentative,,1189,0.0884937,0.0486651,0.13672,-0.0054,-0.0054,0.383078,-0.0225061,-0.0440728,-0.00290527,0.328007,0.201009,0.338099,1.32717,,
"fixe 0,25","fixe 0,25","sans 2026, 12 mois",suite,,1189,0.210221,0.155741,0.261489,0.228067,-0.027,0.46316,0.0374828,0.0244652,0.0514658,0.689655,0.310345,,,4.3852,1.68966
"fixe 0,25","fixe 0,30",12 mois,tentative,,1462,0.0574487,0.0327206,0.0858889,-0.0054,-0.0054,0.235148,-0.0347271,-0.0611958,-0.0099846,0.248974,0.270178,0.322161,1.08824,,
"fixe 0,25","fixe 0,30",12 mois,suite,,1462,0.22716,0.174031,0.282252,0.200614,-0.0324,0.512367,0.029249,-0.0111943,0.066969,0.579343,0.420657,,,4.91792,2.1881
"fixe 0,25","fixe 0,30",24 mois,tentative,,1097,0.0639218,0.0327319,0.0980464,-0.0054,-0.0054,0.283058,-0.0451406,-0.0789041,-0.0144482,0.223336,0.268004,0.270738,1.07293,,
"fixe 0,25","fixe 0,30",24 mois,suite,,1097,0.400732,0.326578,0.484628,0.354092,0.0963692,0.87845,-0.0136211,-0.0743312,0.0477503,0.488605,0.511395,,,8.82771,4.41933
"fixe 0,25","fixe 0,30","sans 2026, 12 mois",tentative,,1189,0.0668971,0.0374399,0.0994215,-0.0054,-0.0054,0.276732,-0.0441027,-0.0777468,-0.0153635,0.234651,0.294365,0.299411,1.18419,,
"fixe 0,25","fixe 0,30","sans 2026, 12 mois",suite,,1189,0.162512,0.122886,0.19946,0.158493,-0.0324,0.366841,-0.010226,-0.0486386,0.0271378,0.493692,0.506308,,,4.80235,2.01934
"fixe 0,25","coussin 0,20",12 mois,tentative,,1462,0.0516512,0.0314829,0.0764948,-0.0054,-0.0054,0.168769,-0.0405245,-0.0716644,-0.00840787,0.170315,0.383721,0.415869,1.39193,,
"fixe 0,25","coussin 0,20",12 mois,suite,,1462,0.122958,0.0907759,0.155492,0.113048,-0.0162,0.277634,-0.0749536,-0.103743,-0.0463289,0.365253,0.613543,,,1.95417,1
"fixe 0,25","coussin 0,20",24 mois,tentative,,1097,0.0532664,0.0332817,0.0745776,-0.0054,-0.0054,0.177597,-0.055796,-0.0873512,-0.0283207,0.223336,0.333637,0.397448,1.47767,,
"fixe 0,25","coussin 0,20",24 mois,suite,,1097,0.13538,0.101465,0.17008,0.144433,-0.00224573,0.272463,-0.278973,-0.297722,-0.260315,0,1,,,2.07019,1
"fixe 0,25","coussin 0,20","sans 2026, 12 mois",tentative,,1189,0.0444693,0.0266156,0.065392,-0.0054,-0.0054,0.166033,-0.0665306,-0.0974182,-0.0390489,0.141295,0.415475,0.394449,1.24727,,
"fixe 0,25","coussin 0,20","sans 2026, 12 mois",suite,,1189,0.0926537,0.0687892,0.117299,0.110932,-0.0162,0.205816,-0.0800841,-0.11267,-0.0470536,0.359125,0.614802,,,2.00421,1
"fixe 0,25","relance 0,20 → 0,40",12 mois,tentative,,1462,0.0840931,0.0446948,0.129202,-0.0054,-0.0054,0.445497,-0.00808261,-0.0259755,0.00949003,0.298906,0.173051,0.371409,1.36594,,
"fixe 0,25","relance 0,20 → 0,40",12 mois,suite,,1462,0.247355,0.193997,0.300465,0.214633,-0.027,0.558014,0.0494434,0.0354624,0.0628056,0.75855,0.24145,,,4.16758,1.87209
"fixe 0,25","relance 0,20 → 0,40",24 mois,tentative,,1097,0.0992114,0.0495527,0.155967,-0.0054,-0.0054,0.502953,-0.00985101,-0.0314827,0.012028,0.308113,0.174111,0.338195,1.32726,,
"fixe 0,25","relance 0,20 → 0,40",24 mois,suite,,1097,0.525107,0.458422,0.58964,0.546416,0.206822,0.779975,0.110754,0.084625,0.137071,0.907019,0.0929809,,,7.59891,3.68004
"fixe 0,25","relance 0,20 → 0,40","sans 2026, 12 mois",tentative,,1189,0.100087,0.0539564,0.155113,-0.0054,-0.0054,0.463784,-0.0109126,-0.0326151,0.00981447,0.328007,0.191758,0.361648,1.50463,,
"fixe 0,25","relance 0,20 → 0,40","sans 2026, 12 mois",suite,,1189,0.225153,0.163039,0.286365,0.203034,-0.027,0.558014,0.0524152,0.0358943,0.0682385,0.742641,0.257359,,,4.21951,1.70143
"fixe 0,30","fixe 0,10",12 mois,tentative,,1462,0.043029,0.026963,0.0601394,-0.0054,-0.0054,0.177428,-0.0491467,-0.0781946,-0.0228154,0.141587,0.439808,0.387825,2.03215,,
"fixe 0,30","fixe 0,10",12 mois,suite,,1462,0.126194,0.104315,0.148066,0.12353,0.00688616,0.233895,-0.071717,-0.0934385,-0.049269,0.21409,0.766074,,,2.93297,1.37825
"fixe 0,30","fixe 0,10",24 mois,tentative,,1097,0.0454171,0.0268181,0.0655211,-0.0054,-0.0054,0.194256,-0.0636453,-0.0986461,-0.031742,0.111212,0.454877,0.32361,2.07019,,
"fixe 0,30","fixe 0,10",24 mois,suite,,1097,0.274823,0.246072,0.302964,0.269112,0.143792,0.391456,-0.13953,-0.160915,-0.117758,0.0492252,0.950775,,,4.21149,1.99362
"fixe 0,30","fixe 0,10","sans 2026, 12 mois",tentative,,1189,0.0418337,0.0255286,0.0603691,-0.0054,-0.0054,0.176906,-0.0691661,-0.101434,-0.0405405,0.104289,0.493692,0.360807,1.89319,,
"fixe 0,30","fixe 0,10","sans 2026, 12 mois",suite,,1189,0.108562,0.084951,0.131211,0.11125,-0.00998981,0.208327,-0.064176,-0.088545,-0.0404656,0.223717,0.751892,,,3.10429,1.34146
"fixe 0,30","fixe 0,15",12 mois,tentative,,1462,0.0514079,0.0315301,0.0733871,-0.0054,-0.0054,0.216584,-0.0407679,-0.0629847,-0.020513,0.168263,0.385089,0.359097,1.65253,,
"fixe 0,30","fixe 0,15",12 mois,suite,,1462,0.19283,0.161386,0.224217,0.172855,0.0525358,0.353306,-0.00508145,-0.0201558,0.0100823,0.444596,0.555404,,,3.9357,1.69357
"fixe 0,30","fixe 0,15",24 mois,tentative,,1097,0.056991,0.0316005,0.0848941,-0.0054,-0.0054,0.282863,-0.0520714,-0.0828755,-0.0246746,0.123063,0.407475,0.289881,1.55515,,
"fixe 0,30","fixe 0,15",24 mois,suite,,1097,0.41339,0.3807,0.446099,0.410898,0.255863,0.568017,-0.000962401,-0.0204008,0.0190764,0.432088,0.567912,,,6.4485,2.86053
"fixe 0,30","fixe 0,15","sans 2026, 12 mois",tentative,,1189,0.0591263,0.0354961,0.0865003,-0.0054,-0.0054,0.260069,-0.0518735,-0.078884,-0.027968,0.10513,0.46005,0.329689,1.73339,,
"fixe 0,30","fixe 0,15","sans 2026, 12 mois",suite,,1189,0.164585,0.133357,0.195578,0.162055,0.0310109,0.311493,-0.00815294,-0.0246204,0.00854009,0.433137,0.566863,,,3.99748,1.52229
"fixe 0,30","fixe 0,20",12 mois,tentative,,1462,0.0616239,0.0368444,0.0901376,-0.0054,-0.0054,0.264246,-0.0305519,-0.0513936,-0.0125226,0.270862,0.218194,0.353625,1.40219,,
"fixe 0,30","fixe 0,20",12 mois,suite,,1462,0.234024,0.192458,0.275103,0.223317,0.00469631,0.411872,0.0361131,0.0282448,0.0439601,0.709302,0.27565,,,4.43639,1.9487
"fixe 0,30","fixe 0,20",24 mois,tentative,,1097,0.0666238,0.0345941,0.102828,-0.0054,-0.0054,0.340239,-0.0424386,-0.0695843,-0.0179675,0.251595,0.251595,0.282589,1.23154,,
"fixe 0,30","fixe 0,20",24 mois,suite,,1097,0.504302,0.453937,0.555351,0.503902,0.264133,0.737582,0.089949,0.0711869,0.108274,0.891522,0.108478,,,7.55242,3.58888
"fixe 0,30","fixe 0,20","sans 2026, 12 mois",tentative,,1189,0.0714335,0.0400746,0.107699,-0.0054,-0.0054,0.336673,-0.0395663,-0.0628874,-0.0179348,0.266611,0.261564,0.32296,1.50463,,
"fixe 0,30","fixe 0,20","sans 2026, 12 mois",suite,,1189,0.202537,0.156932,0.245684,0.205367,-0.000703686,0.407287,0.0297994,0.0223141,0.0374613,0.65349,0.328007,,,4.52229,1.76367
"fixe 0,30","fixe 0,25",12 mois,tentative,,1462,0.0595945,0.0341263,0.0892176,-0.0054,-0.0054,0.316111,-0.0325812,-0.0554829,-0.0113588,0.290698,0.251026,0.319425,1.07524,,
"fixe 0,30","fixe 0,25",12 mois,suite,,1462,0.271459,0.218972,0.325584,0.2547,-0.0324,0.556369,0.0735481,0.0553636,0.0934013,0.77907,0.22093,,,5.26334,2.05062
"fixe 0,30","fixe 0,25",24 mois,tentative,,1097,0.0669284,0.0314662,0.10675,-0.0054,-0.0054,0.368854,-0.042134,-0.071482,-0.0142284,0.244303,0.272562,0.256153,0.986326,,
"fixe 0,30","fixe 0,25",24 mois,suite,,1097,0.545079,0.474726,0.615648,0.510988,0.2277,0.850136,0.130726,0.10079,0.161561,0.9134,0.0865998,,,9.09663,3.95442
"fixe 0,30","fixe 0,25","sans 2026, 12 mois",tentative,,1189,0.0679552,0.0355943,0.105695,-0.0054,-0.0054,0.352846,-0.0430446,-0.0697164,-0.0179055,0.253154,0.299411,0.281749,1.10849,,
"fixe 0,30","fixe 0,25","sans 2026, 12 mois",suite,,1189,0.219585,0.16644,0.269217,0.214922,-0.0324,0.45776,0.0468468,0.0344859,0.0598648,0.730866,0.269134,,,5.22119,1.82843
"fixe 0,30","fixe 0,30",12 mois,tentative,,1462,0.0375259,0.0155451,0.065575,-0.0054,-0.0054,0.144969,-0.0546499,-0.0858204,-0.0274093,0.192202,0.341997,0.263338,0.668947,,
"fixe 0,30","fixe 0,30",12 mois,suite,,1462,0.229275,0.17334,0.289525,0.204952,-0.0324,0.651066,0.0313639,-0.0151244,0.0754986,0.646375,0.353625,,,5.85705,2.31464
"fixe 0,30","fixe 0,30",24 mois,tentative,,1097,0.0405636,0.0118427,0.0750683,-0.0054,-0.0054,0.180093,-0.0684988,-0.107338,-0.0327538,0.15588,0.350957,0.20784,0.602552,,
"fixe 0,30","fixe 0,30",24 mois,suite,,1097,0.394044,0.306905,0.488581,0.339308,0.0909692,0.909025,-0.0203083,-0.0917027,0.0542714,0.483136,0.516864,,,10.6782,4.53601
"fixe 0,30","fixe 0,30","sans 2026, 12 mois",tentative,,1189,0.0417544,0.015245,0.074023,-0.0054,-0.0054,0.180093,-0.0692454,-0.106832,-0.0353654,0.155593,0.387721,0.230446,0.665265,,
"fixe 0,30","fixe 0,30","sans 2026, 12 mois",suite,,1189,0.154025,0.116021,0.191118,0.153093,-0.0324,0.26575,-0.0187127,-0.0632261,0.0211871,0.565181,0.434819,,,5.89151,2.10934
"fixe 0,30","coussin 0,20",12 mois,tentative,,1462,0.0447863,0.0257667,0.0696347,-0.0054,-0.0054,0.157042,-0.0473894,-0.0824872,-0.012144,0.167579,0.401505,0.376197,1.30233,,
"fixe 0,30","coussin 0,20",12 mois,suite,,1462,0.120436,0.088615,0.153212,0.115007,-0.0162,0.217876,-0.0774755,-0.106341,-0.0482508,0.298906,0.663475,,,2.23256,1.00068
"fixe 0,30","coussin 0,20",24 mois,tentative,,1097,0.0440116,0.0277353,0.0618862,-0.0054,-0.0054,0.166033,-0.0650508,-0.102026,-0.0329549,0.216955,0.35825,0.33546,1.28715,,
"fixe 0,30","coussin 0,20",24 mois,suite,,1097,0.135457,0.103221,0.168934,0.149205,0.000454904,0.272463,-0.278896,-0.298525,-0.260009,0,1,,,2.4649,1.00091
"fixe 0,30","coussin 0,20","sans 2026, 12 mois",tentative,,1189,0.033536,0.0196617,0.048429,-0.0054,-0.0054,0.126548,-0.0774638,-0.113356,-0.0463873,0.125315,0.445753,0.334735,1.08999,,
"fixe 0,30","coussin 0,20","sans 2026, 12 mois",suite,,1189,0.0917772,0.0687906,0.114485,0.112629,-0.0216,0.168943,-0.0809606,-0.114674,-0.0470898,0.280908,0.672834,,,2.36669,1.00084
"fixe 0,30","relance 0,20 → 0,40",12 mois,tentative,,1462,0.0586397,0.0316453,0.0915509,-0.0054,-0.0054,0.230912,-0.033536,-0.0595275,-0.00989901,0.247606,0.267442,0.312585,1.00479,,
"fixe 0,30","relance 0,20 → 0,40",12 mois,suite,,1462,0.261802,0.211882,0.311666,0.227711,0.0133176,0.552614,0.0638905,0.0520884,0.0756723,0.849521,0.150479,,,4.86731,2.07045
"fixe 0,30","relance 0,20 → 0,40",24 mois,tentative,,1097,0.0675696,0.0300332,0.11076,-0.0054,-0.0054,0.361303,-0.0414928,-0.0740077,-0.00995956,0.235187,0.288058,0.258888,0.938924,,
"fixe 0,30","relance 0,20 → 0,40",24 mois,suite,,1097,0.589205,0.533411,0.642802,0.61891,0.336593,0.796525,0.174852,0.15983,0.189939,1,0,,,8.31176,3.65816
"fixe 0,30","relance 0,20 → 0,40","sans 2026, 12 mois",tentative,,1189,0.0668158,0.0322222,0.108941,-0.0054,-0.0054,0.278538,-0.0441841,-0.07378,-0.0148562,0.238015,0.320437,0.277544,1.02439,,
"fixe 0,30","relance 0,20 → 0,40","sans 2026, 12 mois",suite,,1189,0.239504,0.183359,0.295225,0.204489,-0.000703686,0.522316,0.0667658,0.0523785,0.0808254,0.856182,0.143818,,,4.92683,1.88982
"coussin 0,15","fixe 0,10",12 mois,tentative,,1462,0.045227,0.0284192,0.0631812,0.0157054,-0.0054,0.161049,-0.0469488,-0.0736584,-0.0199346,0.159371,0.478112,0.5513,1.78112,,
"coussin 0,15","fixe 0,10",12 mois,suite,,1462,0.0449163,0.0280383,0.0632687,0.0138552,-0.0054,0.16445,-0.152995,-0.186632,-0.119516,0.151163,0.847469,,,1.41382,0.790698
"coussin 0,15","fixe 0,10",24 mois,tentative,,1097,0.0427167,0.0256041,0.0625447,0.0157054,-0.0054,0.161049,-0.0663458,-0.0945337,-0.0410037,0.130356,0.485871,0.540565,1.61805,,
"coussin 0,15","fixe 0,10",24 mois,suite,,1097,0.097677,0.0660455,0.129634,0.0430536,-0.0054,0.266321,-0.316676,-0.345618,-0.288574,0,1,,,1.8897,1.15132
"coussin 0,15","fixe 0,10","sans 2026, 12 mois",tentative,,1189,0.03804,0.0218031,0.0579574,-0.0054,-0.0054,0.161049,-0.0729598,-0.0994366,-0.0492676,0.0319596,0.52397,0.470984,1.38183,,
"coussin 0,15","fixe 0,10","sans 2026, 12 mois",suite,,1189,0.0360436,0.0203559,0.0553955,-0.0054,-0.0054,0.155649,-0.136694,-0.174526,-0.0988409,0.181665,0.816653,,,1.45585,0.693019
"coussin 0,15","fixe 0,15",12 mois,tentative,,1462,0.065889,0.0425292,0.0908293,0.0204607,-0.0054,0.235162,-0.0262867,-0.050124,-0.000630043,0.154583,0.4829,0.548564,1.79001,,
"coussin 0,15","fixe 0,15",12 mois,suite,,1462,0.0665191,0.0411395,0.094408,0.0150607,-0.0054,0.250807,-0.131392,-0.162605,-0.100273,0.148427,0.850205,,,1.4528,0.709302
"coussin 0,15","fixe 0,15",24 mois,tentative,,1097,0.0633039,0.0383368,0.0923278,0.0204607,-0.0054,0.235162,-0.0457585,-0.0670194,-0.025165,0.130356,0.485871,0.540565,1.64904,,
"coussin 0,15","fixe 0,15",24 mois,suite,,1097,0.100132,0.0613408,0.142736,0.0380873,-0.0108,0.289156,-0.31422,-0.352532,-0.27688,0,1,,,1.72562,0.935278
"coussin 0,15","fixe 0,15","sans 2026, 12 mois",tentative,,1189,0.0568169,0.0334407,0.0858383,-0.0054,-0.0054,0.235162,-0.0541829,-0.0736046,-0.0364952,0.0319596,0.52397,0.470984,1.41043,,
"coussin 0,15","fixe 0,15","sans 2026, 12 mois",suite,,1189,0.0541328,0.0311478,0.0825989,-0.0054,-0.0054,0.229762,-0.118605,-0.154752,-0.0825087,0.181665,0.816653,,,1.49706,0.616484
"coussin 0,15","fixe 0,20",12 mois,tentative,A,1462,0.0839517,0.0543761,0.115672,0.0242187,-0.0054,0.309021,-0.00822404,-0.0307129,0.0167624,0.179891,0.44528,0.550616,1.68194,,
"coussin 0,15","fixe 0,20",12 mois,suite,A,1462,0.084523,0.0536114,0.11928,0.0188187,-0.0054,0.303621,-0.113388,-0.143841,-0.0820096,0.180575,0.817373,,,1.487,0.70041
"coussin 0,15","fixe 0,20",24 mois,tentative,A,1097,0.0825751,0.0504368,0.119963,0.0242187,-0.0054,0.309021,-0.0264873,-0.044601,-0.00936729,0.175934,0.433911,0.540565,1.58067,,
"coussin 0,15","fixe 0,20",24 mois,suite,A,1097,0.115962,0.0738585,0.162643,0.0346148,-0.0108,0.367396,-0.29839,-0.338188,-0.256571,0,1,,,1.67001,0.864175
"coussin 0,15","fixe 0,20","sans 2026, 12 mois",tentative,A,1189,0.0747313,0.0445216,0.112297,-0.0054,-0.0054,0.309021,-0.0362686,-0.0514535,-0.0225887,0.0605551,0.488646,0.470984,1.36585,,
"coussin 0,15","fixe 0,20","sans 2026, 12 mois",suite,A,1189,0.0719518,0.0421756,0.108808,-0.0054,-0.0108,0.303621,-0.100786,-0.137528,-0.0659858,0.221194,0.777124,,,1.51472,0.616484
"coussin 0,15","fixe 0,25",12 mois,tentative,A,1462,0.0706717,0.0480613,0.0947031,-0.0054,-0.0054,0.25653,-0.0215041,-0.0471403,0.0039196,0.19699,0.440492,0.451436,1.21956,,
"coussin 0,15","fixe 0,25",12 mois,suite,A,1462,0.0780697,0.0513131,0.107254,-0.0054,-0.0108,0.25113,-0.119842,-0.150812,-0.0880957,0.205198,0.793434,,,1.60055,0.764022
"coussin 0,15","fixe 0,25",24 mois,tentative,A,1097,0.0681871,0.0422394,0.0969017,-0.0054,-0.0054,0.222901,-0.0408753,-0.0664439,-0.0171278,0.127621,0.44485,0.411121,1.14403,,
"coussin 0,15","fixe 0,25",24 mois,suite,A,1097,0.110086,0.070829,0.152748,0.044822,-0.0108,0.385655,-0.304266,-0.340398,-0.269205,0.00455789,0.995442,,,1.84503,0.960802
"coussin 0,15","fixe 0,25","sans 2026, 12 mois",tentative,A,1189,0.0627592,0.0392475,0.0908546,-0.0054,-0.0054,0.222901,-0.0482407,-0.0705663,-0.0279362,0.0731707,0.482759,0.382675,1.04794,,
"coussin 0,15","fixe 0,25","sans 2026, 12 mois",suite,A,1189,0.0654619,0.0405113,0.0949507,-0.0054,-0.0108,0.217501,-0.107276,-0.144915,-0.0716768,0.251472,0.746846,,,1.56013,0.646762
"coussin 0,15","fixe 0,30",12 mois,tentative,,1462,0.058218,0.0377892,0.0802538,-0.0054,-0.0054,0.215939,-0.0339577,-0.068684,0.000529586,0.205198,0.426129,0.402189,1.0554,,
"coussin 0,15","fixe 0,30",12 mois,suite,,1462,0.0593125,0.0377567,0.0835925,-0.0054,-0.0108,0.212071,-0.138599,-0.175665,-0.102365,0.205198,0.793434,,,1.67373,0.776334
"coussin 0,15","fixe 0,30",24 mois,tentative,,1097,0.0461314,0.0261591,0.0687837,-0.0054,-0.0054,0.180093,-0.062931,-0.100317,-0.0300431,0.147675,0.413856,0.348222,0.91887,,
"coussin 0,15","fixe 0,30",24 mois,suite,,1097,0.0819469,0.0481714,0.116213,-0.0054,-0.0108,0.297426,-0.332406,-0.368228,-0.298468,0.0209663,0.979034,,,1.8897,0.973564
"coussin 0,15","fixe 0,30","sans 2026, 12 mois",tentative,,1189,0.0429849,0.0242115,0.065084,-0.0054,-0.0054,0.113732,-0.0680149,-0.101529,-0.0384706,0.0933558,0.455004,0.324643,0.8545,,
"coussin 0,15","fixe 0,30","sans 2026, 12 mois",suite,,1189,0.0428296,0.023746,0.0654785,-0.0054,-0.0108,0.108332,-0.129908,-0.172556,-0.0857881,0.252313,0.746005,,,1.59798,0.646762
"coussin 0,15","coussin 0,20",12 mois,tentative,,1462,0.0488764,0.0301393,0.0720353,-0.0054,-0.0054,0.126548,-0.0432994,-0.0789495,-0.0065512,0.162791,0.474692,0.47606,1.20041,,
"coussin 0,15","coussin 0,20",12 mois,suite,,1462,0.0488764,0.0301393,0.0720353,-0.0054,-0.0054,0.126548,-0.149035,-0.182788,-0.11506,0.149111,0.849521,,,1,0.685363
"coussin 0,15","coussin 0,20",24 mois,tentative,,1097,0.0654437,0.0400687,0.0924282,0.0438654,-0.0054,0.192218,-0.0436187,-0.0814102,-0.00941275,0.226071,0.380128,0.52598,1.64722,,
"coussin 0,15","coussin 0,20",24 mois,suite,,1097,0.0654437,0.0400687,0.0924282,0.0438654,-0.0054,0.192218,-0.348909,-0.381555,-0.317522,0,1,,,1,0.670009
"coussin 0,15","coussin 0,20","sans 2026, 12 mois",tentative,,1189,0.0316559,0.0188087,0.0466713,-0.0054,-0.0054,0.105716,-0.079344,-0.113221,-0.0503289,0.0361648,0.519765,0.412952,0.98402,,
"coussin 0,15","coussin 0,20","sans 2026, 12 mois",suite,,1189,0.0316559,0.0188087,0.0466713,-0.0054,-0.0054,0.105716,-0.141082,-0.182553,-0.100142,0.183347,0.814971,,,1,0.616484
"coussin 0,15","relance 0,20 → 0,40",12 mois,tentative,,1462,0.0842617,0.0527306,0.120949,-0.0054,-0.0054,0.233649,-0.00791401,-0.0284529,0.0148857,0.257182,0.374145,0.450752,1.28386,,
"coussin 0,15","relance 0,20 → 0,40",12 mois,suite,,1462,0.0922894,0.0576063,0.131749,-0.0054,-0.0108,0.402101,-0.105622,-0.138277,-0.073451,0.26881,0.729822,,,1.58276,0.75855
"coussin 0,15","relance 0,20 → 0,40",24 mois,tentative,,1097,0.0885363,0.0491743,0.134614,-0.0054,-0.0054,0.407501,-0.0205261,-0.0419245,-0.000221548,0.212397,0.355515,0.411121,1.19508,,
"coussin 0,15","relance 0,20 → 0,40",24 mois,suite,,1097,0.12929,0.0831377,0.181096,0.0346148,-0.0108,0.402101,-0.285063,-0.330538,-0.23728,0.088423,0.911577,,,1.8031,0.939836
"coussin 0,15","relance 0,20 → 0,40","sans 2026, 12 mois",tentative,,1189,0.0812554,0.0445789,0.126954,-0.0054,-0.0054,0.407501,-0.0297445,-0.0472779,-0.0126601,0.150547,0.401177,0.382675,1.08999,,
"coussin 0,15","relance 0,20 → 0,40","sans 2026, 12 mois",suite,,1189,0.0848095,0.0480993,0.130952,-0.0054,-0.0108,0.402101,-0.0879283,-0.125687,-0.0519701,0.329689,0.668629,,,1.56013,0.646762
"coussin 0,20","fixe 0,10",12 mois,tentative,,1462,0.036079,0.023096,0.0509253,0.00978506,-0.0054,0.122294,-0.0560967,-0.0813624,-0.0319467,0.147059,0.474008,0.52736,1.61902,,
"coussin 0,20","fixe 0,10",12 mois,suite,,1462,0.0485152,0.0310228,0.0686562,0.0235822,-0.0054,0.192073,-0.149396,-0.185337,-0.113169,0.201094,0.797538,,,1.47469,0.901505
"coussin 0,20","fixe 0,10",24 mois,tentative,,1097,0.0392391,0.0233902,0.0568858,0.00617194,-0.0054,0.181314,-0.0698233,-0.102353,-0.0403295,0.123063,0.480401,0.510483,1.71012,,
"coussin 0,20","fixe 0,10",24 mois,suite,,1097,0.0986118,0.0636895,0.133419,0.0339068,-0.00756,0.294753,-0.315741,-0.347575,-0.28419,0.00911577,0.990884,,,1.90064,1.13947
"coussin 0,20","fixe 0,10","sans 2026, 12 mois",tentative,,1189,0.0340688,0.0196314,0.051381,-0.0054,-0.0054,0.122294,-0.076931,-0.107078,-0.0505997,0.0613961,0.518923,0.480235,1.43398,,
"coussin 0,20","fixe 0,10","sans 2026, 12 mois",suite,,1189,0.0354938,0.0210526,0.0523091,-0.0054,-0.0054,0.123183,-0.137244,-0.179417,-0.0961802,0.222876,0.775442,,,1.47603,0.775442
"coussin 0,20","fixe 0,15",12 mois,tentative,,1462,0.0474305,0.029394,0.0672444,0.00677898,-0.0054,0.145849,-0.0447452,-0.065247,-0.0260976,0.112175,0.484952,0.50342,1.4959,,
"coussin 0,20","fixe 0,15",12 mois,suite,,1462,0.0644613,0.0390184,0.0946425,0.0203849,-0.0108,0.287727,-0.13345,-0.166931,-0.100666,0.145691,0.845417,,,1.58824,0.884405
"coussin 0,20","fixe 0,15",24 mois,tentative,,1097,0.0510238,0.0296647,0.0750994,-0.0054,-0.0054,0.263503,-0.0580387,-0.0827301,-0.0357743,0.0911577,0.480401,0.478578,1.45032,,
"coussin 0,20","fixe 0,15",24 mois,suite,,1097,0.105806,0.0621389,0.152585,0.00457379,-0.0108,0.352681,-0.308547,-0.346217,-0.271971,0.00273473,0.997265,,,1.92616,1.13036
"coussin 0,20","fixe 0,15","sans 2026, 12 mois",tentative,,1189,0.049539,0.0279507,0.0753535,-0.0054,-0.0054,0.180761,-0.0614609,-0.0847185,-0.0415084,0.0319596,0.518923,0.450799,1.4365,,
"coussin 0,20","fixe 0,15","sans 2026, 12 mois",suite,,1189,0.0473263,0.0261187,0.0729889,-0.0054,-0.0108,0.175361,-0.125411,-0.164921,-0.087099,0.176619,0.812447,,,1.55845,0.71741
"coussin 0,20","fixe 0,20",12 mois,tentative,A,1462,0.0604274,0.0372152,0.0862981,-0.0054,-0.0054,0.154487,-0.0317484,-0.0490072,-0.0156984,0.164843,0.370041,0.499316,1.37278,,
"coussin 0,20","fixe 0,20",12 mois,suite,A,1462,0.0776911,0.047817,0.113509,0.0188187,-0.0108,0.354783,-0.12022,-0.153985,-0.0871706,0.225034,0.75513,,,1.59713,0.819425
"coussin 0,20","fixe 0,20",24 mois,tentative,A,1097,0.065672,0.038795,0.0969624,-0.0054,-0.0054,0.273915,-0.0433905,-0.0626784,-0.0257487,0.111212,0.406563,0.474932,1.35825,,
"coussin 0,20","fixe 0,20",24 mois,suite,A,1097,0.106939,0.0661423,0.150856,0.0112034,-0.0108,0.370108,-0.307414,-0.344337,-0.269008,0.000911577,0.999088,,,1.74294,0.920693
"coussin 0,20","fixe 0,20","sans 2026, 12 mois",tentative,A,1189,0.0641742,0.036313,0.097571,-0.0054,-0.0054,0.223453,-0.0468257,-0.0648686,-0.0308572,0.0605551,0.430614,0.447435,1.34903,,
"coussin 0,20","fixe 0,20","sans 2026, 12 mois",suite,A,1189,0.062539,0.0353041,0.0956217,-0.0054,-0.0108,0.218053,-0.110199,-0.14987,-0.0725807,0.248949,0.735071,,,1.56854,0.673675
"coussin 0,20","fixe 0,25",12 mois,tentative,A,1462,0.0655069,0.0411114,0.0923488,-0.0054,-0.0054,0.191223,-0.0266689,-0.0429848,-0.0112987,0.227086,0.365937,0.483584,1.32079,,
"coussin 0,20","fixe 0,25",12 mois,suite,A,1462,0.0846416,0.0535668,0.120581,0.0256607,-0.0108,0.296973,-0.11327,-0.147849,-0.0791043,0.260602,0.730506,,,1.66484,0.856361
"coussin 0,20","fixe 0,25",24 mois,tentative,A,1097,0.0725271,0.0434586,0.105728,-0.0054,-0.0054,0.191223,-0.0365353,-0.0553578,-0.0194648,0.141294,0.394713,0.43938,1.32908,,
"coussin 0,20","fixe 0,25",24 mois,suite,A,1097,0.105015,0.0647455,0.148695,-0.0054,-0.0108,0.397727,-0.309337,-0.344544,-0.272957,0.0246126,0.975387,,,1.88332,1.03282
"coussin 0,20","fixe 0,25","sans 2026, 12 mois",tentative,A,1189,0.0693747,0.0405715,0.103199,-0.0054,-0.0054,0.191223,-0.0416251,-0.0596311,-0.0264773,0.122792,0.424727,0.432296,1.30109,,
"coussin 0,20","fixe 0,25","sans 2026, 12 mois",suite,A,1189,0.0704554,0.0411543,0.105096,-0.0054,-0.0108,0.185823,-0.102282,-0.142392,-0.063735,0.293524,0.695542,,,1.59125,0.687132
"coussin 0,20","fixe 0,30",12 mois,tentative,,1462,0.0619947,0.0385079,0.089666,-0.0054,-0.0054,0.217471,-0.0301811,-0.0494798,-0.0112975,0.221614,0.371409,0.410397,1.06156,,
"coussin 0,20","fixe 0,30",12 mois,suite,,1462,0.0806089,0.0498893,0.116448,-0.0054,-0.0108,0.277419,-0.117302,-0.15157,-0.082158,0.263338,0.72777,,,1.87893,1.00274
"coussin 0,20","fixe 0,30",24 mois,tentative,,1097,0.0680183,0.0382838,0.102994,-0.0054,-0.0054,0.235148,-0.0410441,-0.0621881,-0.0210662,0.189608,0.339107,0.380128,1.09025,,
"coussin 0,20","fixe 0,30",24 mois,suite,,1097,0.099952,0.0630559,0.139893,-0.0054,-0.0108,0.374886,-0.314401,-0.350475,-0.278119,0.0501367,0.949863,,,2.07475,1.17958
"coussin 0,20","fixe 0,30","sans 2026, 12 mois",tentative,,1189,0.0655519,0.037925,0.0995708,-0.0054,-0.0054,0.235148,-0.045448,-0.0662174,-0.0273839,0.165685,0.381833,0.377628,1.07317,,
"coussin 0,20","fixe 0,30","sans 2026, 12 mois",suite,,1189,0.0654981,0.0376016,0.0993658,-0.0054,-0.0108,0.229748,-0.10724,-0.147751,-0.0674386,0.304458,0.684609,,,1.78301,0.834315
"coussin 0,20","coussin 0,20",12 mois,tentative,,1462,0.0448414,0.0264221,0.0700788,0.0145,-0.0054,0.118943,-0.0473343,-0.0831686,-0.0106467,0.160739,0.469904,0.532148,1.33516,,
"coussin 0,20","coussin 0,20",12 mois,suite,,1462,0.0455338,0.0272726,0.0703233,0.0145,-0.0054,0.119447,-0.152377,-0.188248,-0.115415,0.159371,0.839261,,,1.00547,0.723666
"coussin 0,20","coussin 0,20",24 mois,tentative,,1097,0.0605308,0.0354782,0.0873696,-0.0054,-0.0054,0.192218,-0.0485316,-0.0882116,-0.0125124,0.191431,0.402005,0.498633,1.70374,,
"coussin 0,20","coussin 0,20",24 mois,suite,,1097,0.0614537,0.0362872,0.0881549,0.0139543,-0.0054,0.192218,-0.352899,-0.384258,-0.321989,0,1,,,1.00729,0.655424
"coussin 0,20","coussin 0,20","sans 2026, 12 mois",tentative,,1189,0.0285021,0.0167857,0.0418677,-0.0054,-0.0054,0.110932,-0.0824977,-0.118639,-0.0517061,0.0370059,0.514718,0.448276,1.08999,,
"coussin 0,20","coussin 0,20","sans 2026, 12 mois",suite,,1189,0.0293536,0.0172179,0.0429733,-0.0054,-0.0054,0.110932,-0.143384,-0.187264,-0.100341,0.19344,0.804878,,,1.00673,0.664424
"coussin 0,20","relance 0,20 → 0,40",12 mois,tentative,,1462,0.0721227,0.0430456,0.105415,-0.0054,-0.0054,0.150512,-0.020053,-0.0351252,-0.00609287,0.23461,0.329685,0.4829,1.29207,,
"coussin 0,20","relance 0,20 → 0,40",12 mois,suite,,1462,0.0891712,0.0560928,0.127088,0.0170611,-0.0108,0.276935,-0.10874,-0.144374,-0.0727383,0.264022,0.725034,,,1.66484,0.841313
"coussin 0,20","relance 0,20 → 0,40",24 mois,tentative,,1097,0.081395,0.0468473,0.121522,-0.0054,-0.0054,0.221941,-0.0276675,-0.0441336,-0.0124778,0.170465,0.336372,0.43938,1.30173,,
"coussin 0,20","relance 0,20 → 0,40",24 mois,suite,,1097,0.123198,0.0761427,0.175766,0.0112034,-0.0108,0.509496,-0.291155,-0.331382,-0.245995,0.0738377,0.926162,,,1.77028,0.927074
"coussin 0,20","relance 0,20 → 0,40","sans 2026, 12 mois",tentative,,1189,0.0770797,0.0429054,0.118864,-0.0054,-0.0054,0.218207,-0.0339201,-0.0496805,-0.020335,0.140454,0.380151,0.431455,1.2725,,
"coussin 0,20","relance 0,20 → 0,40","sans 2026, 12 mois",suite,,1189,0.0785365,0.0436387,0.120084,-0.0054,-0.0108,0.216541,-0.0942012,-0.135812,-0.0557901,0.299411,0.687132,,,1.59294,0.689655
