piste,challenge,finance,lecture,mesure,n_departs,valeur,ic_bas,ic_haut,mediane,p10,p90,p_retrait,tentatives,finances
Référence,"fixe 0,20","fixe 0,20",12 mois,tentative,1462,0.0921757,0.0583254,0.128208,-0.0054,-0.0054,0.350042,0.497264,,
Référence,"fixe 0,20","fixe 0,20",12 mois,suite,1462,0.197911,0.155007,0.240617,0.180914,-0.0216,0.437535,,3.1922,1.29685
Référence,"fixe 0,20","fixe 0,20",24 mois,tentative,1097,0.109062,0.0689414,0.153352,-0.0054,-0.0054,0.375508,0.485871,,
Référence,"fixe 0,20","fixe 0,20",24 mois,suite,1097,0.414353,0.368701,0.459861,0.421335,0.195775,0.576546,,5.55424,2.1969
Référence,"fixe 0,20","fixe 0,20","sans 2026, 12 mois",tentative,1189,0.111,0.07145,0.156085,0.0400148,-0.0054,0.375508,0.52397,,
Référence,"fixe 0,20","fixe 0,20","sans 2026, 12 mois",suite,1189,0.172738,0.12643,0.219455,0.170301,-0.0216,0.417272,,3.1169,1.02944
Référence,"fixe 0,20","fixe 0,20","sans 2026, 24 mois",tentative,824,0.110424,0.0581315,0.167636,-0.0054,-0.0054,0.375508,0.470874,,
Référence,"fixe 0,20","fixe 0,20","sans 2026, 24 mois",suite,824,0.384777,0.337396,0.431256,0.415935,0.190375,0.551022,,5.78398,1.76456
Piste 1,"fixe 0,20","fixe 0,25",12 mois,tentative,1462,0.102594,0.0650057,0.142319,-0.0054,-0.0054,0.383078,0.478796,,
Piste 1,"fixe 0,20","fixe 0,25",12 mois,suite,1462,0.22461,0.178668,0.269804,0.217501,-0.0216,0.47396,,3.53488,1.40629
Piste 1,"fixe 0,20","fixe 0,25",24 mois,tentative,1097,0.121497,0.0752404,0.171719,-0.0054,-0.0054,0.403127,0.471285,,
Piste 1,"fixe 0,20","fixe 0,25",24 mois,suite,1097,0.482455,0.429409,0.534989,0.482582,0.230381,0.719103,,6.01459,2.29809
Piste 1,"fixe 0,20","fixe 0,25","sans 2026, 12 mois",tentative,1189,0.123192,0.0793884,0.172318,0.0228572,-0.0054,0.403127,0.502103,,
Piste 1,"fixe 0,20","fixe 0,25","sans 2026, 12 mois",suite,1189,0.196575,0.146032,0.246661,0.195895,-0.0216,0.46856,,3.35156,1.10345
Piste 1,"fixe 0,20","fixe 0,25","sans 2026, 24 mois",tentative,824,0.125962,0.0694236,0.188545,-0.0054,-0.0054,0.403127,0.468447,,
Piste 1,"fixe 0,20","fixe 0,25","sans 2026, 24 mois",suite,824,0.45542,0.397569,0.515116,0.471782,0.224981,0.711917,,6.14442,1.79612
Piste 2,"fixe 0,25","fixe 0,25",12 mois,tentative,1462,0.0750399,0.0406493,0.113484,-0.0054,-0.0054,0.355807,0.353625,,
Piste 2,"fixe 0,25","fixe 0,25",12 mois,suite,1462,0.250369,0.200278,0.300968,0.244963,-0.027,0.46856,,4.41655,1.91792
Piste 2,"fixe 0,25","fixe 0,25",24 mois,tentative,1097,0.0869435,0.0434826,0.13565,-0.0054,-0.0054,0.403127,0.312671,,
Piste 2,"fixe 0,25","fixe 0,25",24 mois,suite,1097,0.509286,0.444096,0.573412,0.459017,0.212563,0.75177,,7.93345,3.79581
Piste 2,"fixe 0,25","fixe 0,25","sans 2026, 12 mois",tentative,1189,0.0884937,0.0486651,0.13672,-0.0054,-0.0054,0.383078,0.338099,,
Piste 2,"fixe 0,25","fixe 0,25","sans 2026, 12 mois",suite,1189,0.210221,0.155741,0.261489,0.228067,-0.027,0.46316,,4.3852,1.68966
Piste 2,"fixe 0,25","fixe 0,25","sans 2026, 24 mois",tentative,824,0.112095,0.0563856,0.174363,-0.0054,-0.0054,0.419883,0.38835,,
Piste 2,"fixe 0,25","fixe 0,25","sans 2026, 24 mois",suite,824,0.461121,0.396894,0.52827,0.44156,0.212563,0.735096,,8.27427,3.50971
Piste 3a,"fixe 0,20","relance 0,20 → 0,40",12 mois,tentative,1462,0.108949,0.0663863,0.155778,-0.0054,-0.0054,0.463784,0.480848,,
Piste 3a,"fixe 0,20","relance 0,20 → 0,40",12 mois,suite,1462,0.233676,0.180102,0.286853,0.201073,-0.0216,0.555594,,3.42544,1.38919
Piste 3a,"fixe 0,20","relance 0,20 → 0,40",24 mois,tentative,1097,0.130182,0.0769426,0.188675,-0.0054,-0.0054,0.524135,0.473108,,
Piste 3a,"fixe 0,20","relance 0,20 → 0,40",24 mois,suite,1097,0.518687,0.458159,0.577486,0.551882,0.22251,0.762067,,6.00365,2.33455
Piste 3a,"fixe 0,20","relance 0,20 → 0,40","sans 2026, 12 mois",tentative,1189,0.13135,0.0807484,0.191008,0.0166034,-0.0054,0.490737,0.504626,,
Piste 3a,"fixe 0,20","relance 0,20 → 0,40","sans 2026, 12 mois",suite,1189,0.213732,0.154126,0.274773,0.199089,-0.0216,0.555594,,3.39529,1.13877
Piste 3a,"fixe 0,20","relance 0,20 → 0,40","sans 2026, 24 mois",tentative,824,0.138559,0.0695769,0.213945,-0.0054,-0.0054,0.524135,0.470874,,
Piste 3a,"fixe 0,20","relance 0,20 → 0,40","sans 2026, 24 mois",suite,824,0.503465,0.432756,0.571456,0.544794,0.21711,0.73375,,6.2318,1.87621
Piste 3b,"fixe 0,25","relance 0,20 → 0,40",12 mois,tentative,1462,0.0840931,0.0446948,0.129202,-0.0054,-0.0054,0.445497,0.371409,,
Piste 3b,"fixe 0,25","relance 0,20 → 0,40",12 mois,suite,1462,0.247355,0.193997,0.300465,0.214633,-0.027,0.558014,,4.16758,1.87209
Piste 3b,"fixe 0,25","relance 0,20 → 0,40",24 mois,tentative,1097,0.0992114,0.0495527,0.155967,-0.0054,-0.0054,0.502953,0.338195,,
Piste 3b,"fixe 0,25","relance 0,20 → 0,40",24 mois,suite,1097,0.525107,0.458422,0.58964,0.546416,0.206822,0.779975,,7.59891,3.68004
Piste 3b,"fixe 0,25","relance 0,20 → 0,40","sans 2026, 12 mois",tentative,1189,0.100087,0.0539564,0.155113,-0.0054,-0.0054,0.463784,0.361648,,
Piste 3b,"fixe 0,25","relance 0,20 → 0,40","sans 2026, 12 mois",suite,1189,0.225153,0.163039,0.286365,0.203034,-0.027,0.558014,,4.21951,1.70143
Piste 3b,"fixe 0,25","relance 0,20 → 0,40","sans 2026, 24 mois",tentative,824,0.121971,0.0581522,0.196827,-0.0054,-0.0054,0.514896,0.390777,,
Piste 3b,"fixe 0,25","relance 0,20 → 0,40","sans 2026, 24 mois",suite,824,0.506464,0.428791,0.584244,0.539394,0.206822,0.777249,,8.06553,3.5267
Piste 3c,"fixe 0,30","relance 0,20 → 0,40",12 mois,tentative,1462,0.0586397,0.0316453,0.0915509,-0.0054,-0.0054,0.230912,0.312585,,
Piste 3c,"fixe 0,30","relance 0,20 → 0,40",12 mois,suite,1462,0.261802,0.211882,0.311666,0.227711,0.0133176,0.552614,,4.86731,2.07045
Piste 3c,"fixe 0,30","relance 0,20 → 0,40",24 mois,tentative,1097,0.0675696,0.0300332,0.11076,-0.0054,-0.0054,0.361303,0.258888,,
Piste 3c,"fixe 0,30","relance 0,20 → 0,40",24 mois,suite,1097,0.589205,0.533411,0.642802,0.61891,0.336593,0.796525,,8.31176,3.65816
Piste 3c,"fixe 0,30","relance 0,20 → 0,40","sans 2026, 12 mois",tentative,1189,0.0668158,0.0322222,0.108941,-0.0054,-0.0054,0.278538,0.277544,,
Piste 3c,"fixe 0,30","relance 0,20 → 0,40","sans 2026, 12 mois",suite,1189,0.239504,0.183359,0.295225,0.204489,-0.000703686,0.522316,,4.92683,1.88982
Piste 3c,"fixe 0,30","relance 0,20 → 0,40","sans 2026, 24 mois",tentative,824,0.0843044,0.0362455,0.140168,-0.0054,-0.0054,0.502953,0.283981,,
Piste 3c,"fixe 0,30","relance 0,20 → 0,40","sans 2026, 24 mois",suite,824,0.56742,0.505481,0.626637,0.582276,0.331193,0.791125,,8.72694,3.4199
