actif,frais_bps,annee,n_trades,pnl_bps,pnl_compose,esperance_bps,esperance_atr,long_bps,short_bps,timing_bps,derive_bps,long_atr,short_atr,timing_atr,derive_atr,pnl_compose_r25,brut_atr,frais_atr,atr14_bps_P50
BTC 2013-2019,5,2013,177,-1107.81,-0.361509,-6.25879,0.0895363,50.8148,-78.6983,-13.9418,64.7565,0.668814,-0.645701,0.0115566,0.657258,0.0266816,0.160762,0.0712255,76.1641
BTC 2013-2019,5,2014,193,-10717.9,-0.673749,-55.5331,-0.739747,-61.7881,-47.4165,-54.6023,-7.1858,-0.840614,-0.608861,-0.724737,-0.115877,-0.303567,-0.667173,0.0725743,71.5934
BTC 2013-2019,5,2015,191,-2943.74,-0.291201,-15.4123,-0.272148,-19.8353,-9.65694,-14.7461,-5.08919,-0.238447,-0.315999,-0.277223,0.038776,-0.133106,-0.16341,0.108738,47.564
BTC 2013-2019,5,2016,242,-1376.36,-0.152789,-5.68745,-0.00173786,4.50185,-18.7605,-7.12933,11.6312,0.195457,-0.254743,-0.0296428,0.2251,-0.0227822,0.147525,0.149263,34.3046
BTC 2013-2019,5,2017,184,9031.8,1.25813,49.0859,0.468962,91.6422,-7.4763,42.0829,49.5592,1.03593,-0.284603,0.375663,0.660266,0.218667,0.546052,0.0770905,73.815
BTC 2013-2019,5,2018,183,-69.9892,-0.0753408,-0.382454,0.0619258,15.5087,-15.4284,0.0401832,15.4685,0.0790367,0.0457251,0.0623809,0.0166558,0.0326935,0.159956,0.0980305,68.228
BTC 2013-2019,5,2019,187,3886.37,0.400814,20.7828,0.108908,27.4854,14.8248,21.1551,6.3303,0.0285369,0.180349,0.104443,-0.0759063,0.0524134,0.221777,0.112869,47.3448
BTC 2013-2019,10,2013,177,-1992.81,-0.415834,-11.2588,0.0183108,45.8148,-83.6983,-18.9418,64.7565,0.603202,-0.724052,-0.0604246,0.663627,-0.00476204,0.160762,0.142451,76.1641
BTC 2013-2019,10,2014,193,-11682.9,-0.703941,-60.5331,-0.812322,-66.7881,-52.4165,-59.6023,-7.1858,-0.915404,-0.67856,-0.796982,-0.118422,-0.327582,-0.667173,0.145149,71.5934
BTC 2013-2019,10,2015,191,-3898.74,-0.355902,-20.4123,-0.380886,-24.8353,-14.6569,-19.7461,-5.08919,-0.349339,-0.421934,-0.385637,0.0362973,-0.176595,-0.16341,0.217476,47.564
BTC 2013-2019,10,2016,242,-2586.36,-0.249438,-10.6874,-0.151001,-0.498152,-23.7605,-12.1293,11.6312,0.0419563,-0.398569,-0.178306,0.220263,-0.103646,0.147525,0.298526,34.3046
BTC 2013-2019,10,2017,184,8111.8,1.06036,44.0859,0.391871,86.6422,-12.4763,37.0829,49.5592,0.954109,-0.355406,0.299351,0.654757,0.17702,0.546052,0.154181,73.815
BTC 2013-2019,10,2018,183,-984.989,-0.156274,-5.38245,-0.0361047,10.5087,-20.4284,-4.95982,15.4685,-0.0129965,-0.0579837,-0.0354901,0.0224936,-0.0080936,0.159956,0.196061,68.228
BTC 2013-2019,10,2019,187,2951.37,0.275928,15.7828,-0.00396051,22.4854,9.82482,16.1551,6.3303,-0.0814965,0.0649604,-0.00826807,-0.0732285,-0.000639101,0.221777,0.225738,47.3448
XAU 2009-2019,4,2009,90,212.019,0.0193985,2.35577,0.0867268,8.79771,-6.45953,1.16909,7.62862,0.423387,-0.373965,0.0247105,0.398676,0.0206448,0.301831,0.215105,19.2464
XAU 2009-2019,4,2010,113,30.1857,1.33459e-05,0.267131,0.145574,6.53781,-5.89354,0.322137,6.21568,0.557618,-0.25924,0.149189,0.408429,0.00479613,0.407096,0.261522,15.9174
XAU 2009-2019,4,2011,116,536.929,0.0514839,4.6287,0.456472,4.52548,4.73553,4.63051,-0.105025,0.582741,0.325773,0.454257,0.128484,0.0743492,0.694413,0.23794,17.8769
XAU 2009-2019,4,2012,120,804.345,0.080221,6.70287,0.559638,6.87212,6.53363,6.70287,0.169247,0.333211,0.786065,0.559638,-0.226427,0.0792356,0.8521,0.292462,13.9543
XAU 2009-2019,4,2013,123,517.475,0.0489475,4.20711,0.454053,-15.4683,15.9612,0.246481,-15.7148,-0.725498,1.15872,0.216611,-0.942109,0.0421848,0.703899,0.249846,17.4941
XAU 2009-2019,4,2014,133,163.068,0.0140259,1.22608,0.144551,-3.62663,6.95385,1.66361,-5.29024,-0.0849034,0.415383,0.16524,-0.250143,0.0106656,0.446555,0.302004,13.4913
XAU 2009-2019,4,2015,122,661.136,0.0657617,5.41915,0.4556,5.76804,5.1132,5.44062,0.327418,0.328297,0.567235,0.447766,-0.119469,0.0657617,0.740653,0.285053,14.4239
XAU 2009-2019,4,2016,101,-1097.6,-0.106313,-10.8673,-0.828348,-9.84093,-12.0466,-10.9438,1.10285,-0.796713,-0.864694,-0.830704,0.0339905,-0.104607,-0.570492,0.257856,16.2386
XAU 2009-2019,4,2017,98,-503.751,-0.0502085,-5.14031,-0.393962,3.49774,-14.5135,-5.50789,9.00563,0.422328,-1.27972,-0.428698,0.851027,-0.0502085,-0.0377449,0.356218,11.1934
XAU 2009-2019,4,2018,108,-335.977,-0.034364,-3.1109,-0.32307,0.146082,-6.36788,-3.1109,3.25698,-0.0100091,-0.63613,-0.32307,0.313061,-0.034364,0.0514193,0.374489,10.88
XAU 2009-2019,4,2019,129,-1259.88,-0.119686,-9.76652,-0.804559,-11.1443,-8.32314,-9.73372,-1.41058,-1.06607,-0.530596,-0.798333,-0.267737,-0.119051,-0.433503,0.371057,10.5085
BTC brut,5,2013,177,-1107.81,-0.361509,-6.25879,0.0895363,50.8148,-78.6983,-13.9418,64.7565,0.668814,-0.645701,0.0115566,0.657258,0.0266816,0.160762,0.0712255,76.1641
BTC brut,5,2014,193,-10717.9,-0.673749,-55.5331,-0.739747,-61.7881,-47.4165,-54.6023,-7.1858,-0.840614,-0.608861,-0.724737,-0.115877,-0.303567,-0.667173,0.0725743,71.5934
BTC brut,5,2015,191,-3082.96,-0.301029,-16.1412,-0.285271,-21.1244,-9.65694,-15.3907,-5.73374,-0.261655,-0.315999,-0.288827,0.0271719,-0.13853,-0.176385,0.108886,47.564
BTC brut,5,2016,242,-1376.36,-0.152789,-5.68745,-0.00173786,4.50185,-18.7605,-7.12933,11.6312,0.195457,-0.254743,-0.0296428,0.2251,-0.0227822,0.147525,0.149263,34.3046
BTC brut,5,2017,184,9031.8,1.25813,49.0859,0.468962,91.6422,-7.4763,42.0829,49.5592,1.03593,-0.284603,0.375663,0.660266,0.218667,0.546052,0.0770905,73.815
BTC brut,5,2018,183,-69.9892,-0.0753408,-0.382454,0.0619258,15.5087,-15.4284,0.0401832,15.4685,0.0790367,0.0457251,0.0623809,0.0166558,0.0326935,0.159956,0.0980305,68.228
BTC brut,5,2019,187,3886.37,0.400814,20.7828,0.108908,27.4854,14.8248,21.1551,6.3303,0.0285369,0.180349,0.104443,-0.0759063,0.0524134,0.221777,0.112869,47.3448
BTC brut,10,2013,177,-1992.81,-0.415834,-11.2588,0.0183108,45.8148,-83.6983,-18.9418,64.7565,0.603202,-0.724052,-0.0604246,0.663627,-0.00476204,0.160762,0.142451,76.1641
BTC brut,10,2014,193,-11682.9,-0.703941,-60.5331,-0.812322,-66.7881,-52.4165,-59.6023,-7.1858,-0.915404,-0.67856,-0.796982,-0.118422,-0.327582,-0.667173,0.145149,71.5934
BTC brut,10,2015,191,-4037.96,-0.364837,-21.1412,-0.394157,-26.1244,-14.6569,-20.3907,-5.73374,-0.37281,-0.421934,-0.397372,0.0245622,-0.181806,-0.176385,0.217772,47.564
BTC brut,10,2016,242,-2586.36,-0.249438,-10.6874,-0.151001,-0.498152,-23.7605,-12.1293,11.6312,0.0419563,-0.398569,-0.178306,0.220263,-0.103646,0.147525,0.298526,34.3046
BTC brut,10,2017,184,8111.8,1.06036,44.0859,0.391871,86.6422,-12.4763,37.0829,49.5592,0.954109,-0.355406,0.299351,0.654757,0.17702,0.546052,0.154181,73.815
BTC brut,10,2018,183,-984.989,-0.156274,-5.38245,-0.0361047,10.5087,-20.4284,-4.95982,15.4685,-0.0129965,-0.0579837,-0.0354901,0.0224936,-0.0080936,0.159956,0.196061,68.228
BTC brut,10,2019,187,2951.37,0.275928,15.7828,-0.00396051,22.4854,9.82482,16.1551,6.3303,-0.0814965,0.0649604,-0.00826807,-0.0732285,-0.000639101,0.221777,0.225738,47.3448
