actif,frais_bps,annees,debut,fin,n_candidats,n_trades,part_ignores,trades_par_mois,pnl_compose,pnl_bps,pf,wr,esperance_bps,esperance_atr,mdd_valorise,mdd_sorties,mdd_bps,duree_mediane,brut_bps,frais_cumules_bps,part_frais,n_long,n_short,long_bps,short_bps,timing_bps,derive_bps,long_atr,short_atr,timing_atr,derive_atr,esperance_bps_lo,esperance_bps_hi,timing_bps_lo,timing_bps_hi,esperance_atr_lo,esperance_atr_hi,timing_atr_lo,timing_atr_hi,pnl_compose_r25,mdd_valorise_r25,mdd_sorties_r25,exposition_moyenne_r25,part_plafonnee_r25,pf_r25,brut_bps_r25,part_frais_r25,cagr_r25,calmar_r25,cagr_1x,calmar_1x,part_stop,n_F2b,esperance_atr_F2b,esperance_bps_F2b,n_F3,esperance_atr_F3,esperance_bps_F3,annees_atr_pos,annees_pnl_r25_pos,duree_mediane_h
BTC 2013-2019,5,6.99795,2013-01-19 01:30:00+00:00,2019-12-26 22:00:00+00:00,1835,1357,0.26049,16.1595,-0.634125,-3297.61,0.973141,0.422992,-2.43008,-0.0452003,-0.916049,-0.912739,-20000.9,26,3487.39,6785,1.94558,734,623,13.879,-21.645,-3.88297,17.762,0.127702,-0.248909,-0.0606034,0.188306,-19.4682,15.3533,-21.1463,14.167,-0.244278,0.157485,-0.25915,0.140844,-0.19774,-0.485169,-0.474819,0.48741,0.072955,0.964596,1743.21,1.89712,-0.0309934,-0.0638816,-0.133835,-0.1461,0.227708,765,-0.223674,-12.6063,592,0.185428,10.72,4,4,13
BTC 2013-2019,10,6.99795,2013-01-19 01:30:00+00:00,2019-12-26 22:00:00+00:00,1835,1357,0.26049,16.1595,-0.814552,-10082.6,0.920447,0.410464,-7.43008,-0.145963,-0.942004,-0.939939,-23720.9,26,3487.39,13570,3.89116,734,623,8.87904,-26.645,-8.88297,17.762,0.0269325,-0.349664,-0.161366,0.188298,-24.4682,10.3533,-26.1463,9.16701,-0.346121,0.056587,-0.358839,0.0444648,-0.423716,-0.567086,-0.563025,0.48741,0.072955,0.894455,1743.21,3.79424,-0.0757378,-0.133556,-0.213987,-0.227162,0.227708,765,-0.323697,-17.6063,592,0.0837104,5.71999,2,1,13
BTC 2014-2019,5,5.99863,2014-01-01 14:00:00+00:00,2019-12-26 22:00:00+00:00,1601,1180,0.262961,16.3926,-0.426969,-2189.81,0.976834,0.425424,-1.85577,-0.0654108,-0.844789,-0.838074,-16984,26,3710.19,5900,1.59021,635,545,8.12056,-13.4796,-2.6795,10.8001,0.0433402,-0.192121,-0.0743903,0.11773,-16.1958,15.1769,-17.0352,14.1245,-0.278184,0.152235,-0.284547,0.145622,-0.218589,-0.474221,-0.468902,0.507815,0.0805085,0.949375,1061.1,2.82358,-0.0402845,-0.0849488,-0.0886459,-0.104933,0.220339,677,-0.203366,-8.93971,503,0.120267,7.67868,3,3,13
BTC 2014-2019,10,5.99863,2014-01-01 14:00:00+00:00,2019-12-26 22:00:00+00:00,1601,1180,0.262961,16.3926,-0.682542,-8089.81,0.917418,0.413559,-6.85577,-0.170604,-0.884659,-0.879627,-19939,26,3710.19,11800,3.18043,635,545,3.12056,-18.4796,-7.6795,10.8001,-0.0629112,-0.296081,-0.179496,0.116585,-21.1958,10.1769,-22.0352,9.12448,-0.383077,0.0477086,-0.388818,0.0371809,-0.420959,-0.551439,-0.547032,0.507815,0.0805085,0.876746,1061.1,5.64716,-0.0870593,-0.157877,-0.174098,-0.196796,0.220339,677,-0.307693,-13.9397,503,0.0139066,2.67868,1,1,13
XAU 2009-2019,4,10.7953,2009-04-01 21:00:00+00:00,2019-12-20 13:00:00+00:00,1589,1253,0.211454,9.67238,-0.052907,-272.054,0.990728,0.417398,-0.217122,0.0112279,-0.293133,-0.290421,-3366.06,26,4739.95,5012,1.0574,627,626,-0.353448,-0.0805785,-0.217013,-0.136435,-0.00883695,0.0313248,0.0112439,-0.0200809,-3.77977,3.14013,-3.81828,3.15029,-0.245866,0.257579,-0.246893,0.253771,-0.0343206,-0.291272,-0.288553,0.989927,0.932163,0.99696,4873.98,1.01796,-0.00322981,-0.0110886,-0.00502266,-0.0171344,0.258579,691,0.182815,1.57372,562,-0.199744,-2.41904,7,7,13
BTC brut,5,6.99795,2013-01-19 01:30:00+00:00,2019-12-26 22:00:00+00:00,1834,1357,0.260087,16.1595,-0.639198,-3436.83,0.972029,0.422255,-2.53267,-0.0470474,-0.917213,-0.913948,-20140.1,26,3348.17,6785,2.02648,734,623,13.6894,-21.645,-3.97781,17.6672,0.124288,-0.248909,-0.0623108,0.186598,-19.6457,15.139,-21.308,14.0934,-0.247213,0.155652,-0.260987,0.140203,-0.20276,-0.48839,-0.478105,0.487514,0.072955,0.963217,1681.25,1.96745,-0.0318621,-0.0652391,-0.135561,-0.147797,0.228445,764,-0.224719,-12.6766,593,0.181859,10.5364,4,4,13
BTC brut,10,6.99795,2013-01-19 01:30:00+00:00,2019-12-26 22:00:00+00:00,1834,1357,0.260087,16.1595,-0.817124,-10221.8,0.919415,0.409727,-7.53267,-0.147831,-0.942808,-0.940772,-23860.1,26,3348.17,13570,4.05297,734,623,8.68937,-26.645,-8.97781,17.6672,0.0234791,-0.349664,-0.163092,0.186571,-24.6457,10.139,-26.308,9.09344,-0.350201,0.0556424,-0.363864,0.0444648,-0.427363,-0.569826,-0.56579,0.487514,0.072955,0.893199,1681.25,3.9349,-0.076576,-0.134385,-0.215555,-0.22863,0.228445,764,-0.324782,-17.6766,593,0.0801466,5.53636,2,1,13
BTC 2020-2025 (réf.),5,6,2020-01-01 00:00:00+00:00,2025-12-31 23:30:00+00:00,1452,1080,0.256198,15,2.03518,13319.6,1.19607,0.442593,12.333,0.368619,-0.439451,-0.424312,-5012.7,26,18719.6,5400,0.288468,580,500,12.5826,12.0434,12.313,0.269578,0.456755,0.266381,0.361568,0.0951868,0.168395,24.4135,0.17048,24.4831,0.098448,0.644959,0.0894729,0.637593,1.38147,-0.134662,-0.128538,0.600229,0.156481,1.28232,12430,0.26076,0.1556,1.15549,0.203273,0.46256,0.237963,573,0.458814,11.8072,507,0.266683,12.9271,6,6,13
BTC 2020-2025 (réf.),10,6,2020-01-01 00:00:00+00:00,2025-12-31 23:30:00+00:00,1452,1080,0.256198,15,0.769294,7919.6,1.11157,0.427778,7.33296,0.232798,-0.480113,-0.46608,-5762.7,26,18719.6,10800,0.576935,580,500,7.58257,7.04342,7.31299,0.269578,0.320354,0.131234,0.225794,0.0945605,-4.83161,19.4135,-4.82952,19.4831,-0.041333,0.510934,-0.0503889,0.50655,0.722614,-0.15896,-0.153013,0.600229,0.156481,1.17299,12430,0.521519,0.0948753,0.59685,0.0997652,0.207795,0.237963,573,0.326093,6.80724,507,0.12736,7.92712,5,5,13
XAU 2020-2025 (réf.),4,5.99738,2020-01-01 23:00:00+00:00,2025-12-31 21:30:00+00:00,849,651,0.233216,9.04562,0.0537334,697.308,1.04095,0.425499,1.07113,-0.0187664,-0.13334,-0.130915,-1385.47,26,3301.31,2604,0.788778,353,298,6.73173,-5.6342,0.548763,6.18297,0.329406,-0.431199,-0.0508964,0.380303,-4.85699,7.48904,-5.18121,6.89669,-0.362029,0.348736,-0.398762,0.305976,0.00632053,-0.136448,-0.133406,0.975845,0.887865,1.0131,2757.86,0.921402,0.00105112,0.00770343,0.00876526,0.065736,0.259601,350,-0.303664,-3.23977,301,0.31251,6.08381,2,2,13
