risque_bps,marge,pnl_compose_r25,pnl_compose_1x,pnl_bps_1x,pf_1x,wr,esperance_atr,esperance_bps,mdd_r25,mdd_1x,n_trades,trades_par_mois,duree_mediane_barres,duree_mediane_h,part_frais_1x,calmar_r25,annees,exposition_brute_max,exposition_brute_P99,part_etats_exposition_sup_1,positions_max,marge_trades,marge_part_reduits,marge_part_sautes,marge_ratio_moyen,top1_n,top1_part_reduits,top1_part_sautes,top1_ratio_moyen,marge_max,part_etats_marge_sup_1,pire_jour_pessimiste_utc,pire_jour_pessimiste_utc_date,pire_jour_pessimiste_D04_2,pire_jour_pessimiste_D04_2_date,correction_jours_modifies,correction_jours,correction_ecart_max,correction_jour_ecart_max,approx_part_perte_totale_p1,approx_pire_baisse,approx_pire_depart,moteur_part_perte_totale_p1
5,sans,0.569975,14.3893,46984.6,1.12757,0.423061,0.198452,9.904,-0.106602,-0.815118,4744,79.0775,26,13,0.330443,0.885721,4.99932,1.54658,0.85022,0.00450874,6,4744,0,0,1,48,0,0,1,0.770863,0,-0.0126296,2026-01-26,-0.0126296,2026-01-26,162,1775,-0.00216812,2023-03-03,0,-0.0955161,2023-07-27,0
5,ftmo,0.569975,11.147,46984.6,1.12757,0.423061,0.198452,9.904,-0.106602,-0.66501,4744,79.0775,26,13,0.330443,0.885721,4.99932,1.54658,0.85022,0.00450874,6,4744,0,0,1,48,0,0,1,0.770863,0,-0.0126296,2026-01-26,-0.0126296,2026-01-26,,,,,,,,
10,sans,1.38945,14.3893,46984.6,1.12757,0.423061,0.198452,9.904,-0.197639,-0.815118,4744,79.0775,26,13,0.330443,0.963055,4.99932,3.10362,1.66498,0.0898667,6,4744,0,0,1,48,0,0,1,1.24111,0.000875799,-0.0248244,2026-01-26,-0.0248244,2026-01-26,161,1775,-0.00433209,2023-03-03,0.0952903,-0.179147,2023-07-27,0.0952903
10,ftmo,1.38245,11.147,46984.6,1.12757,0.423061,0.198452,9.904,-0.197592,-0.66501,4744,79.0775,26,13,0.330443,0.95975,4.99932,2.94557,1.66242,0.0894126,6,4744,0.00168634,0,0.999419,48,0.0208333,0,0.993705,1.00402,0.000389244,-0.0248244,2026-01-26,-0.0248244,2026-01-26,,,,,,,,
15,sans,2.47804,14.3893,46984.6,1.12757,0.423061,0.198452,9.904,-0.262783,-0.815118,4744,79.0775,26,13,0.330443,1.07755,4.99932,4.16657,2.27699,0.2316,6,4744,0,0,1,48,0,0,1,1.86617,0.00994194,-0.0366066,2026-01-26,-0.0366066,2026-01-26,163,1775,-0.00649193,2023-03-03,0.229463,-0.23918,2023-07-27,0.231106
15,ftmo,2.59572,11.147,47258.5,1.12846,0.423053,0.201061,9.97645,-0.262684,-0.66501,4737,78.9608,26,13,0.328824,1.11058,4.99932,2.9483,2.0988,0.229584,6,4744,0.0164418,0.00147555,0.993243,48,0.0208333,0,0.989277,1.01335,0.00360144,-0.0366066,2026-01-26,-0.0366066,2026-01-26,,,,,,,,
20,sans,3.87037,14.3893,46984.6,1.12757,0.423061,0.198452,9.904,-0.32089,-0.815118,4744,79.0775,26,13,0.330443,1.16102,4.99932,4.59955,2.74021,0.328652,6,4744,0,0,1,48,0,0,1,2.26036,0.0264037,-0.0479967,2026-01-26,-0.0479967,2026-01-26,162,1775,-0.00864763,2023-03-03,0.296276,-0.29424,2023-07-18,0.296276
20,ftmo,4.12801,11.147,47467.2,1.12929,0.42346,0.204007,10.0502,-0.312705,-0.66501,4723,78.7274,26,13,0.327186,1.2369,4.99932,2.98211,2.453,0.321714,6,4744,0.0432125,0.00442664,0.98052,48,0.0208333,0,0.985704,1.02249,0.00933139,-0.0479967,2026-01-26,-0.0479967,2026-01-26,,,,,,,,
25,sans,5.84194,14.3893,46984.6,1.12757,0.423061,0.198452,9.904,-0.373972,-0.815118,4744,79.0775,26,13,0.330443,1.25444,4.99932,5.22619,3.09103,0.396461,6,4744,0,0,1,48,0,0,1,2.50538,0.047731,-0.0590139,2026-01-26,-0.0590139,2026-01-26,164,1775,-0.0107992,2023-03-03,0.333516,-0.36593,2022-07-27,0.337349
25,ftmo,5.38303,11.147,44572.6,1.1218,0.423462,0.19449,9.48958,-0.367874,-0.66501,4697,78.2941,26,13,0.339925,1.22016,4.99932,2.99385,2.7276,0.384172,6,4744,0.0754637,0.00990725,0.96378,48,0.125,0.0416667,0.926652,1.03014,0.0170996,-0.0534261,2026-01-26,-0.0590139,2026-01-26,,,,,,,,
