n,cat,paris,dir,executed,close,regime,vol,drift24h,ts,ts_plot,prev_zone,prev_len,prev_ext,seg_zone,seg_len,x1,innov,nis,R,K1,dist_pct,slope6_pct,neutral_len,next_zone,rebond,hold,mfe,mae,fin,before,after,prev_peak_vel_bps
1,Long,14/04/2026 10:00,Long,True,74672,tendance haussière,volatile,4.75,-9.3,-29.2,-1,7,100.0,0,1,10.9,335,1463,62,0.094,0.36,-0.32,2,V,False,19,1.94,0.5,0.17,V9 N3 R7 N1,N2 V4 N2 R3 N1 V7 N1,12.93
2,Long,28/01/2026 08:30,Long,True,89021,range,vol moyenne,0.43,-9.8,-24.4,-1,9,100.0,0,1,3.0,317,1177,71,0.08,0.3,-0.39,3,V,False,16,1.5,0.3,0.39,V10 N2 R9 N1,N3 V13 N1,18.58
3,Long,24/03/2026 21:00,Long,True,69975,tendance baissière,vol moyenne,-3.51,-9.3,-26.0,-1,13,100.0,0,1,25.1,1469,15645,121,0.06,1.85,-0.72,1,V,False,13,1.47,0.16,0.74,V10 N2 R13 N1,N1 V12 N1,39.48
4,Long,31/08/2026 06:00,Long,True,77506,range,vol moyenne,-1.2,-24.2,-33.7,-1,16,100.0,0,1,-19.5,438,1062,162,0.052,0.51,-0.49,2,V,False,16,1.64,0.07,0.74,V10 N2 R16 N1,N2 V14 N1,26.21
5,Long,25/02/2026 11:30,Long,True,65397,tendance haussière,volatile,3.34,-29.1,-40.3,-1,7,95.9,0,1,-27.6,384,1529,81,0.079,0.49,-0.73,3,V,False,22,7.1,0.31,5.46,R1 V9 N2 R7 N1,N3 V19 N1,25.76
6,Short,22/03/2026 19:30,Short,True,68614,tendance baissière,vol moyenne,-2.09,28.6,47.7,1,7,99.9,0,1,4.7,-304,1068,73,0.078,-0.37,0.32,2,R,False,14,1.84,0.01,1.01,N1 R9 N2 V7 N1,N2 R12 N1,10.05
7,Short,17/02/2026 03:30,Short,True,68816,range,volatile,0.87,20.8,32.3,1,11,100.0,0,1,17.8,-660,3742,101,0.067,-0.83,0.75,2,R,False,12,1.38,0.02,0.98,R10 N2 V11 N1,N2 R10 N1,34.33
8,Short,12/01/2026 08:30,Short,True,91286,tendance haussière,faible vol,2.09,9.3,26.7,1,14,100.0,0,1,-21.7,-1433,9691,191,0.049,-1.42,0.46,2,R,False,14,1.39,0.24,0.54,N1 R10 N1 V14 N1,N2 R12 N1,24.86
9,Short,27/05/2026 14:30,Short,True,75565,range,vol moyenne,-1.79,3.3,24.2,1,8,100.0,0,1,-11.2,-338,1286,76,0.075,-0.38,0.14,1,R,False,14,1.37,0.1,0.86,V2 N2 R6 N2 V8 N1,N1 R13 N1,7.27
10,Short,06/06/2026 03:30,Short,True,61054,tendance baissière,volatile,-2.28,14.9,26.5,1,10,100.0,0,1,3.1,-1033,9530,97,0.068,-1.46,0.95,2,R,False,11,2.57,0.3,0.32,R12 V10 N1,N2 R9 N1,58.04
11,Faux range,04/05/2026 02:00,Short,True,78373,range,faible vol,0.24,-1.3,28.5,1,7,99.7,0,1,-23.7,-620,3075,110,0.058,-0.7,0.16,1,R,False,29,0.22,2.86,-2.35,N3 R7 N2 V7 N1,N1 R3 N1 V11 N2 R11 N1,8.46
12,Faux range,07/08/2026 22:30,Long,True,64935,range,faible vol,0.05,-17.8,-34.3,-1,9,100.0,0,1,-1.8,408,1484,97,0.068,0.54,-0.46,2,V,False,11,0.18,0.21,-0.08,V10 N2 R9 N1,N2 V9 N1,18.08
13,Faux range,12/09/2026 07:00,Short,True,77189,range,volatile,0.75,24.3,40.2,1,8,100.0,0,1,9.7,-325,1811,47,0.099,-0.34,0.48,3,R,False,33,0.17,0.38,-0.07,R11 N1 V8 N1,N3 R5 N2 V6 N2 V5 N2 R8 N1,16.85
14,Faux range,21/06/2026 12:30,Long,True,64285,range,faible vol,0.66,-25.0,-47.7,-1,9,100.0,0,1,0.9,376,1501,81,0.072,0.5,-0.35,2,V,False,8,0.17,0.64,-0.34,V11 N1 R9 N1,N2 V6 N1,10.39
15,Faux range,26/01/2026 08:00,Short,True,87677,range,vol moyenne,-0.09,27.3,37.1,1,12,100.0,0,1,36.2,-990,6190,140,0.057,-1.0,0.78,3,R,False,13,0.2,0.69,-0.22,R10 N2 V12 N1,N3 R10 N1,38.36
16,Ambigu,16/03/2026 13:30,Long,True,73871,tendance haussière,volatile,2.17,-26.7,-44.0,-1,7,95.6,0,1,-6.7,552,2479,106,0.071,0.64,-0.49,2,V,False,8,0.87,1.16,-0.14,V11 N1 R7 N1,N2 V6 N1,16.93
17,Ambigu,18/05/2026 13:00,Short,True,76790,range,faible vol,-1.67,27.5,43.5,1,7,100.0,0,1,16.2,-329,1336,67,0.085,-0.36,0.55,2,V,True,17,1.03,1.25,-0.07,R9 N3 V7 N1,N2 V4 N1 R10 N1,17.27
18,Ambigu,01/02/2026 05:30,Short,True,78901,tendance baissière,volatile,-5.16,25.6,35.2,1,10,100.0,0,1,58.4,-922,8626,84,0.074,-1.0,1.33,3,R,False,11,1.24,0.31,-0.05,R10 N2 V10 N1,N3 R8 N1,59.91
19,Ambigu,21/01/2026 09:00,Short,True,89147,range,vol moyenne,-1.05,19.3,38.7,1,11,100.0,0,1,-3.4,-945,7282,107,0.063,-0.93,0.61,2,R,False,13,1.14,0.84,-0.64,R10 N2 V11 N1,N2 R11 N1,21.86
20,Ambigu,21/06/2026 07:30,Short,False,64179,range,faible vol,1.18,-2.5,23.1,1,13,100.0,0,1,-9.2,-188,333,91,0.071,-0.25,0.08,1,R,False,10,0.56,0.23,-0.17,V4 N3 R4 N1 V13 N1,N1 R9 N1,8.07
