actif,variante,frais_bps,annee,n_trades,pnl_bps,pnl_compose,esperance_bps,esperance_atr,long_bps,short_bps,timing_bps,derive_bps,long_atr,short_atr,timing_atr,derive_atr,pnl_compose_r25
BTC,RE-1 gelée,5,2015,191,-2943.74,-0.291201,-15.4123,-0.272148,-19.8353,-9.65694,-14.7461,-5.08919,-0.238447,-0.315999,-0.277223,0.038776,-0.133106
BTC,RE-1 gelée,5,2016,242,-1376.36,-0.152789,-5.68745,-0.00173786,4.50185,-18.7605,-7.12933,11.6312,0.195457,-0.254743,-0.0296428,0.2251,-0.0227822
BTC,RE-1 gelée,5,2017,184,9031.8,1.25813,49.0859,0.468962,91.6422,-7.4763,42.0829,49.5592,1.03593,-0.284603,0.375663,0.660266,0.218667
BTC,RE-1 gelée,5,2018,183,-69.9892,-0.0753408,-0.382454,0.0619258,15.5087,-15.4284,0.0401832,15.4685,0.0790367,0.0457251,0.0623809,0.0166558,0.0326935
BTC,RE-1 gelée,5,2019,188,3813.46,0.3906,20.2844,0.0979683,26.3573,14.8248,20.5911,5.76626,0.00633082,0.180349,0.0933402,-0.0870093,0.0472887
BTC,RE-1 gelée,5,2020,196,2860.34,0.269828,14.5936,0.442694,19.9765,8.12196,14.0492,5.92725,0.582791,0.274262,0.428527,0.154265,0.220025
BTC,RE-1 gelée,5,2021,192,395.095,-0.039867,2.05779,0.0237499,10.1417,-6.72903,1.70631,8.43534,0.241286,-0.212702,0.0142918,0.226994,0.00271052
BTC,RE-1 gelée,5,2022,173,1644.26,0.128922,9.50439,0.304712,-17.7391,41.1749,11.7179,-29.457,-0.177558,0.865351,0.343897,-0.521455,0.115262
BTC,RE-1 gelée,5,2023,188,3591.21,0.411117,19.1022,0.503674,28.8811,8.67853,18.7798,10.1013,1.00828,-0.0341981,0.487039,0.521237,0.25388
BTC,RE-1 gelée,5,2024,171,2163.85,0.211362,12.6541,0.334344,15.4075,9.21244,12.3099,3.09751,0.399465,0.252943,0.326204,0.073261,0.147784
BTC,RE-1 gelée,5,2025,167,2039.25,0.208976,12.2111,0.549728,14.0259,10.0381,12.032,1.99389,0.598761,0.491017,0.544889,0.0538721,0.181176
BTC,Contrôle,5,2015,160,-2838.82,-0.274836,-17.7426,-0.220954,-10.8083,-27.6188,-19.2135,8.40524,-0.148535,-0.324095,-0.236315,0.0877798,-0.0959935
BTC,Contrôle,5,2016,217,-1753.25,-0.17875,-8.0795,-0.112579,-2.5763,-15.4171,-8.9967,6.42039,-0.0149765,-0.242715,-0.128846,0.113869,-0.0692577
BTC,Contrôle,5,2017,150,3682.4,0.346702,24.5493,0.267692,71.1761,-34.7938,18.1911,52.9849,0.963299,-0.617626,0.172836,0.790462,0.0919243
BTC,Contrôle,5,2018,147,1917.73,0.136743,13.0458,0.197496,11.3351,14.5183,12.9267,-1.59157,0.0659236,0.310749,0.188336,-0.122413,0.0802513
BTC,Contrôle,5,2019,183,2447.52,0.223981,13.3744,-0.0741545,14.6478,12.1688,13.4083,1.23949,-0.300358,0.140017,-0.0801705,-0.220188,-0.0308913
BTC,Contrôle,5,2020,177,1487.83,0.110596,8.40585,0.390639,10.3326,6.27263,8.30263,2.02999,0.521388,0.245882,0.383635,0.137753,0.168865
BTC,Contrôle,5,2021,179,3637.41,0.335509,20.3207,0.207709,25.0056,15.2545,20.1301,4.87556,0.371787,0.0302754,0.201031,0.170756,0.0886499
BTC,Contrôle,5,2022,168,-482.177,-0.0855091,-2.8701,0.0789655,-36.8599,34.5187,-1.17061,-35.6893,-0.552225,0.773275,0.110525,-0.66275,0.011708
BTC,Contrôle,5,2023,187,3655.4,0.419977,19.5476,0.512631,30.7459,7.2169,18.9814,11.7645,1.04678,-0.0755356,0.485623,0.561159,0.258088
BTC,Contrôle,5,2024,172,2321.09,0.230981,13.4947,0.292029,9.48407,18.8062,14.1451,-4.66105,0.26642,0.325943,0.296181,-0.0297618,0.127409
BTC,Contrôle,5,2025,169,2086.88,0.213947,12.3484,0.640385,18.0402,5.70799,11.8741,6.16609,0.774469,0.483954,0.629212,0.145257,0.217623
BTC,Statique-H,5,2015,160,-2838.82,-0.274836,-17.7426,-0.220954,-10.8083,-27.6188,-19.2135,8.40524,-0.148535,-0.324095,-0.236315,0.0877798,-0.0959935
BTC,Statique-H,5,2016,217,-1753.25,-0.17875,-8.0795,-0.112579,-2.5763,-15.4171,-8.9967,6.42039,-0.0149765,-0.242715,-0.128846,0.113869,-0.0692577
BTC,Statique-H,5,2017,150,3682.4,0.346702,24.5493,0.267692,71.1761,-34.7938,18.1911,52.9849,0.963299,-0.617626,0.172836,0.790462,0.0919243
BTC,Statique-H,5,2018,147,1917.73,0.136743,13.0458,0.197496,11.3351,14.5183,12.9267,-1.59157,0.0659236,0.310749,0.188336,-0.122413,0.0802513
BTC,Statique-H,5,2019,183,2447.52,0.223981,13.3744,-0.0741545,14.6478,12.1688,13.4083,1.23949,-0.300358,0.140017,-0.0801705,-0.220188,-0.0308913
BTC,Statique-H,5,2020,177,1487.83,0.110596,8.40585,0.390639,10.3326,6.27263,8.30263,2.02999,0.521388,0.245882,0.383635,0.137753,0.168865
BTC,Statique-H,5,2021,179,3637.41,0.335509,20.3207,0.207709,25.0056,15.2545,20.1301,4.87556,0.371787,0.0302754,0.201031,0.170756,0.0886499
BTC,Statique-H,5,2022,168,-482.177,-0.0855091,-2.8701,0.0789655,-36.8599,34.5187,-1.17061,-35.6893,-0.552225,0.773275,0.110525,-0.66275,0.011708
BTC,Statique-H,5,2023,187,3655.4,0.419977,19.5476,0.512631,30.7459,7.2169,18.9814,11.7645,1.04678,-0.0755356,0.485623,0.561159,0.258088
BTC,Statique-H,5,2024,172,2321.09,0.230981,13.4947,0.292029,9.48407,18.8062,14.1451,-4.66105,0.26642,0.325943,0.296181,-0.0297618,0.127409
BTC,Statique-H,5,2025,169,2086.88,0.213947,12.3484,0.640385,18.0402,5.70799,11.8741,6.16609,0.774469,0.483954,0.629212,0.145257,0.217623
BTC,WFO-H,5,2015,160,-2838.82,-0.274836,-17.7426,-0.220954,-10.8083,-27.6188,-19.2135,8.40524,-0.148535,-0.324095,-0.236315,0.0877798,-0.0959935
BTC,WFO-H,5,2016,217,-1753.25,-0.17875,-8.0795,-0.112579,-2.5763,-15.4171,-8.9967,6.42039,-0.0149765,-0.242715,-0.128846,0.113869,-0.0692577
BTC,WFO-H,5,2017,167,2742.87,0.268277,16.4244,0.122312,34.2262,-4.89099,14.6676,19.5586,0.451212,-0.271503,0.0898545,0.361357,0.046793
BTC,WFO-H,5,2018,134,2216.06,0.140163,16.5378,0.0738627,-19.5707,46.7106,13.57,-33.1406,-0.534663,0.582357,0.0238469,-0.55851,0.0358375
BTC,WFO-H,5,2019,187,-3186.18,-0.308209,-17.0384,-0.755993,-4.16001,-28.7341,-16.4471,12.287,-0.631722,-0.868851,-0.750287,0.118564,-0.279202
BTC,WFO-H,5,2020,150,-267.267,-0.0755113,-1.78178,0.154112,17.8999,-19.9494,-1.0248,18.9247,0.450107,-0.119114,0.165496,0.284611,0.0465902
BTC,WFO-H,5,2021,180,1242.86,0.057978,6.9048,0.107123,22.3634,-9.25641,6.55347,15.8099,0.417377,-0.217234,0.100071,0.317306,0.0412726
BTC,WFO-H,5,2022,164,-2953.07,-0.28009,-18.0065,-0.230796,-45.0384,11.7978,-16.6203,-28.4181,-0.762483,0.355423,-0.20353,-0.558953,-0.106398
BTC,WFO-H,5,2023,182,3449.09,0.390145,18.951,0.552849,28.2088,8.38632,18.2975,9.91122,1.02477,0.0143028,0.519537,0.505234,0.257738
BTC,WFO-H,5,2024,157,1035.66,0.0811569,6.59655,-0.00868526,-4.00013,20.8309,8.41538,-12.4155,-0.249007,0.314135,0.032564,-0.281571,0.00971237
BTC,WFO-H,5,2025,149,2571.58,0.268505,17.2589,0.690286,28.9649,2.93227,15.9486,13.0163,1.08669,0.205133,0.645912,0.440779,0.203365
BTC,Statique-R0,5,2015,137,3360.34,0.328932,24.5281,0.535071,14.0399,37.2153,25.6276,-11.5877,0.441963,0.647703,0.544833,-0.10287,0.18827
BTC,Statique-R0,5,2016,171,-1258.2,-0.140196,-7.35787,0.0625973,-7.44226,-7.23612,-7.33919,-0.103071,0.105081,0.00129919,0.0531902,0.051891,-0.0173765
BTC,Statique-R0,5,2017,103,281.413,-0.0163334,2.73216,0.13954,42.8782,-43.2685,-0.195154,43.0734,0.733795,-0.541377,0.096209,0.637586,0.0268399
BTC,Statique-R0,5,2018,137,-1072.16,-0.156441,-7.82602,0.117099,-35.6221,14.484,-10.5691,-25.0531,-0.544299,0.647959,0.0518299,-0.596129,0.059578
BTC,Statique-R0,5,2019,130,3198.02,0.316012,24.6002,0.691893,-6.84836,58.0455,25.5986,-32.4469,0.00393597,1.42353,0.713733,-0.709797,0.234938
BTC,Statique-R0,5,2020,158,385.526,0.00219372,2.44004,0.0893773,16.7724,-18.0663,-0.646934,17.4194,0.269391,-0.168181,0.050605,0.218786,0.0319021
BTC,Statique-R0,5,2021,139,-1926.79,-0.227595,-13.8618,-0.131645,58.3358,-68.6954,-5.17981,63.5156,0.543969,-0.644769,-0.0504001,0.594369,-0.0494176
BTC,Statique-R0,5,2022,140,-1366.52,-0.157617,-9.76086,-0.157346,-19.0395,0.945295,-9.04711,-9.99241,-0.212421,-0.0937968,-0.153109,-0.0593122,-0.0515006
BTC,Statique-R0,5,2023,147,-435.294,-0.0561311,-2.96118,-0.545145,3.77529,-11.6975,-3.96113,7.73642,-0.356614,-0.789647,-0.573131,0.216517,-0.105478
BTC,Statique-R0,5,2024,147,-700.086,-0.0852047,-4.76249,-0.214056,17.5725,-26.204,-4.31579,21.8883,0.17235,-0.585006,-0.206328,0.378678,-0.0824417
BTC,Statique-R0,5,2025,137,-977.23,-0.109307,-7.13306,-0.202504,-6.44326,-8.10121,-7.27223,0.828975,-0.316031,-0.0431694,-0.1796,-0.136431,-0.0534282
BTC,WFO-R0,5,2015,137,3360.34,0.328932,24.5281,0.535071,14.0399,37.2153,25.6276,-11.5877,0.441963,0.647703,0.544833,-0.10287,0.18827
BTC,WFO-R0,5,2016,171,-1258.2,-0.140196,-7.35787,0.0625973,-7.44226,-7.23612,-7.33919,-0.103071,0.105081,0.00129919,0.0531902,0.051891,-0.0173765
BTC,WFO-R0,5,2017,125,-216.175,-0.0740532,-1.7294,0.075999,66.4473,-73.259,-3.40588,69.8532,0.747222,-0.628235,0.0594935,0.687729,0.0149118
BTC,WFO-R0,5,2018,168,5092.65,0.550787,30.3134,0.481618,8.73485,48.1391,28.437,-19.7021,0.136372,0.766822,0.451597,-0.315225,0.229159
BTC,WFO-R0,5,2019,183,2447.52,0.223981,13.3744,-0.0741545,14.6478,12.1688,13.4083,1.23949,-0.300358,0.140017,-0.0801705,-0.220188,-0.0308913
BTC,WFO-R0,5,2020,177,1487.83,0.110596,8.40585,0.390639,10.3326,6.27263,8.30263,2.02999,0.521388,0.245882,0.383635,0.137753,0.168865
BTC,WFO-R0,5,2021,179,3637.41,0.335509,20.3207,0.207709,25.0056,15.2545,20.1301,4.87556,0.371787,0.0302754,0.201031,0.170756,0.0886499
BTC,WFO-R0,5,2022,168,-482.177,-0.0855091,-2.8701,0.0789655,-36.8599,34.5187,-1.17061,-35.6893,-0.552225,0.773275,0.110525,-0.66275,0.011708
BTC,WFO-R0,5,2023,187,3655.4,0.419977,19.5476,0.512631,30.7459,7.2169,18.9814,11.7645,1.04678,-0.0755356,0.485623,0.561159,0.258088
BTC,WFO-R0,5,2024,172,2321.09,0.230981,13.4947,0.292029,9.48407,18.8062,14.1451,-4.66105,0.26642,0.325943,0.296181,-0.0297618,0.127409
BTC,WFO-R0,5,2025,169,2086.88,0.213947,12.3484,0.640385,18.0402,5.70799,11.8741,6.16609,0.774469,0.483954,0.629212,0.145257,0.217623
BTC,Statique-frontière,5,2015,160,-2838.82,-0.274836,-17.7426,-0.220954,-10.8083,-27.6188,-19.2135,8.40524,-0.148535,-0.324095,-0.236315,0.0877798,-0.0959935
BTC,Statique-frontière,5,2016,217,-1753.25,-0.17875,-8.0795,-0.112579,-2.5763,-15.4171,-8.9967,6.42039,-0.0149765,-0.242715,-0.128846,0.113869,-0.0692577
BTC,Statique-frontière,5,2017,150,3682.4,0.346702,24.5493,0.267692,71.1761,-34.7938,18.1911,52.9849,0.963299,-0.617626,0.172836,0.790462,0.0919243
BTC,Statique-frontière,5,2018,147,1917.73,0.136743,13.0458,0.197496,11.3351,14.5183,12.9267,-1.59157,0.0659236,0.310749,0.188336,-0.122413,0.0802513
BTC,Statique-frontière,5,2019,183,2447.52,0.223981,13.3744,-0.0741545,14.6478,12.1688,13.4083,1.23949,-0.300358,0.140017,-0.0801705,-0.220188,-0.0308913
BTC,Statique-frontière,5,2020,177,1487.83,0.110596,8.40585,0.390639,10.3326,6.27263,8.30263,2.02999,0.521388,0.245882,0.383635,0.137753,0.168865
BTC,Statique-frontière,5,2021,179,3637.41,0.335509,20.3207,0.207709,25.0056,15.2545,20.1301,4.87556,0.371787,0.0302754,0.201031,0.170756,0.0886499
BTC,Statique-frontière,5,2022,168,-482.177,-0.0855091,-2.8701,0.0789655,-36.8599,34.5187,-1.17061,-35.6893,-0.552225,0.773275,0.110525,-0.66275,0.011708
BTC,Statique-frontière,5,2023,187,3655.4,0.419977,19.5476,0.512631,30.7459,7.2169,18.9814,11.7645,1.04678,-0.0755356,0.485623,0.561159,0.258088
BTC,Statique-frontière,5,2024,172,2321.09,0.230981,13.4947,0.292029,9.48407,18.8062,14.1451,-4.66105,0.26642,0.325943,0.296181,-0.0297618,0.127409
BTC,Statique-frontière,5,2025,169,2086.88,0.213947,12.3484,0.640385,18.0402,5.70799,11.8741,6.16609,0.774469,0.483954,0.629212,0.145257,0.217623
BTC,WFO-frontière,5,2015,160,-2838.82,-0.274836,-17.7426,-0.220954,-10.8083,-27.6188,-19.2135,8.40524,-0.148535,-0.324095,-0.236315,0.0877798,-0.0959935
BTC,WFO-frontière,5,2016,217,-1753.25,-0.17875,-8.0795,-0.112579,-2.5763,-15.4171,-8.9967,6.42039,-0.0149765,-0.242715,-0.128846,0.113869,-0.0692577
BTC,WFO-frontière,5,2017,150,3682.4,0.346702,24.5493,0.267692,71.1761,-34.7938,18.1911,52.9849,0.963299,-0.617626,0.172836,0.790462,0.0919243
BTC,WFO-frontière,5,2018,147,1917.73,0.136743,13.0458,0.197496,11.3351,14.5183,12.9267,-1.59157,0.0659236,0.310749,0.188336,-0.122413,0.0802513
BTC,WFO-frontière,5,2019,183,2447.52,0.223981,13.3744,-0.0741545,14.6478,12.1688,13.4083,1.23949,-0.300358,0.140017,-0.0801705,-0.220188,-0.0308913
BTC,WFO-frontière,5,2020,177,2106.88,0.187365,11.9033,0.400842,16.989,6.27263,11.6308,5.35818,0.540806,0.245882,0.393344,0.147462,0.174306
BTC,WFO-frontière,5,2021,179,3637.41,0.335509,20.3207,0.207709,25.0056,15.2545,20.1301,4.87556,0.371787,0.0302754,0.201031,0.170756,0.0886499
BTC,WFO-frontière,5,2022,168,-482.177,-0.0855091,-2.8701,0.0789655,-36.8599,34.5187,-1.17061,-35.6893,-0.552225,0.773275,0.110525,-0.66275,0.011708
BTC,WFO-frontière,5,2023,187,3655.4,0.419977,19.5476,0.512631,30.7459,7.2169,18.9814,11.7645,1.04678,-0.0755356,0.485623,0.561159,0.258088
BTC,WFO-frontière,5,2024,172,2321.09,0.230981,13.4947,0.292029,9.48407,18.8062,14.1451,-4.66105,0.26642,0.325943,0.296181,-0.0297618,0.127409
BTC,WFO-frontière,5,2025,169,2086.88,0.213947,12.3484,0.640385,18.0402,5.70799,11.8741,6.16609,0.774469,0.483954,0.629212,0.145257,0.217623
BTC,Statique-conjointe,5,2015,128,1582.75,0.101922,12.3653,0.423943,18.4709,5.86573,12.1683,6.30257,0.760051,0.0661495,0.4131,0.346951,0.129449
BTC,Statique-conjointe,5,2016,152,-1420.41,-0.162531,-9.34481,0.117232,-12.6828,-4.62919,-8.65602,-4.02682,-0.00521969,0.29022,0.1425,-0.14772,0.00820129
BTC,Statique-conjointe,5,2017,94,1859.12,0.127224,19.7778,0.345994,82.5362,-48.559,16.9886,65.5476,1.09444,-0.468975,0.31273,0.781705,0.0744716
BTC,Statique-conjointe,5,2018,130,2072.46,0.138799,15.942,0.370314,-11.9685,39.1352,13.5834,-25.5519,-0.531979,1.12011,0.294064,-0.826043,0.153253
BTC,Statique-conjointe,5,2019,116,164.456,-0.0318457,1.41773,0.485234,-24.487,30.1484,2.83071,-27.3177,-0.0705953,1.1017,0.515552,-0.586147,0.129454
BTC,Statique-conjointe,5,2020,145,2146.07,0.179301,14.8005,0.437537,22.8642,3.04656,12.9554,9.90884,0.596093,0.206422,0.401257,0.194836,0.160185
BTC,Statique-conjointe,5,2021,133,-4619.75,-0.406635,-34.735,-0.384324,37.5299,-88.9337,-25.7019,63.2318,0.273488,-0.877682,-0.302097,0.575585,-0.124595
BTC,Statique-conjointe,5,2022,134,-4036.26,-0.360515,-30.1213,-0.625985,-49.2694,-8.54174,-28.9056,-20.3638,-1.03146,-0.169019,-0.60024,-0.431221,-0.190096
BTC,Statique-conjointe,5,2023,132,-300.733,-0.0454521,-2.27828,-0.392636,-3.80699,-0.266822,-2.0369,-1.77008,-0.572582,-0.155866,-0.364224,-0.208358,-0.0700168
BTC,Statique-conjointe,5,2024,135,3334.58,0.356416,24.7006,0.640258,46.0763,4.85174,25.464,20.6123,0.919429,0.381029,0.650229,0.2692,0.174903
BTC,Statique-conjointe,5,2025,124,-1120.34,-0.128219,-9.03498,-0.19905,-8.89878,-9.23654,-9.06766,0.16888,-0.127022,-0.30565,-0.216336,0.0893137,-0.0680572
BTC,WFO-conjointe,5,2015,128,1582.75,0.101922,12.3653,0.423943,18.4709,5.86573,12.1683,6.30257,0.760051,0.0661495,0.4131,0.346951,0.129449
BTC,WFO-conjointe,5,2016,131,-1107.15,-0.120403,-8.45154,0.0710711,8.21879,-31.4869,-11.6341,19.8529,0.435793,-0.432908,0.00144241,0.434351,-0.010603
BTC,WFO-conjointe,5,2017,129,-2261.64,-0.266842,-17.5321,-0.249147,88.9133,-139.944,-25.5155,114.429,0.877951,-1.54531,-0.333679,1.21163,-0.0776266
BTC,WFO-conjointe,5,2018,159,1566.93,0.0858165,9.85493,0.234356,-7.07267,23.1688,8.04805,-15.1207,0.0468113,0.381863,0.214337,-0.167526,0.111931
BTC,WFO-conjointe,5,2019,153,-1125.85,-0.159504,-7.35848,-0.451383,-7.35106,-7.36581,-7.35843,0.00737749,-0.314277,-0.586709,-0.450493,0.136216,-0.140478
BTC,WFO-conjointe,5,2020,151,2436.83,0.230121,16.1379,0.346538,22.4219,9.05736,15.7396,6.68228,0.456285,0.22288,0.339582,0.116703,0.131057
BTC,WFO-conjointe,5,2021,181,-1980.29,-0.233638,-10.9408,0.00157452,9.35637,-33.8647,-12.2542,21.6105,0.26813,-0.299476,-0.0156732,0.283803,-0.00715522
BTC,WFO-conjointe,5,2022,157,-274.403,-0.0671647,-1.74779,0.149902,-42.1969,42.4766,0.139838,-42.3368,-0.574043,0.941416,0.183686,-0.757729,0.0386933
BTC,WFO-conjointe,5,2023,104,-448.932,-0.0582587,-4.31666,-0.307225,17.1482,-28.4098,-5.63083,22.779,0.30453,-0.993889,-0.34468,0.649209,-0.0841455
BTC,WFO-conjointe,5,2024,155,799.656,0.0546118,5.15907,-0.043567,-11.2987,27.3522,8.02671,-19.3254,-0.397872,0.434208,0.018168,-0.41604,-0.0085692
BTC,WFO-conjointe,5,2025,143,1003.05,0.0842557,7.01435,0.290613,20.9134,-11.6696,4.62189,16.2915,0.868128,-0.48572,0.191204,0.676924,0.0644488
BTC,RE-1 gelée,10,2015,191,-3898.74,-0.355902,-20.4123,-0.380886,-24.8353,-14.6569,-19.7461,-5.08919,-0.349339,-0.421934,-0.385637,0.0362973,-0.176595
BTC,RE-1 gelée,10,2016,242,-2586.36,-0.249438,-10.6874,-0.151001,-0.498152,-23.7605,-12.1293,11.6312,0.0419563,-0.398569,-0.178306,0.220263,-0.103646
BTC,RE-1 gelée,10,2017,184,8111.8,1.06036,44.0859,0.391871,86.6422,-12.4763,37.0829,49.5592,0.954109,-0.355406,0.299351,0.654757,0.17702
BTC,RE-1 gelée,10,2018,183,-984.989,-0.156274,-5.38245,-0.0361047,10.5087,-20.4284,-4.95982,15.4685,-0.0129965,-0.0579837,-0.0354901,0.0224936,-0.0080936
BTC,RE-1 gelée,10,2019,188,2873.46,0.265987,15.2844,-0.0150106,21.3573,9.82482,15.5911,5.76626,-0.103967,0.0649604,-0.0195034,-0.0844637,-0.00583922
BTC,RE-1 gelée,10,2020,196,1880.34,0.15137,9.59355,0.335626,14.9765,3.12196,9.04921,5.92725,0.466274,0.178556,0.322415,0.143859,0.158806
BTC,RE-1 gelée,10,2021,192,-564.905,-0.127827,-2.94221,-0.0457092,5.14165,-11.729,-3.29369,8.43534,0.174136,-0.284671,-0.0552677,0.229404,-0.030173
BTC,RE-1 gelée,10,2022,173,779.259,0.035393,4.50439,0.18666,-22.7391,36.1749,6.71792,-29.457,-0.299008,0.751249,0.22612,-0.525128,0.0644212
BTC,RE-1 gelée,10,2023,188,2651.21,0.284697,14.1022,0.29687,23.8811,3.67853,13.7798,10.1013,0.803545,-0.243212,0.280167,0.523379,0.163903
BTC,RE-1 gelée,10,2024,171,1308.85,0.112164,7.65412,0.19505,10.4075,4.21244,7.30995,3.09751,0.261324,0.112209,0.186766,0.0745574,0.0847999
BTC,RE-1 gelée,10,2025,167,1204.25,0.112201,7.21106,0.370678,9.02585,5.03808,7.03197,1.99389,0.423592,0.30732,0.365456,0.0581364,0.108898
BTC,Contrôle,10,2015,160,-3638.82,-0.330723,-22.7426,-0.333984,-15.8083,-32.6188,-24.2135,8.40524,-0.264823,-0.432485,-0.348654,0.083831,-0.135612
BTC,Contrôle,10,2016,217,-2838.25,-0.263292,-13.0795,-0.263762,-7.5763,-20.4171,-13.9967,6.42039,-0.169036,-0.390063,-0.279549,0.110514,-0.139514
BTC,Contrôle,10,2017,150,2932.4,0.249513,19.5493,0.189285,66.1761,-39.7938,13.1911,52.9849,0.880183,-0.690039,0.0950719,0.785111,0.0607088
BTC,Contrôle,10,2018,147,1182.73,0.0562039,8.04581,0.094033,6.33514,9.51827,7.92671,-1.59157,-0.0348037,0.20493,0.0850634,-0.119867,0.0445379
BTC,Contrôle,10,2019,183,1532.52,0.117022,8.3744,-0.187986,9.64776,7.16878,8.40827,1.23949,-0.411067,0.0232279,-0.193919,-0.217147,-0.0791223
BTC,Contrôle,10,2020,177,602.835,0.0165406,3.40585,0.28378,5.33262,1.27263,3.30263,2.02999,0.404172,0.150488,0.27733,0.126842,0.115966
BTC,Contrôle,10,2021,179,2742.41,0.221279,15.3207,0.138174,20.0056,10.2545,15.1301,4.87556,0.305383,-0.0426448,0.131369,0.174014,0.055304
BTC,Contrôle,10,2022,168,-1322.18,-0.159261,-7.8701,-0.0387169,-41.8599,29.5187,-6.17061,-35.6893,-0.674215,0.660331,-0.00694201,-0.667273,-0.0328643
BTC,Contrôle,10,2023,187,2720.4,0.293414,14.5476,0.305695,25.7459,2.2169,13.9814,11.7645,0.842988,-0.285931,0.278528,0.56446,0.168284
BTC,Contrôle,10,2024,172,1461.09,0.129621,8.49473,0.152535,4.48407,13.8062,9.14511,-4.66105,0.129008,0.183691,0.15635,-0.0273418,0.0650731
BTC,Contrôle,10,2025,169,1241.88,0.11566,7.34839,0.460289,13.0402,0.70799,6.87408,6.16609,0.598869,0.298612,0.44874,0.150129,0.141965
BTC,Statique-H,10,2015,160,-3638.82,-0.330723,-22.7426,-0.333984,-15.8083,-32.6188,-24.2135,8.40524,-0.264823,-0.432485,-0.348654,0.083831,-0.135612
BTC,Statique-H,10,2016,217,-2838.25,-0.263292,-13.0795,-0.263762,-7.5763,-20.4171,-13.9967,6.42039,-0.169036,-0.390063,-0.279549,0.110514,-0.139514
BTC,Statique-H,10,2017,150,2932.4,0.249513,19.5493,0.189285,66.1761,-39.7938,13.1911,52.9849,0.880183,-0.690039,0.0950719,0.785111,0.0607088
BTC,Statique-H,10,2018,147,1182.73,0.0562039,8.04581,0.094033,6.33514,9.51827,7.92671,-1.59157,-0.0348037,0.20493,0.0850634,-0.119867,0.0445379
BTC,Statique-H,10,2019,183,1532.52,0.117022,8.3744,-0.187986,9.64776,7.16878,8.40827,1.23949,-0.411067,0.0232279,-0.193919,-0.217147,-0.0791223
BTC,Statique-H,10,2020,177,602.835,0.0165406,3.40585,0.28378,5.33262,1.27263,3.30263,2.02999,0.404172,0.150488,0.27733,0.126842,0.115966
BTC,Statique-H,10,2021,179,2742.41,0.221279,15.3207,0.138174,20.0056,10.2545,15.1301,4.87556,0.305383,-0.0426448,0.131369,0.174014,0.055304
BTC,Statique-H,10,2022,168,-1322.18,-0.159261,-7.8701,-0.0387169,-41.8599,29.5187,-6.17061,-35.6893,-0.674215,0.660331,-0.00694201,-0.667273,-0.0328643
BTC,Statique-H,10,2023,187,2720.4,0.293414,14.5476,0.305695,25.7459,2.2169,13.9814,11.7645,0.842988,-0.285931,0.278528,0.56446,0.168284
BTC,Statique-H,10,2024,172,1461.09,0.129621,8.49473,0.152535,4.48407,13.8062,9.14511,-4.66105,0.129008,0.183691,0.15635,-0.0273418,0.0650731
BTC,Statique-H,10,2025,169,1241.88,0.11566,7.34839,0.460289,13.0402,0.70799,6.87408,6.16609,0.598869,0.298612,0.44874,0.150129,0.141965
BTC,WFO-H,10,2015,160,-3638.82,-0.330723,-22.7426,-0.333984,-15.8083,-32.6188,-24.2135,8.40524,-0.264823,-0.432485,-0.348654,0.083831,-0.135612
BTC,WFO-H,10,2016,217,-2838.25,-0.263292,-13.0795,-0.263762,-7.5763,-20.4171,-13.9967,6.42039,-0.169036,-0.390063,-0.279549,0.110514,-0.139514
BTC,WFO-H,10,2017,167,1907.87,0.166769,11.4244,0.0434831,29.2262,-9.89099,9.66761,19.5586,0.369049,-0.346339,0.0113549,0.357694,0.0136881
BTC,WFO-H,10,2018,134,1546.06,0.0662789,11.5378,-0.0306037,-24.5707,41.7106,8.56996,-33.1406,-0.635371,0.47475,-0.0803107,-0.555061,0.00423886
BTC,WFO-H,10,2019,187,-4121.18,-0.370106,-22.0384,-0.869562,-9.16001,-33.7341,-21.4471,12.287,-0.743407,-0.984131,-0.863769,0.120362,-0.315841
BTC,WFO-H,10,2020,150,-1017.27,-0.142384,-6.78178,0.0485657,12.8999,-24.9494,-6.0248,18.9247,0.332552,-0.213576,0.0594883,0.273064,0.0066482
BTC,WFO-H,10,2021,180,342.864,-0.0331079,1.9048,0.0384323,17.3634,-14.2564,1.55347,15.8099,0.350442,-0.28776,0.0313412,0.319101,0.00958239
BTC,WFO-H,10,2022,164,-3773.07,-0.336901,-23.0065,-0.348567,-50.0384,6.79777,-21.6203,-28.4181,-0.885364,0.243286,-0.321039,-0.564325,-0.144823
BTC,WFO-H,10,2023,182,2539.09,0.269397,13.951,0.345384,23.2088,3.38632,13.2975,9.91122,0.818941,-0.195029,0.311956,0.506985,0.169965
BTC,WFO-H,10,2024,157,250.658,-0.000461482,1.59655,-0.146233,-9.00013,15.8309,3.41538,-12.4155,-0.385421,0.175064,-0.105179,-0.280243,-0.0406538
BTC,WFO-H,10,2025,149,1826.58,0.177542,12.2589,0.517044,23.9649,-2.06773,10.9486,13.0163,0.917841,0.0265171,0.472179,0.445662,0.13806
BTC,Statique-R0,10,2015,137,2675.34,0.241072,19.5281,0.423099,9.03994,32.2153,20.6276,-11.5877,0.328636,0.537368,0.433002,-0.104366,0.14402
BTC,Statique-R0,10,2016,171,-2113.2,-0.21074,-12.3579,-0.0909269,-12.4423,-12.2361,-12.3392,-0.103071,-0.0569307,-0.139979,-0.0984547,0.041524,-0.0761415
BTC,Statique-R0,10,2017,103,-233.587,-0.0657502,-2.26784,0.0645581,37.8782,-48.2685,-5.19515,43.0734,0.651068,-0.607484,0.0217918,0.629276,0.00778158
BTC,Statique-R0,10,2018,137,-1757.16,-0.212395,-12.826,0.00795742,-40.6221,9.48402,-15.5691,-25.0531,-0.651158,0.536984,-0.0570869,-0.594071,0.025837
BTC,Statique-R0,10,2019,130,2548.02,0.233315,19.6002,0.578728,-11.8484,53.0455,20.5986,-32.4469,-0.10898,1.3101,0.60056,-0.70954,0.191316
BTC,Statique-R0,10,2020,158,-404.474,-0.0739668,-2.55996,-0.0157052,11.7724,-23.0663,-5.64693,17.4194,0.163802,-0.272538,-0.0543683,0.21817,-0.00914745
BTC,Statique-R0,10,2021,139,-2621.79,-0.279583,-18.8618,-0.197234,53.3358,-73.6954,-10.1798,63.5156,0.477295,-0.709535,-0.11612,0.593415,-0.0708491
BTC,Statique-R0,10,2022,140,-2066.52,-0.214662,-14.7609,-0.278006,-24.0395,-4.05471,-14.0471,-9.99241,-0.334299,-0.213052,-0.273675,-0.0606239,-0.0876149
BTC,Statique-R0,10,2023,147,-1170.29,-0.123065,-7.96118,-0.768949,-1.22471,-16.6975,-8.96113,7.73642,-0.554683,-1.04683,-0.800754,0.246071,-0.157413
BTC,Statique-R0,10,2024,147,-1435.09,-0.150092,-9.76249,-0.357855,12.5725,-31.204,-9.31579,21.8883,0.0340628,-0.734096,-0.350017,0.384079,-0.125672
BTC,Statique-R0,10,2025,137,-1662.23,-0.168346,-12.1331,-0.37114,-11.4433,-13.1012,-12.2722,0.828975,-0.478384,-0.220622,-0.349503,-0.128881,-0.0997381
BTC,WFO-R0,10,2015,137,2675.34,0.241072,19.5281,0.423099,9.03994,32.2153,20.6276,-11.5877,0.328636,0.537368,0.433002,-0.104366,0.14402
BTC,WFO-R0,10,2016,171,-2113.2,-0.21074,-12.3579,-0.0909269,-12.4423,-12.2361,-12.3392,-0.103071,-0.0569307,-0.139979,-0.0984547,0.041524,-0.0761415
BTC,WFO-R0,10,2017,125,-841.175,-0.130225,-6.7294,0.00484576,61.4473,-78.259,-8.40588,69.8532,0.66933,-0.692318,-0.011494,0.680824,-0.00683608
BTC,WFO-R0,10,2018,168,4252.65,0.426075,25.3134,0.380533,3.73485,43.1391,23.437,-19.7021,0.035991,0.665155,0.350573,-0.314582,0.183304
BTC,WFO-R0,10,2019,183,1532.52,0.117022,8.3744,-0.187986,9.64776,7.16878,8.40827,1.23949,-0.411067,0.0232279,-0.193919,-0.217147,-0.0791223
BTC,WFO-R0,10,2020,177,602.835,0.0165406,3.40585,0.28378,5.33262,1.27263,3.30263,2.02999,0.404172,0.150488,0.27733,0.126842,0.115966
BTC,WFO-R0,10,2021,179,2742.41,0.221279,15.3207,0.138174,20.0056,10.2545,15.1301,4.87556,0.305383,-0.0426448,0.131369,0.174014,0.055304
BTC,WFO-R0,10,2022,168,-1322.18,-0.159261,-7.8701,-0.0387169,-41.8599,29.5187,-6.17061,-35.6893,-0.674215,0.660331,-0.00694201,-0.667273,-0.0328643
BTC,WFO-R0,10,2023,187,2720.4,0.293414,14.5476,0.305695,25.7459,2.2169,13.9814,11.7645,0.842988,-0.285931,0.278528,0.56446,0.168284
BTC,WFO-R0,10,2024,172,1461.09,0.129621,8.49473,0.152535,4.48407,13.8062,9.14511,-4.66105,0.129008,0.183691,0.15635,-0.0273418,0.0650731
BTC,WFO-R0,10,2025,169,1241.88,0.11566,7.34839,0.460289,13.0402,0.70799,6.87408,6.16609,0.598869,0.298612,0.44874,0.150129,0.141965
BTC,Statique-frontière,10,2015,160,-3638.82,-0.330723,-22.7426,-0.333984,-15.8083,-32.6188,-24.2135,8.40524,-0.264823,-0.432485,-0.348654,0.083831,-0.135612
BTC,Statique-frontière,10,2016,217,-2838.25,-0.263292,-13.0795,-0.263762,-7.5763,-20.4171,-13.9967,6.42039,-0.169036,-0.390063,-0.279549,0.110514,-0.139514
BTC,Statique-frontière,10,2017,150,2932.4,0.249513,19.5493,0.189285,66.1761,-39.7938,13.1911,52.9849,0.880183,-0.690039,0.0950719,0.785111,0.0607088
BTC,Statique-frontière,10,2018,147,1182.73,0.0562039,8.04581,0.094033,6.33514,9.51827,7.92671,-1.59157,-0.0348037,0.20493,0.0850634,-0.119867,0.0445379
BTC,Statique-frontière,10,2019,183,1532.52,0.117022,8.3744,-0.187986,9.64776,7.16878,8.40827,1.23949,-0.411067,0.0232279,-0.193919,-0.217147,-0.0791223
BTC,Statique-frontière,10,2020,177,602.835,0.0165406,3.40585,0.28378,5.33262,1.27263,3.30263,2.02999,0.404172,0.150488,0.27733,0.126842,0.115966
BTC,Statique-frontière,10,2021,179,2742.41,0.221279,15.3207,0.138174,20.0056,10.2545,15.1301,4.87556,0.305383,-0.0426448,0.131369,0.174014,0.055304
BTC,Statique-frontière,10,2022,168,-1322.18,-0.159261,-7.8701,-0.0387169,-41.8599,29.5187,-6.17061,-35.6893,-0.674215,0.660331,-0.00694201,-0.667273,-0.0328643
BTC,Statique-frontière,10,2023,187,2720.4,0.293414,14.5476,0.305695,25.7459,2.2169,13.9814,11.7645,0.842988,-0.285931,0.278528,0.56446,0.168284
BTC,Statique-frontière,10,2024,172,1461.09,0.129621,8.49473,0.152535,4.48407,13.8062,9.14511,-4.66105,0.129008,0.183691,0.15635,-0.0273418,0.0650731
BTC,Statique-frontière,10,2025,169,1241.88,0.11566,7.34839,0.460289,13.0402,0.70799,6.87408,6.16609,0.598869,0.298612,0.44874,0.150129,0.141965
BTC,WFO-frontière,10,2015,160,-3638.82,-0.330723,-22.7426,-0.333984,-15.8083,-32.6188,-24.2135,8.40524,-0.264823,-0.432485,-0.348654,0.083831,-0.135612
BTC,WFO-frontière,10,2016,217,-2838.25,-0.263292,-13.0795,-0.263762,-7.5763,-20.4171,-13.9967,6.42039,-0.169036,-0.390063,-0.279549,0.110514,-0.139514
BTC,WFO-frontière,10,2017,150,2932.4,0.249513,19.5493,0.189285,66.1761,-39.7938,13.1911,52.9849,0.880183,-0.690039,0.0950719,0.785111,0.0607088
BTC,WFO-frontière,10,2018,147,1182.73,0.0562039,8.04581,0.094033,6.33514,9.51827,7.92671,-1.59157,-0.0348037,0.20493,0.0850634,-0.119867,0.0445379
BTC,WFO-frontière,10,2019,183,1532.52,0.117022,8.3744,-0.187986,9.64776,7.16878,8.40827,1.23949,-0.411067,0.0232279,-0.193919,-0.217147,-0.0791223
BTC,WFO-frontière,10,2020,177,1221.88,0.0868473,6.90326,0.293982,11.989,1.27263,6.63081,5.35818,0.42359,0.150488,0.287039,0.136551,0.121159
BTC,WFO-frontière,10,2021,179,2742.41,0.221279,15.3207,0.138174,20.0056,10.2545,15.1301,4.87556,0.305383,-0.0426448,0.131369,0.174014,0.055304
BTC,WFO-frontière,10,2022,168,-1322.18,-0.159261,-7.8701,-0.0387169,-41.8599,29.5187,-6.17061,-35.6893,-0.674215,0.660331,-0.00694201,-0.667273,-0.0328643
BTC,WFO-frontière,10,2023,187,2720.4,0.293414,14.5476,0.305695,25.7459,2.2169,13.9814,11.7645,0.842988,-0.285931,0.278528,0.56446,0.168284
BTC,WFO-frontière,10,2024,172,1461.09,0.129621,8.49473,0.152535,4.48407,13.8062,9.14511,-4.66105,0.129008,0.183691,0.15635,-0.0273418,0.0650731
BTC,WFO-frontière,10,2025,169,1241.88,0.11566,7.34839,0.460289,13.0402,0.70799,6.87408,6.16609,0.598869,0.298612,0.44874,0.150129,0.141965
BTC,Statique-conjointe,10,2015,128,942.752,0.0336114,7.36525,0.311829,13.4709,0.865728,7.1683,6.30257,0.647996,-0.0460252,0.300985,0.347011,0.0900705
BTC,Statique-conjointe,10,2016,152,-2180.41,-0.223918,-14.3448,-0.0360707,-17.6828,-9.62919,-13.656,-4.02682,-0.16862,0.151182,-0.00871927,-0.159901,-0.045354
BTC,Statique-conjointe,10,2017,94,1389.12,0.0754873,14.7778,0.270885,77.5362,-53.559,11.9886,65.5476,1.01124,-0.53528,0.23798,0.773261,0.0562931
BTC,Statique-conjointe,10,2018,130,1422.46,0.0671431,10.942,0.261778,-16.9685,34.1352,8.58337,-25.5519,-0.63486,1.00687,0.186006,-0.820866,0.118462
BTC,Statique-conjointe,10,2019,116,-415.544,-0.0864507,-3.58227,0.373761,-29.487,25.1484,-2.16929,-27.3177,-0.182427,0.990624,0.404098,-0.586526,0.0943912
BTC,Statique-conjointe,10,2020,145,1421.07,0.0968711,9.80049,0.332753,17.8642,-1.95344,7.95539,9.90884,0.489877,0.103723,0.2968,0.193077,0.118
BTC,Statique-conjointe,10,2021,133,-5284.75,-0.444981,-39.735,-0.450074,32.5299,-93.9337,-30.7019,63.2318,0.206217,-0.942293,-0.368038,0.574255,-0.14355
BTC,Statique-conjointe,10,2022,134,-4706.26,-0.402113,-35.1213,-0.745092,-54.2694,-13.5417,-33.9056,-20.3638,-1.15158,-0.286985,-0.719284,-0.432299,-0.219263
BTC,Statique-conjointe,10,2023,132,-960.733,-0.106461,-7.27828,-0.614217,-8.80699,-5.26682,-7.0369,-1.77008,-0.766055,-0.414429,-0.590242,-0.175813,-0.1183
BTC,Statique-conjointe,10,2024,135,2659.58,0.268034,19.7006,0.498621,41.0763,-0.148257,20.464,20.6123,0.786255,0.231533,0.508894,0.277361,0.124877
BTC,Statique-conjointe,10,2025,124,-1740.34,-0.180707,-14.035,-0.366424,-13.8988,-14.2365,-14.0677,0.16888,-0.285717,-0.48587,-0.385793,0.100077,-0.109146
BTC,WFO-conjointe,10,2015,128,942.752,0.0336114,7.36525,0.311829,13.4709,0.865728,7.1683,6.30257,0.647996,-0.0460252,0.300985,0.347011,0.0900705
BTC,WFO-conjointe,10,2016,131,-1762.15,-0.176244,-13.4515,-0.0869976,3.21879,-36.4869,-16.6341,19.8529,0.273338,-0.584915,-0.155789,0.429127,-0.0574935
BTC,WFO-conjointe,10,2017,129,-2906.64,-0.312784,-22.5321,-0.320022,83.9133,-144.944,-30.5155,114.429,0.802247,-1.61063,-0.404192,1.20644,-0.0980498
BTC,WFO-conjointe,10,2018,159,771.933,0.00281997,4.85493,0.133554,-12.0727,18.1688,3.04805,-15.1207,-0.0545056,0.281466,0.11348,-0.167986,0.0725888
BTC,WFO-conjointe,10,2019,153,-1890.85,-0.22151,-12.3585,-0.56637,-12.3511,-12.3658,-12.3584,0.00737749,-0.424107,-0.706786,-0.565447,0.141339,-0.176683
BTC,WFO-conjointe,10,2020,151,1681.83,0.140742,11.1379,0.241878,17.4219,4.05736,10.7396,6.68228,0.342754,0.128216,0.235485,0.107269,0.0882564
BTC,WFO-conjointe,10,2021,181,-2885.29,-0.30008,-15.9408,-0.0672991,4.35637,-38.8647,-17.2542,21.6105,0.200804,-0.370098,-0.0846469,0.285451,-0.0376155
BTC,WFO-conjointe,10,2022,157,-1059.4,-0.137657,-6.74779,0.0310268,-47.1969,37.4766,-4.86016,-42.3368,-0.699534,0.829774,0.0651196,-0.764654,-0.00430329
BTC,WFO-conjointe,10,2023,104,-968.932,-0.106023,-9.31666,-0.517408,12.1482,-33.4098,-10.6308,22.779,0.0951442,-1.20497,-0.554911,0.650055,-0.122199
BTC,WFO-conjointe,10,2024,155,24.6556,-0.0240397,0.159069,-0.181408,-16.2987,22.3522,3.02671,-19.3254,-0.534017,0.294081,-0.119968,-0.414049,-0.0574863
BTC,WFO-conjointe,10,2025,143,288.052,0.00945118,2.01435,0.119766,15.9134,-16.6696,-0.378109,16.2915,0.700705,-0.661168,0.0197683,0.680937,0.00920876
SOL,RE-1 gelée,5,2023,80,351.1,-0.00746461,4.38875,0.154374,27.6656,-20.0818,3.79191,23.8737,0.453922,-0.160536,0.146693,0.307229,0.0267394
SOL,RE-1 gelée,5,2024,156,1785.18,0.130443,11.4434,0.109673,37.0292,-7.31947,14.8549,22.1743,0.458106,-0.145845,0.15613,0.301976,0.0379616
SOL,RE-1 gelée,5,2025,169,7307.03,0.908364,43.2369,0.428887,37.0122,50.8539,43.933,-6.92088,0.410636,0.451221,0.430928,-0.0202923,0.189427
SOL,Contrôle,5,2023,81,342.025,-0.00836533,4.22253,0.150184,26.7908,-20.0818,3.35452,23.4363,0.43871,-0.160536,0.139087,0.299623,0.0262645
SOL,Contrôle,5,2024,156,1785.18,0.130443,11.4434,0.109673,37.0292,-7.31947,14.8549,22.1743,0.458106,-0.145845,0.15613,0.301976,0.0379616
SOL,Contrôle,5,2025,182,8025.07,1.04518,44.0938,0.464366,38.5185,50.7437,44.6311,-6.11259,0.451197,0.480074,0.465636,-0.0144386,0.225267
SOL,Statique-H,5,2023,81,342.025,-0.00836533,4.22253,0.150184,26.7908,-20.0818,3.35452,23.4363,0.43871,-0.160536,0.139087,0.299623,0.0262645
SOL,Statique-H,5,2024,156,1785.18,0.130443,11.4434,0.109673,37.0292,-7.31947,14.8549,22.1743,0.458106,-0.145845,0.15613,0.301976,0.0379616
SOL,Statique-H,5,2025,182,8025.07,1.04518,44.0938,0.464366,38.5185,50.7437,44.6311,-6.11259,0.451197,0.480074,0.465636,-0.0144386,0.225267
SOL,WFO-H,5,2023,81,342.025,-0.00836533,4.22253,0.150184,26.7908,-20.0818,3.35452,23.4363,0.43871,-0.160536,0.139087,0.299623,0.0262645
SOL,WFO-H,5,2024,184,1340.81,0.0934365,7.28699,0.164612,20.9706,-3.23886,8.86587,12.1047,0.396017,-0.0133921,0.191312,0.204705,0.0739755
SOL,WFO-H,5,2025,193,6472.59,0.766962,33.5367,0.350946,27.7086,40.4907,34.0997,-6.39104,0.34326,0.360116,0.351688,-0.00842782,0.175642
SOL,Statique-R0,5,2023,81,342.025,-0.00836533,4.22253,0.150184,26.7908,-20.0818,3.35452,23.4363,0.43871,-0.160536,0.139087,0.299623,0.0262645
SOL,Statique-R0,5,2024,156,1785.18,0.130443,11.4434,0.109673,37.0292,-7.31947,14.8549,22.1743,0.458106,-0.145845,0.15613,0.301976,0.0379616
SOL,Statique-R0,5,2025,182,8025.07,1.04518,44.0938,0.464366,38.5185,50.7437,44.6311,-6.11259,0.451197,0.480074,0.465636,-0.0144386,0.225267
SOL,WFO-R0,5,2023,81,342.025,-0.00836533,4.22253,0.150184,26.7908,-20.0818,3.35452,23.4363,0.43871,-0.160536,0.139087,0.299623,0.0262645
SOL,WFO-R0,5,2024,156,1785.18,0.130443,11.4434,0.109673,37.0292,-7.31947,14.8549,22.1743,0.458106,-0.145845,0.15613,0.301976,0.0379616
SOL,WFO-R0,5,2025,182,8025.07,1.04518,44.0938,0.464366,38.5185,50.7437,44.6311,-6.11259,0.451197,0.480074,0.465636,-0.0144386,0.225267
SOL,Statique-frontière,5,2023,81,342.025,-0.00836533,4.22253,0.150184,26.7908,-20.0818,3.35452,23.4363,0.43871,-0.160536,0.139087,0.299623,0.0262645
SOL,Statique-frontière,5,2024,156,1785.18,0.130443,11.4434,0.109673,37.0292,-7.31947,14.8549,22.1743,0.458106,-0.145845,0.15613,0.301976,0.0379616
SOL,Statique-frontière,5,2025,182,8025.07,1.04518,44.0938,0.464366,38.5185,50.7437,44.6311,-6.11259,0.451197,0.480074,0.465636,-0.0144386,0.225267
SOL,WFO-frontière,5,2023,81,342.025,-0.00836533,4.22253,0.150184,26.7908,-20.0818,3.35452,23.4363,0.43871,-0.160536,0.139087,0.299623,0.0262645
SOL,WFO-frontière,5,2024,156,1785.18,0.130443,11.4434,0.109673,37.0292,-7.31947,14.8549,22.1743,0.458106,-0.145845,0.15613,0.301976,0.0379616
SOL,WFO-frontière,5,2025,182,8025.07,1.04518,44.0938,0.464366,38.5185,50.7437,44.6311,-6.11259,0.451197,0.480074,0.465636,-0.0144386,0.225267
SOL,Statique-conjointe,5,2023,61,3553.97,0.37424,58.2619,0.657287,109.886,1.29678,55.5916,54.2949,1.12167,0.144865,0.633267,0.488402,0.10249
SOL,Statique-conjointe,5,2024,104,-6327.95,-0.492682,-60.8457,-0.575484,-58.5762,-64.0652,-61.3207,2.74452,-0.514642,-0.661796,-0.588219,0.0735769,-0.142334
SOL,Statique-conjointe,5,2025,99,988.413,0.0568687,9.98397,0.292461,48.6317,-47.0214,0.805136,47.8265,0.911958,-0.621297,0.14533,0.766627,0.0692573
SOL,WFO-conjointe,5,2023,61,3553.97,0.37424,58.2619,0.657287,109.886,1.29678,55.5916,54.2949,1.12167,0.144865,0.633267,0.488402,0.10249
SOL,WFO-conjointe,5,2024,145,-5677.05,-0.461086,-39.1521,-0.360075,-64.5911,-15.4089,-40,-24.5911,-0.694568,-0.0478814,-0.371225,-0.323343,-0.125921
SOL,WFO-conjointe,5,2025,176,9662.43,1.39806,54.9002,0.636131,65.7612,43.0048,54.383,11.3782,0.806913,0.449083,0.627998,0.178915,0.310632
SOL,RE-1 gelée,10,2023,80,-48.8999,-0.046415,-0.611249,0.0866641,22.6656,-25.0818,-1.20809,23.8737,0.383721,-0.225627,0.0790472,0.304674,0.0129335
SOL,RE-1 gelée,10,2024,156,1005.18,0.0456345,6.44344,0.0459326,32.0292,-12.3195,9.85488,22.1743,0.394371,-0.209589,0.092391,0.30198,0.0124794
SOL,RE-1 gelée,10,2025,169,6462.03,0.754191,38.2369,0.359586,32.0122,45.8539,38.933,-6.92088,0.342765,0.38017,0.361468,-0.0187028,0.15512
SOL,Contrôle,10,2023,81,-62.9749,-0.0477572,-0.777468,0.0820518,21.7908,-25.0818,-1.64548,23.4363,0.367753,-0.225627,0.0710633,0.29669,0.0122069
SOL,Contrôle,10,2024,156,1005.18,0.0456345,6.44344,0.0459326,32.0292,-12.3195,9.85488,22.1743,0.394371,-0.209589,0.092391,0.30198,0.0124794
SOL,Contrôle,10,2025,182,7115.07,0.867833,39.0938,0.394603,33.5185,45.7437,39.6311,-6.11259,0.383162,0.408251,0.395706,-0.0125445,0.187006
SOL,Statique-H,10,2023,81,-62.9749,-0.0477572,-0.777468,0.0820518,21.7908,-25.0818,-1.64548,23.4363,0.367753,-0.225627,0.0710633,0.29669,0.0122069
SOL,Statique-H,10,2024,156,1005.18,0.0456345,6.44344,0.0459326,32.0292,-12.3195,9.85488,22.1743,0.394371,-0.209589,0.092391,0.30198,0.0124794
SOL,Statique-H,10,2025,182,7115.07,0.867833,39.0938,0.394603,33.5185,45.7437,39.6311,-6.11259,0.383162,0.408251,0.395706,-0.0125445,0.187006
SOL,WFO-H,10,2023,81,-62.9749,-0.0477572,-0.777468,0.0820518,21.7908,-25.0818,-1.64548,23.4363,0.367753,-0.225627,0.0710633,0.29669,0.0122069
SOL,WFO-H,10,2024,184,420.806,-0.00267149,2.28699,0.0996983,15.9706,-8.23886,3.86587,12.1047,0.330492,-0.0778356,0.126328,0.204164,0.042395
SOL,WFO-H,10,2025,193,5507.59,0.604777,28.5367,0.281054,22.7086,35.4907,29.0997,-6.39104,0.275215,0.288021,0.281618,-0.006403,0.136668
SOL,Statique-R0,10,2023,81,-62.9749,-0.0477572,-0.777468,0.0820518,21.7908,-25.0818,-1.64548,23.4363,0.367753,-0.225627,0.0710633,0.29669,0.0122069
SOL,Statique-R0,10,2024,156,1005.18,0.0456345,6.44344,0.0459326,32.0292,-12.3195,9.85488,22.1743,0.394371,-0.209589,0.092391,0.30198,0.0124794
SOL,Statique-R0,10,2025,182,7115.07,0.867833,39.0938,0.394603,33.5185,45.7437,39.6311,-6.11259,0.383162,0.408251,0.395706,-0.0125445,0.187006
SOL,WFO-R0,10,2023,81,-62.9749,-0.0477572,-0.777468,0.0820518,21.7908,-25.0818,-1.64548,23.4363,0.367753,-0.225627,0.0710633,0.29669,0.0122069
SOL,WFO-R0,10,2024,156,1005.18,0.0456345,6.44344,0.0459326,32.0292,-12.3195,9.85488,22.1743,0.394371,-0.209589,0.092391,0.30198,0.0124794
SOL,WFO-R0,10,2025,182,7115.07,0.867833,39.0938,0.394603,33.5185,45.7437,39.6311,-6.11259,0.383162,0.408251,0.395706,-0.0125445,0.187006
SOL,Statique-frontière,10,2023,81,-62.9749,-0.0477572,-0.777468,0.0820518,21.7908,-25.0818,-1.64548,23.4363,0.367753,-0.225627,0.0710633,0.29669,0.0122069
SOL,Statique-frontière,10,2024,156,1005.18,0.0456345,6.44344,0.0459326,32.0292,-12.3195,9.85488,22.1743,0.394371,-0.209589,0.092391,0.30198,0.0124794
SOL,Statique-frontière,10,2025,182,7115.07,0.867833,39.0938,0.394603,33.5185,45.7437,39.6311,-6.11259,0.383162,0.408251,0.395706,-0.0125445,0.187006
SOL,WFO-frontière,10,2023,81,-62.9749,-0.0477572,-0.777468,0.0820518,21.7908,-25.0818,-1.64548,23.4363,0.367753,-0.225627,0.0710633,0.29669,0.0122069
SOL,WFO-frontière,10,2024,156,1005.18,0.0456345,6.44344,0.0459326,32.0292,-12.3195,9.85488,22.1743,0.394371,-0.209589,0.092391,0.30198,0.0124794
SOL,WFO-frontière,10,2025,182,7115.07,0.867833,39.0938,0.394603,33.5185,45.7437,39.6311,-6.11259,0.383162,0.408251,0.395706,-0.0125445,0.187006
SOL,Statique-conjointe,10,2023,61,3248.97,0.333136,53.2619,0.593068,104.886,-3.70322,50.5916,54.2949,1.05288,0.0856876,0.569284,0.483597,0.0917647
SOL,Statique-conjointe,10,2024,104,-6847.95,-0.51857,-65.8457,-0.638893,-63.5762,-69.0652,-66.3207,2.74452,-0.578436,-0.724658,-0.651547,0.073111,-0.156379
SOL,Statique-conjointe,10,2025,99,493.413,0.00582127,4.98397,0.220383,43.6317,-52.0214,-4.19486,47.8265,0.841065,-0.695123,0.0729709,0.768094,0.050371
SOL,WFO-conjointe,10,2023,61,3248.97,0.333136,53.2619,0.593068,104.886,-3.70322,50.5916,54.2949,1.05288,0.0856876,0.569284,0.483597,0.0917647
SOL,WFO-conjointe,10,2024,145,-6402.05,-0.498952,-44.1521,-0.424683,-69.5911,-20.4089,-45,-24.5911,-0.75778,-0.113792,-0.435786,-0.321994,-0.146174
SOL,WFO-conjointe,10,2025,176,8782.43,1.19687,49.9002,0.566357,60.7612,38.0048,49.383,11.3782,0.739469,0.376758,0.558113,0.181355,0.271047
AVAX,RE-1 gelée,5,2024,164,-1603.23,-0.207883,-9.77578,0.0382136,-6.45702,-12.9365,-9.69676,3.23974,0.00662972,0.0682935,0.0374616,-0.0308319,0.010091
AVAX,RE-1 gelée,5,2025,165,1067.68,0.0438972,6.4708,0.110199,-22.9018,30.3562,3.72721,-26.629,-0.144259,0.317121,0.0864309,-0.23069,0.0403378
AVAX,Contrôle,5,2024,176,-3457.5,-0.342437,-19.6449,-0.112602,-21.7856,-17.5993,-19.6924,-2.09314,-0.193179,-0.0356063,-0.114393,-0.0787866,-0.0536829
AVAX,Contrôle,5,2025,178,1552.43,0.089639,8.72154,0.153011,-35.4494,46.4509,5.50075,-40.9501,-0.329312,0.564995,0.117842,-0.447154,0.0632587
AVAX,Statique-H,5,2024,181,-2268.08,-0.258502,-12.5308,-0.0193783,-12.7716,-12.303,-12.5373,-0.234303,-0.0808464,0.0387851,-0.0210307,-0.0598158,-0.0145173
AVAX,Statique-H,5,2025,179,1170.83,0.0587931,6.54094,0.106598,-41.6166,47.2514,2.81742,-44.434,-0.464945,0.589759,0.0624065,-0.527352,0.0427515
AVAX,WFO-H,5,2024,179,-2070.55,-0.24669,-11.5673,-0.0128286,-11.7915,-11.3553,-11.5734,-0.218118,-0.0894337,0.0596132,-0.0149103,-0.0745234,-0.01175
AVAX,WFO-H,5,2025,201,-790.268,-0.108037,-3.93168,-0.0477343,-22.0106,9.58821,-6.2112,-15.7994,-0.3241,0.158939,-0.0825804,-0.241519,-0.0271213
AVAX,Statique-R0,5,2024,176,-3457.5,-0.342437,-19.6449,-0.112602,-21.7856,-17.5993,-19.6924,-2.09314,-0.193179,-0.0356063,-0.114393,-0.0787866,-0.0536829
AVAX,Statique-R0,5,2025,178,1552.43,0.089639,8.72154,0.153011,-35.4494,46.4509,5.50075,-40.9501,-0.329312,0.564995,0.117842,-0.447154,0.0632587
AVAX,WFO-R0,5,2024,162,-6657.3,-0.521667,-41.0945,-0.530331,-22.7453,-59.9024,-41.3238,18.5785,-0.475611,-0.586418,-0.531015,0.0554038,-0.196995
AVAX,WFO-R0,5,2025,164,-1153.85,-0.161244,-7.03567,-0.0502483,-30.0148,13.3022,-8.35631,-21.6585,-0.349364,0.214486,-0.0674388,-0.281925,-0.0262904
AVAX,Statique-frontière,5,2024,176,-5680.05,-0.472494,-32.273,-0.258676,-28.4743,-35.9029,-32.1886,3.71428,-0.302521,-0.21678,-0.25965,-0.0428703,-0.11238
AVAX,Statique-frontière,5,2025,178,780.634,0.0116032,4.38558,0.101178,-29.9845,33.7433,1.87943,-31.8639,-0.279711,0.426522,0.0734052,-0.353117,0.0391662
AVAX,WFO-frontière,5,2024,176,-4205.41,-0.390085,-23.8944,-0.144713,-23.842,-23.9444,-23.8932,0.05118,-0.217152,-0.0754938,-0.146323,-0.0708289,-0.066982
AVAX,WFO-frontière,5,2025,178,995.616,0.0327864,5.59335,0.129638,-32.8206,38.4052,2.79233,-35.6129,-0.309876,0.505056,0.09759,-0.407466,0.052334
AVAX,Statique-conjointe,5,2024,176,-3457.5,-0.342437,-19.6449,-0.112602,-21.7856,-17.5993,-19.6924,-2.09314,-0.193179,-0.0356063,-0.114393,-0.0787866,-0.0536829
AVAX,Statique-conjointe,5,2025,178,1552.43,0.089639,8.72154,0.153011,-35.4494,46.4509,5.50075,-40.9501,-0.329312,0.564995,0.117842,-0.447154,0.0632587
AVAX,WFO-conjointe,5,2024,161,-6358.37,-0.506695,-39.493,-0.527243,-16.4986,-62.7747,-39.6367,23.138,-0.388707,-0.66751,-0.528109,0.139402,-0.194934
AVAX,WFO-conjointe,5,2025,161,1192.03,0.0532334,7.4039,0.0504133,-9.82066,24.4158,7.29757,-17.1182,-0.0998801,0.198851,0.0494856,-0.149366,0.0132741
AVAX,RE-1 gelée,10,2024,164,-2423.23,-0.270371,-14.7758,-0.0242735,-11.457,-17.9365,-14.6968,3.23974,-0.0557786,0.0057314,-0.0250236,-0.030755,-0.0154512
AVAX,RE-1 gelée,10,2025,165,242.682,-0.0387973,1.4708,0.0451097,-27.9018,25.3562,-1.27279,-26.629,-0.209021,0.251765,0.0213722,-0.230393,0.0127807
AVAX,Contrôle,10,2024,176,-4337.5,-0.397992,-24.6449,-0.174445,-26.7856,-22.5993,-24.6924,-2.09314,-0.25528,-0.0972037,-0.176242,-0.079038,-0.0790905
AVAX,Contrôle,10,2025,178,662.435,-0.0031625,3.72154,0.0876353,-40.4494,41.4509,0.500747,-40.9501,-0.393673,0.498753,0.0525399,-0.446213,0.032781
AVAX,Statique-H,10,2024,181,-3173.08,-0.322802,-17.5308,-0.0814616,-17.7716,-17.303,-17.5373,-0.234303,-0.14359,-0.0226731,-0.0831317,-0.0604586,-0.0418148
AVAX,Statique-H,10,2025,179,275.828,-0.031875,1.54094,0.0411599,-46.6166,42.2514,-2.18258,-44.434,-0.529467,0.523545,-0.00296071,-0.526506,0.0126625
AVAX,WFO-H,10,2024,179,-2965.55,-0.311322,-16.5673,-0.0747588,-16.7915,-16.3553,-16.5734,-0.218118,-0.151748,-0.00195355,-0.0768509,-0.0748973,-0.0387598
AVAX,WFO-H,10,2025,201,-1795.27,-0.193402,-8.93168,-0.113679,-27.0106,4.58821,-11.2112,-15.7994,-0.388191,0.0916075,-0.148292,-0.239899,-0.0588434
AVAX,Statique-R0,10,2024,176,-4337.5,-0.397992,-24.6449,-0.174445,-26.7856,-22.5993,-24.6924,-2.09314,-0.25528,-0.0972037,-0.176242,-0.079038,-0.0790905
AVAX,Statique-R0,10,2025,178,662.435,-0.0031625,3.72154,0.0876353,-40.4494,41.4509,0.500747,-40.9501,-0.393673,0.498753,0.0525399,-0.446213,0.032781
AVAX,WFO-R0,10,2024,162,-7467.3,-0.559072,-46.0945,-0.591021,-27.7453,-64.9024,-46.3238,18.5785,-0.536035,-0.647381,-0.591708,0.0556727,-0.216524
AVAX,WFO-R0,10,2025,164,-1973.85,-0.227385,-12.0357,-0.116032,-35.0148,8.30217,-13.3563,-21.6585,-0.411725,0.145672,-0.133026,-0.278698,-0.0522105
AVAX,Statique-frontière,10,2024,176,-6560.05,-0.517113,-37.273,-0.320519,-33.4743,-40.9029,-37.1886,3.71428,-0.364621,-0.278377,-0.321499,-0.0431218,-0.13622
AVAX,Statique-frontière,10,2025,178,-109.366,-0.0745852,-0.614418,0.0358025,-34.9845,28.7433,-3.12057,-31.8639,-0.344073,0.360279,0.00810328,-0.352176,0.00937483
AVAX,WFO-frontière,10,2024,176,-5085.41,-0.441635,-28.8944,-0.206556,-28.842,-28.9444,-28.8932,0.05118,-0.279252,-0.137091,-0.208172,-0.0710804,-0.0920339
AVAX,WFO-frontière,10,2025,178,105.616,-0.0551975,0.593347,0.0642621,-37.8206,33.4052,-2.20767,-35.6129,-0.374237,0.438814,0.0322882,-0.406525,0.0221684
AVAX,Statique-conjointe,10,2024,176,-4337.5,-0.397992,-24.6449,-0.174445,-26.7856,-22.5993,-24.6924,-2.09314,-0.25528,-0.0972037,-0.176242,-0.079038,-0.0790905
AVAX,Statique-conjointe,10,2025,178,662.435,-0.0031625,3.72154,0.0876353,-40.4494,41.4509,0.500747,-40.9501,-0.393673,0.498753,0.0525399,-0.446213,0.032781
AVAX,WFO-conjointe,10,2024,161,-7163.37,-0.545036,-44.493,-0.588082,-21.4986,-67.7747,-44.6367,23.138,-0.449424,-0.728473,-0.588948,0.139525,-0.214441
AVAX,WFO-conjointe,10,2025,161,387.027,-0.0282557,2.4039,-0.0172124,-14.8207,19.4158,2.29757,-17.1182,-0.164069,0.127831,-0.0181189,-0.14595,-0.0139426
XAU,RE-1 gelée,4,2011,48,20.9308,-8.28936e-05,0.436057,0.121546,-4.28519,6.01572,0.865262,-5.15046,0.0984913,0.148793,0.123642,-0.0251506,0.0218614
XAU,RE-1 gelée,4,2012,120,804.345,0.080221,6.70287,0.559638,6.87212,6.53363,6.70287,0.169247,0.333211,0.786065,0.559638,-0.226427,0.0792356
XAU,RE-1 gelée,4,2013,123,517.475,0.0489475,4.20711,0.454053,-15.4683,15.9612,0.246481,-15.7148,-0.725498,1.15872,0.216611,-0.942109,0.0421848
XAU,RE-1 gelée,4,2014,133,163.068,0.0140259,1.22608,0.144551,-3.62663,6.95385,1.66361,-5.29024,-0.0849034,0.415383,0.16524,-0.250143,0.0106656
XAU,RE-1 gelée,4,2015,122,661.136,0.0657617,5.41915,0.4556,5.76804,5.1132,5.44062,0.327418,0.328297,0.567235,0.447766,-0.119469,0.0657617
XAU,RE-1 gelée,4,2016,101,-1097.6,-0.106313,-10.8673,-0.828348,-9.84093,-12.0466,-10.9438,1.10285,-0.796713,-0.864694,-0.830704,0.0339905,-0.104607
XAU,RE-1 gelée,4,2017,98,-503.751,-0.0502085,-5.14031,-0.393962,3.49774,-14.5135,-5.50789,9.00563,0.422328,-1.27972,-0.428698,0.851027,-0.0502085
XAU,RE-1 gelée,4,2018,108,-335.977,-0.034364,-3.1109,-0.32307,0.146082,-6.36788,-3.1109,3.25698,-0.0100091,-0.63613,-0.32307,0.313061,-0.034364
XAU,RE-1 gelée,4,2019,129,-1259.88,-0.119686,-9.76652,-0.804559,-11.1443,-8.32314,-9.73372,-1.41058,-1.06607,-0.530596,-0.798333,-0.267737,-0.119051
XAU,RE-1 gelée,4,2020,127,956.846,0.094776,7.53422,0.0157557,11.377,2.9626,7.16982,4.20722,0.202417,-0.206307,-0.00194493,0.204362,0.0532187
XAU,RE-1 gelée,4,2021,107,-324.757,-0.0339122,-3.03511,-0.155425,7.3604,-15.34,-3.9898,11.3502,0.645396,-1.10334,-0.22897,0.874366,-0.0321762
XAU,RE-1 gelée,4,2022,119,511.558,0.0492546,4.29881,0.475879,5.09721,3.48688,4.29204,0.805165,0.384327,0.568983,0.476655,-0.0923281,0.064786
XAU,RE-1 gelée,4,2023,83,-214.915,-0.0229806,-2.58934,-0.209632,-4.901,-0.332706,-2.61686,-2.28415,-0.281197,-0.13977,-0.210484,-0.0707134,-0.0229806
XAU,RE-1 gelée,4,2024,109,-171.913,-0.0192462,-1.57719,-0.129454,14.7493,-20.1445,-2.69763,17.4469,0.98825,-1.40057,-0.20616,1.19441,-0.0204865
XAU,RE-1 gelée,4,2025,110,-115.033,-0.0145611,-1.04575,-0.250554,3.16532,-7.86368,-2.34918,5.5145,-0.0422887,-0.587747,-0.315018,0.272729,-0.0365474
XAU,Contrôle,4,2011,48,20.9308,-8.28936e-05,0.436057,0.121546,-4.28519,6.01572,0.865262,-5.15046,0.0984913,0.148793,0.123642,-0.0251506,0.0218614
XAU,Contrôle,4,2012,121,829.135,0.0829021,6.85235,0.575629,7.16586,6.53363,6.84974,0.316115,0.368644,0.786065,0.577354,-0.20871,0.0819142
XAU,Contrôle,4,2013,121,292.894,0.0257113,2.42061,0.406444,-20.2572,14.9225,-2.66737,-17.5899,-0.858327,1.10369,0.122682,-0.981008,0.0255167
XAU,Contrôle,4,2014,132,288.178,0.0267547,2.18317,0.214527,-1.71421,6.86003,2.57291,-4.28712,0.0544517,0.406617,0.230534,-0.176083,0.0233522
XAU,Contrôle,4,2015,120,738.546,0.0740445,6.15455,0.491781,5.837,6.46169,6.14935,-0.312343,0.340018,0.638567,0.489293,-0.149275,0.0740445
XAU,Contrôle,4,2016,98,-1009.33,-0.09837,-10.2993,-0.798771,-8.88765,-11.9619,-10.4248,1.53711,-0.753033,-0.852641,-0.802837,0.0498036,-0.0966651
XAU,Contrôle,4,2017,106,-385.76,-0.0391242,-3.63924,-0.290515,1.92791,-9.64304,-3.85756,5.78547,0.282031,-0.907967,-0.312968,0.594999,-0.0391242
XAU,Contrôle,4,2018,113,-180.625,-0.0193744,-1.59845,-0.174109,3.9005,-6.63139,-1.36545,5.26594,0.334013,-0.639169,-0.152578,0.486591,-0.0193744
XAU,Contrôle,4,2019,133,-1646.17,-0.15316,-12.3772,-0.930824,-15.1284,-9.49901,-12.3137,-2.81468,-1.31699,-0.526834,-0.921912,-0.395078,-0.152549
XAU,Contrôle,4,2020,132,1192.68,0.120382,9.03545,-0.0281712,15.0911,1.9871,8.53909,6.55198,0.154328,-0.240588,-0.0431302,0.197458,0.0536344
XAU,Contrôle,4,2021,105,-228.324,-0.0245262,-2.17451,-0.111921,8.43822,-14.3033,-2.93257,11.3708,0.733231,-1.07781,-0.172289,0.90552,-0.0236268
XAU,Contrôle,4,2022,117,376.988,0.0353142,3.22212,0.311376,8.83021,-2.10556,3.36232,5.46789,0.53109,0.102647,0.316868,0.214222,0.0485157
XAU,Contrôle,4,2023,88,-202.892,-0.0218181,-2.3056,-0.175842,-3.97522,-0.849114,-2.41217,-1.56305,-0.201764,-0.153229,-0.177496,-0.0242672,-0.0218181
XAU,Contrôle,4,2024,113,-211.112,-0.0231267,-1.86825,-0.182115,13.2778,-18.4167,-2.56945,15.8472,0.856544,-1.31695,-0.230202,1.08675,-0.0243621
XAU,Contrôle,4,2025,109,93.6773,0.00622751,0.859425,-0.1859,5.92127,-6.90992,-0.494324,6.41559,0.044229,-0.539121,-0.247446,0.291675,-0.0186566
XAU,Statique-H,4,2011,45,354.396,0.0330653,7.87548,0.251553,6.39697,9.72361,8.06029,-1.66332,0.325868,0.158659,0.242264,0.0836046,0.0457171
XAU,Statique-H,4,2012,114,488.42,0.0467998,4.28438,0.44541,-1.36846,10.3483,4.48994,-5.85841,-0.158687,1.09344,0.467377,-0.626064,0.0466677
XAU,Statique-H,4,2013,116,-814.448,-0.0826094,-7.0211,0.000794576,-31.1272,5.66631,-12.7304,-18.3967,-1.37396,0.724351,-0.324806,-1.04916,-0.0732029
XAU,Statique-H,4,2014,119,65.8286,0.0040958,0.553181,0.126879,-7.85215,12.5608,2.35432,-10.2065,-0.290123,0.722597,0.216237,-0.50636,0.00104758
XAU,Statique-H,4,2015,112,589.343,0.0579069,5.26199,0.424737,7.21353,3.57065,5.39209,1.82144,0.425862,0.423762,0.424812,0.00105027,0.0579069
XAU,Statique-H,4,2016,95,-634.459,-0.0647436,-6.67851,-0.591885,0.863034,-15.4199,-7.27841,8.14144,-0.14501,-1.10985,-0.627432,0.482422,-0.0637904
XAU,Statique-H,4,2017,99,-354.565,-0.0362325,-3.58147,-0.298717,2.49266,-10.3018,-3.90456,6.39722,0.307207,-0.969101,-0.330947,0.638154,-0.0362325
XAU,Statique-H,4,2018,104,-96.2401,-0.0109074,-0.925385,-0.149538,4.59566,-6.03746,-0.720902,5.31656,0.364407,-0.625412,-0.130503,0.49491,-0.0109074
XAU,Statique-H,4,2019,129,-1371.75,-0.129746,-10.6337,-0.784661,-12.2196,-9.07218,-10.6459,-1.57372,-1.07396,-0.499817,-0.786887,-0.28707,-0.128708
XAU,Statique-H,4,2020,124,571.01,0.0533434,4.60492,-0.302061,16.705,-8.7257,3.98966,12.7154,0.217536,-0.874499,-0.328481,0.546018,0.0132961
XAU,Statique-H,4,2021,95,-89.7892,-0.0109776,-0.945149,-0.00549423,15.0431,-17.2736,-1.11524,16.1584,1.11844,-1.15334,-0.017451,1.13589,-0.00895949
XAU,Statique-H,4,2022,112,-1.48714,-0.00335895,-0.013278,0.0667509,2.52219,-2.2909,0.115644,2.40654,0.186486,-0.0408082,0.0728391,0.113647,0.0119689
XAU,Statique-H,4,2023,79,-171.773,-0.0188917,-2.17434,-0.275021,-5.28307,0.564311,-2.35938,-2.92369,-0.287729,-0.263826,-0.275778,-0.011951,-0.0188917
XAU,Statique-H,4,2024,107,-227.972,-0.0252989,-2.13057,-0.200193,16.798,-22.9149,-3.05845,19.8565,1.08909,-1.61588,-0.263393,1.35249,-0.0267562
XAU,Statique-H,4,2025,102,73.6835,0.00379252,0.722388,-0.115662,5.84238,-7.90076,-1.02919,6.87157,0.0993715,-0.477823,-0.189226,0.288597,-0.0168452
XAU,WFO-H,4,2011,45,354.396,0.0330653,7.87548,0.251553,6.39697,9.72361,8.06029,-1.66332,0.325868,0.158659,0.242264,0.0836046,0.0457171
XAU,WFO-H,4,2012,110,988.234,0.100431,8.98394,0.839229,4.01698,14.73,9.37351,-5.35653,0.288837,1.47596,0.882397,-0.593561,0.10053
XAU,WFO-H,4,2013,109,-848.485,-0.0860404,-7.78427,-0.0688513,-28.273,4.09327,-12.0899,-16.1831,-1.20703,0.590961,-0.308033,-0.898995,-0.0776314
XAU,WFO-H,4,2014,99,-172.417,-0.0199688,-1.74159,0.0525199,-10.907,11.7774,0.435204,-11.3422,-0.526881,0.907137,0.190128,-0.717009,-0.0262697
XAU,WFO-H,4,2015,130,675.309,0.0681134,5.19469,0.40748,7.91105,2.718,5.31452,2.59653,0.60334,0.228901,0.416121,0.187219,0.0681134
XAU,WFO-H,4,2016,98,-1156.89,-0.111613,-11.805,-0.877834,-9.17324,-14.9045,-12.0389,2.86565,-0.761891,-1.01439,-0.88814,0.126249,-0.109485
XAU,WFO-H,4,2017,96,-152.365,-0.0165661,-1.58713,-0.163059,4.84171,-9.51106,-2.33467,7.17638,0.48677,-0.964011,-0.238621,0.725391,-0.0165661
XAU,WFO-H,4,2018,113,-180.625,-0.0193744,-1.59845,-0.174109,3.9005,-6.63139,-1.36545,5.26594,0.334013,-0.639169,-0.152578,0.486591,-0.0193744
XAU,WFO-H,4,2019,133,-1646.17,-0.15316,-12.3772,-0.930824,-15.1284,-9.49901,-12.3137,-2.81468,-1.31699,-0.526834,-0.921912,-0.395078,-0.152549
XAU,WFO-H,4,2020,132,1192.68,0.120382,9.03545,-0.0281712,15.0911,1.9871,8.53909,6.55198,0.154328,-0.240588,-0.0431302,0.197458,0.0536344
XAU,WFO-H,4,2021,105,-228.324,-0.0245262,-2.17451,-0.111921,8.43822,-14.3033,-2.93257,11.3708,0.733231,-1.07781,-0.172289,0.90552,-0.0236268
XAU,WFO-H,4,2022,123,-49.2764,-0.00724726,-0.400621,0.0119673,5.25808,-5.78986,-0.26589,5.52397,0.260878,-0.22509,0.0178938,0.242984,0.00650918
XAU,WFO-H,4,2023,83,-238.249,-0.025735,-2.87047,-0.295579,-1.24313,-4.31289,-2.77801,1.53488,-0.00610296,-0.552159,-0.279131,0.273028,-0.025735
XAU,WFO-H,4,2024,93,31.465,0.000211252,0.338333,-0.0833521,24.0953,-26.1183,-1.01149,25.1068,1.49949,-1.84606,-0.173286,1.67278,-0.000523349
XAU,WFO-H,4,2025,96,-472.766,-0.0504721,-4.92464,-0.363106,9.03458,-25.3266,-8.14601,17.1806,0.169298,-1.14124,-0.485969,0.655266,-0.0610292
XAU,Statique-R0,4,2011,48,20.9308,-8.28936e-05,0.436057,0.121546,-4.28519,6.01572,0.865262,-5.15046,0.0984913,0.148793,0.123642,-0.0251506,0.0218614
XAU,Statique-R0,4,2012,121,829.135,0.0829021,6.85235,0.575629,7.16586,6.53363,6.84974,0.316115,0.368644,0.786065,0.577354,-0.20871,0.0819142
XAU,Statique-R0,4,2013,121,292.894,0.0257113,2.42061,0.406444,-20.2572,14.9225,-2.66737,-17.5899,-0.858327,1.10369,0.122682,-0.981008,0.0255167
XAU,Statique-R0,4,2014,132,288.178,0.0267547,2.18317,0.214527,-1.71421,6.86003,2.57291,-4.28712,0.0544517,0.406617,0.230534,-0.176083,0.0233522
XAU,Statique-R0,4,2015,120,738.546,0.0740445,6.15455,0.491781,5.837,6.46169,6.14935,-0.312343,0.340018,0.638567,0.489293,-0.149275,0.0740445
XAU,Statique-R0,4,2016,98,-1009.33,-0.09837,-10.2993,-0.798771,-8.88765,-11.9619,-10.4248,1.53711,-0.753033,-0.852641,-0.802837,0.0498036,-0.0966651
XAU,Statique-R0,4,2017,106,-385.76,-0.0391242,-3.63924,-0.290515,1.92791,-9.64304,-3.85756,5.78547,0.282031,-0.907967,-0.312968,0.594999,-0.0391242
XAU,Statique-R0,4,2018,113,-180.625,-0.0193744,-1.59845,-0.174109,3.9005,-6.63139,-1.36545,5.26594,0.334013,-0.639169,-0.152578,0.486591,-0.0193744
XAU,Statique-R0,4,2019,133,-1646.17,-0.15316,-12.3772,-0.930824,-15.1284,-9.49901,-12.3137,-2.81468,-1.31699,-0.526834,-0.921912,-0.395078,-0.152549
XAU,Statique-R0,4,2020,132,1192.68,0.120382,9.03545,-0.0281712,15.0911,1.9871,8.53909,6.55198,0.154328,-0.240588,-0.0431302,0.197458,0.0536344
XAU,Statique-R0,4,2021,105,-228.324,-0.0245262,-2.17451,-0.111921,8.43822,-14.3033,-2.93257,11.3708,0.733231,-1.07781,-0.172289,0.90552,-0.0236268
XAU,Statique-R0,4,2022,117,376.988,0.0353142,3.22212,0.311376,8.83021,-2.10556,3.36232,5.46789,0.53109,0.102647,0.316868,0.214222,0.0485157
XAU,Statique-R0,4,2023,88,-202.892,-0.0218181,-2.3056,-0.175842,-3.97522,-0.849114,-2.41217,-1.56305,-0.201764,-0.153229,-0.177496,-0.0242672,-0.0218181
XAU,Statique-R0,4,2024,113,-211.112,-0.0231267,-1.86825,-0.182115,13.2778,-18.4167,-2.56945,15.8472,0.856544,-1.31695,-0.230202,1.08675,-0.0243621
XAU,Statique-R0,4,2025,109,93.6773,0.00622751,0.859425,-0.1859,5.92127,-6.90992,-0.494324,6.41559,0.044229,-0.539121,-0.247446,0.291675,-0.0186566
XAU,WFO-R0,4,2011,48,20.9308,-8.28936e-05,0.436057,0.121546,-4.28519,6.01572,0.865262,-5.15046,0.0984913,0.148793,0.123642,-0.0251506,0.0218614
XAU,WFO-R0,4,2012,121,829.135,0.0829021,6.85235,0.575629,7.16586,6.53363,6.84974,0.316115,0.368644,0.786065,0.577354,-0.20871,0.0819142
XAU,WFO-R0,4,2013,121,292.894,0.0257113,2.42061,0.406444,-20.2572,14.9225,-2.66737,-17.5899,-0.858327,1.10369,0.122682,-0.981008,0.0255167
XAU,WFO-R0,4,2014,132,288.178,0.0267547,2.18317,0.214527,-1.71421,6.86003,2.57291,-4.28712,0.0544517,0.406617,0.230534,-0.176083,0.0233522
XAU,WFO-R0,4,2015,90,371.459,0.0357157,4.12733,0.347446,-9.27803,16.3918,3.55689,-12.8349,-0.658972,1.26821,0.30462,-0.963592,0.0357388
XAU,WFO-R0,4,2016,98,-1009.33,-0.09837,-10.2993,-0.798771,-8.88765,-11.9619,-10.4248,1.53711,-0.753033,-0.852641,-0.802837,0.0498036,-0.0966651
XAU,WFO-R0,4,2017,94,-1473.14,-0.137643,-15.6717,-1.49385,-17.2118,-14.1316,-15.6717,-1.54012,-1.64197,-1.34573,-1.49385,-0.148119,-0.137643
XAU,WFO-R0,4,2018,113,-180.625,-0.0193744,-1.59845,-0.174109,3.9005,-6.63139,-1.36545,5.26594,0.334013,-0.639169,-0.152578,0.486591,-0.0193744
XAU,WFO-R0,4,2019,133,-1646.17,-0.15316,-12.3772,-0.930824,-15.1284,-9.49901,-12.3137,-2.81468,-1.31699,-0.526834,-0.921912,-0.395078,-0.152549
XAU,WFO-R0,4,2020,132,1192.68,0.120382,9.03545,-0.0281712,15.0911,1.9871,8.53909,6.55198,0.154328,-0.240588,-0.0431302,0.197458,0.0536344
XAU,WFO-R0,4,2021,78,-743.961,-0.0730628,-9.53796,-0.632112,-4.37611,-16.9581,-10.6671,6.291,-0.298437,-1.11177,-0.705104,0.406667,-0.0694426
XAU,WFO-R0,4,2022,117,376.988,0.0353142,3.22212,0.311376,8.83021,-2.10556,3.36232,5.46789,0.53109,0.102647,0.316868,0.214222,0.0485157
XAU,WFO-R0,4,2023,88,-202.892,-0.0218181,-2.3056,-0.175842,-3.97522,-0.849114,-2.41217,-1.56305,-0.201764,-0.153229,-0.177496,-0.0242672,-0.0218181
XAU,WFO-R0,4,2024,124,-1256.18,-0.120618,-10.1305,-0.669469,1.80897,-22.4614,-10.3262,12.1352,0.248976,-1.61803,-0.684525,0.933501,-0.120707
XAU,WFO-R0,4,2025,109,93.6773,0.00622751,0.859425,-0.1859,5.92127,-6.90992,-0.494324,6.41559,0.044229,-0.539121,-0.247446,0.291675,-0.0186566
XAU,Statique-frontière,4,2011,48,20.9308,-8.28936e-05,0.436057,0.121546,-4.28519,6.01572,0.865262,-5.15046,0.0984913,0.148793,0.123642,-0.0251506,0.0218614
XAU,Statique-frontière,4,2012,121,829.135,0.0829021,6.85235,0.575629,7.16586,6.53363,6.84974,0.316115,0.368644,0.786065,0.577354,-0.20871,0.0819142
XAU,Statique-frontière,4,2013,121,292.894,0.0257113,2.42061,0.406444,-20.2572,14.9225,-2.66737,-17.5899,-0.858327,1.10369,0.122682,-0.981008,0.0255167
XAU,Statique-frontière,4,2014,132,288.178,0.0267547,2.18317,0.214527,-1.71421,6.86003,2.57291,-4.28712,0.0544517,0.406617,0.230534,-0.176083,0.0233522
XAU,Statique-frontière,4,2015,120,738.546,0.0740445,6.15455,0.491781,5.837,6.46169,6.14935,-0.312343,0.340018,0.638567,0.489293,-0.149275,0.0740445
XAU,Statique-frontière,4,2016,98,-1009.33,-0.09837,-10.2993,-0.798771,-8.88765,-11.9619,-10.4248,1.53711,-0.753033,-0.852641,-0.802837,0.0498036,-0.0966651
XAU,Statique-frontière,4,2017,106,-385.76,-0.0391242,-3.63924,-0.290515,1.92791,-9.64304,-3.85756,5.78547,0.282031,-0.907967,-0.312968,0.594999,-0.0391242
XAU,Statique-frontière,4,2018,113,-180.625,-0.0193744,-1.59845,-0.174109,3.9005,-6.63139,-1.36545,5.26594,0.334013,-0.639169,-0.152578,0.486591,-0.0193744
XAU,Statique-frontière,4,2019,133,-1646.17,-0.15316,-12.3772,-0.930824,-15.1284,-9.49901,-12.3137,-2.81468,-1.31699,-0.526834,-0.921912,-0.395078,-0.152549
XAU,Statique-frontière,4,2020,132,1192.68,0.120382,9.03545,-0.0281712,15.0911,1.9871,8.53909,6.55198,0.154328,-0.240588,-0.0431302,0.197458,0.0536344
XAU,Statique-frontière,4,2021,105,-228.324,-0.0245262,-2.17451,-0.111921,8.43822,-14.3033,-2.93257,11.3708,0.733231,-1.07781,-0.172289,0.90552,-0.0236268
XAU,Statique-frontière,4,2022,117,376.988,0.0353142,3.22212,0.311376,8.83021,-2.10556,3.36232,5.46789,0.53109,0.102647,0.316868,0.214222,0.0485157
XAU,Statique-frontière,4,2023,88,-202.892,-0.0218181,-2.3056,-0.175842,-3.97522,-0.849114,-2.41217,-1.56305,-0.201764,-0.153229,-0.177496,-0.0242672,-0.0218181
XAU,Statique-frontière,4,2024,113,-211.112,-0.0231267,-1.86825,-0.182115,13.2778,-18.4167,-2.56945,15.8472,0.856544,-1.31695,-0.230202,1.08675,-0.0243621
XAU,Statique-frontière,4,2025,109,93.6773,0.00622751,0.859425,-0.1859,5.92127,-6.90992,-0.494324,6.41559,0.044229,-0.539121,-0.247446,0.291675,-0.0186566
XAU,WFO-frontière,4,2011,48,20.9308,-8.28936e-05,0.436057,0.121546,-4.28519,6.01572,0.865262,-5.15046,0.0984913,0.148793,0.123642,-0.0251506,0.0218614
XAU,WFO-frontière,4,2012,121,829.135,0.0829021,6.85235,0.575629,7.16586,6.53363,6.84974,0.316115,0.368644,0.786065,0.577354,-0.20871,0.0819142
XAU,WFO-frontière,4,2013,121,292.894,0.0257113,2.42061,0.406444,-20.2572,14.9225,-2.66737,-17.5899,-0.858327,1.10369,0.122682,-0.981008,0.0255167
XAU,WFO-frontière,4,2014,132,288.178,0.0267547,2.18317,0.214527,-1.71421,6.86003,2.57291,-4.28712,0.0544517,0.406617,0.230534,-0.176083,0.0233522
XAU,WFO-frontière,4,2015,120,620.113,0.0612425,5.16761,0.47348,4.61501,5.70209,5.15855,-0.543542,0.252991,0.68674,0.469865,-0.216874,0.0612425
XAU,WFO-frontière,4,2016,98,-1009.33,-0.09837,-10.2993,-0.798771,-8.88765,-11.9619,-10.4248,1.53711,-0.753033,-0.852641,-0.802837,0.0498036,-0.0966651
XAU,WFO-frontière,4,2017,106,-387.337,-0.0392366,-3.65412,-0.292487,1.33846,-9.03828,-3.84991,5.18837,0.22551,-0.851111,-0.312801,0.53831,-0.0392366
XAU,WFO-frontière,4,2018,113,-180.625,-0.0193744,-1.59845,-0.174109,3.9005,-6.63139,-1.36545,5.26594,0.334013,-0.639169,-0.152578,0.486591,-0.0193744
XAU,WFO-frontière,4,2019,133,-1646.17,-0.15316,-12.3772,-0.930824,-15.1284,-9.49901,-12.3137,-2.81468,-1.31699,-0.526834,-0.921912,-0.395078,-0.152549
XAU,WFO-frontière,4,2020,132,1192.68,0.120382,9.03545,-0.0281712,15.0911,1.9871,8.53909,6.55198,0.154328,-0.240588,-0.0431302,0.197458,0.0536344
XAU,WFO-frontière,4,2021,105,-228.324,-0.0245262,-2.17451,-0.111921,8.43822,-14.3033,-2.93257,11.3708,0.733231,-1.07781,-0.172289,0.90552,-0.0236268
XAU,WFO-frontière,4,2022,117,339.723,0.0316229,2.90362,0.273008,6.17152,-0.200897,2.98531,3.18621,0.351523,0.198418,0.274971,0.0765523,0.0447774
XAU,WFO-frontière,4,2023,88,-191.868,-0.0207148,-2.18032,-0.172607,-2.64414,-1.77572,-2.20993,-0.43421,-0.114811,-0.223025,-0.168918,0.054107,-0.0207148
XAU,WFO-frontière,4,2024,113,-211.112,-0.0231267,-1.86825,-0.182115,13.2778,-18.4167,-2.56945,15.8472,0.856544,-1.31695,-0.230202,1.08675,-0.0243621
XAU,WFO-frontière,4,2025,109,93.6773,0.00622751,0.859425,-0.1859,5.92127,-6.90992,-0.494324,6.41559,0.044229,-0.539121,-0.247446,0.291675,-0.0186566
XAU,Statique-conjointe,4,2011,45,458.467,0.0435675,10.1882,0.278061,13.6861,6.19049,9.9383,3.74781,0.58429,-0.0719152,0.256188,0.328103,0.052747
XAU,Statique-conjointe,4,2012,114,580.637,0.0565317,5.09331,0.513764,0.571501,9.94398,5.25774,-4.68624,0.00428894,1.06029,0.53229,-0.528001,0.0562509
XAU,Statique-conjointe,4,2013,113,-566.24,-0.0597434,-5.01098,0.138517,-30.1407,9.29899,-10.4208,-19.7198,-1.29119,0.952655,-0.169267,-1.12192,-0.0501351
XAU,Statique-conjointe,4,2014,117,-36.4654,-0.0061728,-0.31167,0.0839726,-10.3365,14.6189,2.1412,-12.4777,-0.442118,0.867511,0.212697,-0.654814,-0.00949135
XAU,Statique-conjointe,4,2015,111,426.24,0.040882,3.84,0.327561,4.97096,2.84323,3.90709,1.06387,0.262365,0.385021,0.323693,-0.0613277,0.040882
XAU,Statique-conjointe,4,2016,93,-33.1403,-0.0068066,-0.356348,-0.199144,6.42088,-8.58584,-1.08248,7.50336,0.180184,-0.659757,-0.239787,0.41997,-0.00561819
XAU,Statique-conjointe,4,2017,98,-233.635,-0.0245397,-2.38403,-0.206316,2.9887,-8.45756,-2.73443,5.72313,0.324541,-0.806416,-0.240937,0.565479,-0.0245397
XAU,Statique-conjointe,4,2018,102,-26.9495,-0.00413654,-0.264211,-0.11926,7.26053,-7.49954,-0.119504,7.38004,0.549525,-0.762322,-0.106398,0.655923,-0.00413654
XAU,Statique-conjointe,4,2019,124,-1498.64,-0.140481,-12.0858,-0.935651,-10.8328,-13.2991,-12.0659,1.23313,-0.907897,-0.962523,-0.93521,0.0273128,-0.139137
XAU,Statique-conjointe,4,2020,119,538.877,0.0500168,4.52838,-0.296459,11.8028,-2.86935,4.46673,7.33609,0.0343716,-0.632897,-0.299263,0.333634,0.0103832
XAU,Statique-conjointe,4,2021,93,-201.409,-0.021785,-2.16568,-0.0664558,13.6486,-19.0343,-2.69283,16.3414,1.0116,-1.21638,-0.102391,1.11399,-0.0192294
XAU,Statique-conjointe,4,2022,108,59.526,0.00252256,0.551167,0.0976544,0.569808,0.535097,0.552452,0.0173554,0.071021,0.120614,0.0958176,-0.0247966,0.0166758
XAU,Statique-conjointe,4,2023,79,-129.187,-0.0149228,-1.63528,-0.286846,-1.90556,-1.39718,-1.65137,-0.254191,-0.0335761,-0.509964,-0.27177,0.238194,-0.0149228
XAU,Statique-conjointe,4,2024,106,-276.945,-0.0300161,-2.61269,-0.209299,14.7635,-23.6089,-4.42271,19.1862,0.991968,-1.66083,-0.334431,1.3264,-0.0311956
XAU,Statique-conjointe,4,2025,97,-210.062,-0.0238184,-2.16559,-0.187066,2.10041,-9.39409,-3.64684,5.74725,0.011627,-0.523741,-0.256057,0.267684,-0.036602
XAU,WFO-conjointe,4,2011,45,458.467,0.0435675,10.1882,0.278061,13.6861,6.19049,9.9383,3.74781,0.58429,-0.0719152,0.256188,0.328103,0.052747
XAU,WFO-conjointe,4,2012,110,-510.208,-0.0529284,-4.63826,-0.340804,-9.74495,0.853841,-4.44555,-5.29939,-0.831486,0.186912,-0.322287,-0.509199,-0.0529284
XAU,WFO-conjointe,4,2013,114,-678.628,-0.0702465,-5.95288,0.0384678,-31.7134,7.97174,-11.8708,-19.8426,-1.4224,0.828126,-0.297137,-1.12526,-0.0630718
XAU,WFO-conjointe,4,2014,81,106.421,0.00872743,1.31384,0.555785,-6.58819,13.4138,3.41281,-10.001,-0.0968575,1.55514,0.729144,-0.826001,0.0084523
XAU,WFO-conjointe,4,2015,69,332.928,0.0316097,4.82504,0.498369,-11.0265,15.6505,2.31199,-13.3385,-0.833275,1.40778,0.287255,-1.12053,0.0316267
XAU,WFO-conjointe,4,2016,81,107.867,0.00804212,1.33169,-0.048767,8.91406,-6.06574,1.42416,7.4899,0.157597,-0.250097,-0.0462504,0.203847,0.00921464
XAU,WFO-conjointe,4,2017,95,-535.654,-0.0534405,-5.63846,-0.678291,1.62156,-14.7999,-6.58918,8.21073,0.090066,-1.64788,-0.778909,0.868975,-0.0534405
XAU,WFO-conjointe,4,2018,109,-32.9103,-0.00481158,-0.301929,-0.065286,1.95915,-2.60488,-0.322865,2.28202,0.0774122,-0.210627,-0.0666073,0.14402,-0.00481158
XAU,WFO-conjointe,4,2019,117,-641.095,-0.0649395,-5.47944,-0.373387,-0.203379,-11.427,-5.81519,5.61181,-0.106898,-0.673792,-0.390345,0.283447,-0.0645579
XAU,WFO-conjointe,4,2020,87,1321.1,0.133082,15.1851,0.862718,14.455,16.3231,15.3891,-0.934031,1.01349,0.627692,0.820591,0.192899,0.130529
XAU,WFO-conjointe,4,2021,86,-794.376,-0.0797871,-9.23693,-0.624634,-26.3511,12.3809,-6.98507,-19.366,-1.50092,0.482252,-0.509334,-0.991586,-0.0816284
XAU,WFO-conjointe,4,2022,87,218.922,0.0194082,2.51635,0.282596,7.52562,-1.3684,3.07861,4.44701,0.657522,-0.00816292,0.32468,0.332843,0.0170217
XAU,WFO-conjointe,4,2023,85,-76.1012,-0.00991993,-0.895308,-0.150761,10.7344,-10.7553,-0.0104355,10.7449,0.871036,-1.01707,-0.073016,0.944052,-0.00991993
XAU,WFO-conjointe,4,2024,92,-516.761,-0.0527497,-5.61696,-0.527585,7.62635,-19.4489,-5.91126,13.5376,0.429785,-1.5275,-0.54886,0.978645,-0.0533474
XAU,WFO-conjointe,4,2025,64,89.3359,0.00638924,1.39587,-0.20153,11.4507,-17.7997,-3.17449,14.6252,0.326379,-1.20936,-0.441488,0.767867,0.000476576
XAU,RE-1 gelée,6,2011,48,-75.0692,-0.00963757,-1.56394,0.0226383,-6.28519,4.01572,-1.13474,-5.15046,0.0162564,0.0301805,0.0232185,-0.00696205,0.0129122
XAU,RE-1 gelée,6,2012,120,564.345,0.0546174,4.70287,0.413407,4.87212,4.53363,4.70287,0.169247,0.188276,0.638538,0.413407,-0.225131,0.053767
XAU,RE-1 gelée,6,2013,123,271.475,0.0234646,2.20711,0.329131,-17.4683,13.9612,-1.75352,-15.7148,-0.843314,1.02955,0.0931189,-0.936433,0.0174893
XAU,RE-1 gelée,6,2014,133,-102.932,-0.012592,-0.773925,-0.0064508,-5.62663,4.95385,-0.336386,-5.29024,-0.240245,0.269503,0.014629,-0.254874,-0.0157042
XAU,RE-1 gelée,6,2015,122,417.136,0.0400821,3.41915,0.313073,3.76804,3.1132,3.44062,0.327418,0.185263,0.425153,0.305208,-0.119945,0.0400821
XAU,RE-1 gelée,6,2016,101,-1299.6,-0.124207,-12.8673,-0.957276,-11.8409,-14.0466,-12.9438,1.10285,-0.924787,-0.994603,-0.959695,0.0349077,-0.122367
XAU,RE-1 gelée,6,2017,98,-699.751,-0.0686548,-7.14031,-0.572071,1.49774,-16.5135,-7.50789,9.00563,0.242959,-1.45647,-0.606753,0.849712,-0.0686548
XAU,RE-1 gelée,6,2018,108,-551.977,-0.055007,-5.1109,-0.510314,-1.85392,-8.36788,-5.1109,3.25698,-0.193231,-0.827398,-0.510314,0.317083,-0.055007
XAU,RE-1 gelée,6,2019,129,-1517.88,-0.142132,-11.7665,-0.990088,-13.1443,-10.3231,-11.7337,-1.41058,-1.24911,-0.718728,-0.98392,-0.265192,-0.141454
XAU,RE-1 gelée,6,2020,127,702.846,0.0673344,5.53422,-0.0933709,9.37704,0.962601,5.16982,4.20722,0.0913831,-0.313164,-0.110891,0.202274,0.0282051
XAU,RE-1 gelée,6,2021,107,-538.757,-0.0543757,-5.03511,-0.292448,5.3604,-17.34,-5.9898,11.3502,0.505427,-1.23687,-0.365722,0.871149,-0.0525413
XAU,RE-1 gelée,6,2022,119,273.558,0.0245839,2.29881,0.343056,3.09721,1.48688,2.29204,0.805165,0.253996,0.433625,0.34381,-0.0898142,0.0401725
XAU,RE-1 gelée,6,2023,83,-380.915,-0.0390717,-4.58934,-0.366696,-6.901,-2.33271,-4.61686,-2.28415,-0.432169,-0.302782,-0.367475,-0.0646934,-0.0390717
XAU,RE-1 gelée,6,2024,109,-389.913,-0.0404015,-3.57719,-0.270127,12.7493,-22.1445,-4.69763,17.4469,0.849695,-1.54365,-0.346978,1.19667,-0.0415914
XAU,RE-1 gelée,6,2025,110,-335.033,-0.0360096,-3.04575,-0.35807,1.16532,-9.86368,-4.34918,5.5145,-0.150466,-0.694191,-0.422328,0.271862,-0.0563773
XAU,Contrôle,6,2011,48,-75.0692,-0.00963757,-1.56394,0.0226383,-6.28519,4.01572,-1.13474,-5.15046,0.0162564,0.0301805,0.0232185,-0.00696205,0.0129122
XAU,Contrôle,6,2012,121,587.135,0.057024,4.85235,0.430449,5.16586,4.53363,4.84974,0.316115,0.225771,0.638538,0.432155,-0.206384,0.0561716
XAU,Contrôle,6,2013,121,50.8935,0.00118889,0.420608,0.280517,-22.2572,12.9225,-4.66737,-17.5899,-0.979138,0.974943,-0.00209765,-0.97704,0.00152536
XAU,Contrôle,6,2014,132,24.1784,5.17713e-06,0.18317,0.0636628,-3.71421,4.86003,0.572908,-4.28712,-0.100618,0.260799,0.0800908,-0.180708,-0.00314672
XAU,Contrôle,6,2015,120,498.546,0.0485863,4.15455,0.348952,3.837,4.46169,4.14935,-0.312343,0.199114,0.493877,0.346496,-0.147382,0.0485863
XAU,Contrôle,6,2016,98,-1205.33,-0.11589,-12.2993,-0.928652,-10.8877,-13.9619,-12.4248,1.53711,-0.881568,-0.984107,-0.932838,0.0512692,-0.114057
XAU,Contrôle,6,2017,106,-597.76,-0.0592901,-5.63924,-0.467759,-0.0720918,-11.643,-5.85756,5.78547,0.103184,-1.08348,-0.490149,0.593333,-0.0592901
XAU,Contrôle,6,2018,113,-406.625,-0.0412942,-3.59845,-0.358751,1.9005,-8.63139,-3.36545,5.26594,0.152049,-0.826264,-0.337107,0.489156,-0.0412942
XAU,Contrôle,6,2019,133,-1912.17,-0.175419,-14.3772,-1.11457,-17.1284,-11.499,-14.3137,-2.81468,-1.49952,-0.711863,-1.10569,-0.393826,-0.174767
XAU,Contrôle,6,2020,132,928.679,0.0912114,7.03545,-0.136922,13.0911,-0.0128974,6.53909,6.55198,0.0441566,-0.347685,-0.151764,0.195921,0.0278227
XAU,Contrôle,6,2021,105,-438.324,-0.0448047,-4.17451,-0.249225,6.43822,-16.3033,-4.93257,11.3708,0.593519,-1.21236,-0.309421,0.90294,-0.0438107
XAU,Contrôle,6,2022,117,142.988,0.0113732,1.22212,0.178046,6.83021,-4.10556,1.36232,5.46789,0.398032,-0.0309398,0.183546,0.214486,0.0246561
XAU,Contrôle,6,2023,88,-378.892,-0.0388898,-4.3056,-0.332055,-5.97522,-2.84911,-4.41217,-1.56305,-0.35196,-0.31469,-0.333325,-0.0186349,-0.0388898
XAU,Contrôle,6,2024,113,-437.112,-0.0449635,-3.86825,-0.323555,11.2778,-20.4167,-4.56945,15.8472,0.717147,-1.46062,-0.371736,1.08888,-0.0461478
XAU,Contrôle,6,2025,109,-124.323,-0.0154724,-1.14058,-0.291879,3.92127,-8.90992,-2.49432,6.41559,-0.0616856,-0.645198,-0.353442,0.291756,-0.0385754
XAU,Statique-H,6,2011,45,264.396,0.0238145,5.87548,0.152435,4.39697,7.72361,6.06029,-1.66332,0.242076,0.0403833,0.141229,0.100846,0.0370893
XAU,Statique-H,6,2012,114,260.42,0.0232092,2.28438,0.298029,-3.36846,8.34835,2.48994,-5.85841,-0.304032,0.943877,0.319922,-0.623955,0.0231687
XAU,Statique-H,6,2013,116,-1046.45,-0.103666,-9.0211,-0.125559,-33.1272,3.66631,-14.7304,-18.3967,-1.49196,0.593601,-0.449181,-1.04278,-0.0940059
XAU,Statique-H,6,2014,119,-172.171,-0.0195216,-1.44682,-0.0224996,-9.85215,10.5608,0.354323,-10.2065,-0.441895,0.576636,0.0673708,-0.509265,-0.0223392
XAU,Statique-H,6,2015,112,365.343,0.034482,3.26199,0.28112,5.21353,1.57065,3.39209,1.82144,0.283957,0.278661,0.281309,0.00264821,0.034482
XAU,Statique-H,6,2016,95,-824.459,-0.0823604,-8.67851,-0.721117,-1.13697,-17.4199,-9.27841,8.14144,-0.272606,-1.24098,-0.756795,0.484188,-0.0812582
XAU,Statique-H,6,2017,99,-552.565,-0.0551365,-5.58147,-0.474826,0.492656,-12.3018,-5.90456,6.39722,0.129861,-1.14384,-0.50699,0.636851,-0.0551365
XAU,Statique-H,6,2018,104,-304.24,-0.0312724,-2.92539,-0.33565,2.59566,-8.03746,-2.7209,5.31656,0.180092,-0.813189,-0.316548,0.49664,-0.0312724
XAU,Statique-H,6,2019,129,-1629.75,-0.151937,-12.6337,-0.967167,-14.2196,-11.0722,-12.6459,-1.57372,-1.25602,-0.682759,-0.969389,-0.28663,-0.150868
XAU,Statique-H,6,2020,124,323.01,0.0275488,2.60492,-0.410827,14.705,-10.7257,1.98966,12.7154,0.106942,-0.98125,-0.437154,0.544096,-0.0100403
XAU,Statique-H,6,2021,95,-279.789,-0.029596,-2.94515,-0.142253,13.0431,-19.2736,-3.11524,16.1584,0.976911,-1.28523,-0.154159,1.13107,-0.0275004
XAU,Statique-H,6,2022,112,-225.487,-0.025439,-2.01328,-0.0667975,0.522187,-4.2909,-1.88436,2.40654,0.0541587,-0.175453,-0.0606471,0.114806,-0.0100763
XAU,Statique-H,6,2023,79,-329.773,-0.0342769,-4.17434,-0.43222,-7.28307,-1.43569,-4.35938,-2.92369,-0.438385,-0.426789,-0.432587,-0.00579793,-0.0342769
XAU,Statique-H,6,2024,107,-441.972,-0.0459434,-4.13057,-0.340918,14.798,-24.9149,-5.05845,19.8565,0.950308,-1.75874,-0.404214,1.35452,-0.0473465
XAU,Statique-H,6,2025,102,-130.316,-0.0164794,-1.27761,-0.220477,3.84238,-9.90076,-3.02919,6.87157,-0.00487859,-0.583589,-0.294234,0.289355,-0.0354488
XAU,WFO-H,6,2011,45,264.396,0.0238145,5.87548,0.152435,4.39697,7.72361,6.06029,-1.66332,0.242076,0.0403833,0.141229,0.100846,0.0370893
XAU,WFO-H,6,2012,110,768.234,0.0765039,6.98394,0.691718,2.01698,12.73,7.37351,-5.35653,0.142592,1.32698,0.734787,-0.592196,0.0766932
XAU,WFO-H,6,2013,109,-1066.49,-0.105768,-9.78427,-0.195624,-30.273,2.09327,-14.0899,-16.1831,-1.32641,0.459903,-0.433253,-0.893156,-0.0970903
XAU,WFO-H,6,2014,99,-370.417,-0.0391889,-3.74159,-0.0963482,-12.907,9.77744,-1.5648,-11.3422,-0.679165,0.763306,0.0420707,-0.721235,-0.0452135
XAU,WFO-H,6,2015,130,415.309,0.040711,3.19469,0.264308,5.91105,0.717996,3.31452,2.59653,0.461687,0.0843442,0.273015,0.188671,0.040711
XAU,WFO-H,6,2016,98,-1352.89,-0.128879,-13.805,-1.00762,-11.1732,-16.9045,-14.0389,2.86565,-0.889117,-1.14718,-1.01815,0.129033,-0.126633
XAU,WFO-H,6,2017,96,-344.365,-0.0352733,-3.58713,-0.338175,2.84171,-11.5111,-4.33467,7.17638,0.310133,-1.13725,-0.41356,0.723693,-0.0352733
XAU,WFO-H,6,2018,113,-406.625,-0.0412942,-3.59845,-0.358751,1.9005,-8.63139,-3.36545,5.26594,0.152049,-0.826264,-0.337107,0.489156,-0.0412942
XAU,WFO-H,6,2019,133,-1912.17,-0.175419,-14.3772,-1.11457,-17.1284,-11.499,-14.3137,-2.81468,-1.49952,-0.711863,-1.10569,-0.393826,-0.174767
XAU,WFO-H,6,2020,132,928.679,0.0912114,7.03545,-0.136922,13.0911,-0.0128974,6.53909,6.55198,0.0441566,-0.347685,-0.151764,0.195921,0.0278227
XAU,WFO-H,6,2021,105,-438.324,-0.0448047,-4.17451,-0.249225,6.43822,-16.3033,-4.93257,11.3708,0.593519,-1.21236,-0.309421,0.90294,-0.0438107
XAU,WFO-H,6,2022,123,-295.276,-0.0313753,-2.40062,-0.120823,3.25808,-7.78986,-2.26589,5.52397,0.128515,-0.358288,-0.114886,0.243401,-0.0175701
XAU,WFO-H,6,2023,83,-404.249,-0.0417813,-4.87047,-0.452117,-3.24313,-6.31289,-4.77801,1.53488,-0.156849,-0.713832,-0.435341,0.278491,-0.0417813
XAU,WFO-H,6,2024,93,-154.535,-0.0182231,-1.66167,-0.222553,22.0953,-28.1183,-3.01149,25.1068,1.36064,-1.98566,-0.312507,1.67315,-0.0189198
XAU,WFO-H,6,2025,96,-664.766,-0.0685414,-6.92464,-0.467648,7.03458,-27.3266,-10.146,17.1806,0.0658164,-1.24733,-0.590755,0.656572,-0.0778145
XAU,Statique-R0,6,2011,48,-75.0692,-0.00963757,-1.56394,0.0226383,-6.28519,4.01572,-1.13474,-5.15046,0.0162564,0.0301805,0.0232185,-0.00696205,0.0129122
XAU,Statique-R0,6,2012,121,587.135,0.057024,4.85235,0.430449,5.16586,4.53363,4.84974,0.316115,0.225771,0.638538,0.432155,-0.206384,0.0561716
XAU,Statique-R0,6,2013,121,50.8935,0.00118889,0.420608,0.280517,-22.2572,12.9225,-4.66737,-17.5899,-0.979138,0.974943,-0.00209765,-0.97704,0.00152536
XAU,Statique-R0,6,2014,132,24.1784,5.17713e-06,0.18317,0.0636628,-3.71421,4.86003,0.572908,-4.28712,-0.100618,0.260799,0.0800908,-0.180708,-0.00314672
XAU,Statique-R0,6,2015,120,498.546,0.0485863,4.15455,0.348952,3.837,4.46169,4.14935,-0.312343,0.199114,0.493877,0.346496,-0.147382,0.0485863
XAU,Statique-R0,6,2016,98,-1205.33,-0.11589,-12.2993,-0.928652,-10.8877,-13.9619,-12.4248,1.53711,-0.881568,-0.984107,-0.932838,0.0512692,-0.114057
XAU,Statique-R0,6,2017,106,-597.76,-0.0592901,-5.63924,-0.467759,-0.0720918,-11.643,-5.85756,5.78547,0.103184,-1.08348,-0.490149,0.593333,-0.0592901
XAU,Statique-R0,6,2018,113,-406.625,-0.0412942,-3.59845,-0.358751,1.9005,-8.63139,-3.36545,5.26594,0.152049,-0.826264,-0.337107,0.489156,-0.0412942
XAU,Statique-R0,6,2019,133,-1912.17,-0.175419,-14.3772,-1.11457,-17.1284,-11.499,-14.3137,-2.81468,-1.49952,-0.711863,-1.10569,-0.393826,-0.174767
XAU,Statique-R0,6,2020,132,928.679,0.0912114,7.03545,-0.136922,13.0911,-0.0128974,6.53909,6.55198,0.0441566,-0.347685,-0.151764,0.195921,0.0278227
XAU,Statique-R0,6,2021,105,-438.324,-0.0448047,-4.17451,-0.249225,6.43822,-16.3033,-4.93257,11.3708,0.593519,-1.21236,-0.309421,0.90294,-0.0438107
XAU,Statique-R0,6,2022,117,142.988,0.0113732,1.22212,0.178046,6.83021,-4.10556,1.36232,5.46789,0.398032,-0.0309398,0.183546,0.214486,0.0246561
XAU,Statique-R0,6,2023,88,-378.892,-0.0388898,-4.3056,-0.332055,-5.97522,-2.84911,-4.41217,-1.56305,-0.35196,-0.31469,-0.333325,-0.0186349,-0.0388898
XAU,Statique-R0,6,2024,113,-437.112,-0.0449635,-3.86825,-0.323555,11.2778,-20.4167,-4.56945,15.8472,0.717147,-1.46062,-0.371736,1.08888,-0.0461478
XAU,Statique-R0,6,2025,109,-124.323,-0.0154724,-1.14058,-0.291879,3.92127,-8.90992,-2.49432,6.41559,-0.0616856,-0.645198,-0.353442,0.291756,-0.0385754
XAU,WFO-R0,6,2011,48,-75.0692,-0.00963757,-1.56394,0.0226383,-6.28519,4.01572,-1.13474,-5.15046,0.0162564,0.0301805,0.0232185,-0.00696205,0.0129122
XAU,WFO-R0,6,2012,121,587.135,0.057024,4.85235,0.430449,5.16586,4.53363,4.84974,0.316115,0.225771,0.638538,0.432155,-0.206384,0.0561716
XAU,WFO-R0,6,2013,121,50.8935,0.00118889,0.420608,0.280517,-22.2572,12.9225,-4.66737,-17.5899,-0.979138,0.974943,-0.00209765,-0.97704,0.00152536
XAU,WFO-R0,6,2014,132,24.1784,5.17713e-06,0.18317,0.0636628,-3.71421,4.86003,0.572908,-4.28712,-0.100618,0.260799,0.0800908,-0.180708,-0.00314672
XAU,WFO-R0,6,2015,90,191.459,0.0172445,2.12733,0.207061,-11.278,14.3918,1.55689,-12.8349,-0.798995,1.1275,0.16425,-0.963246,0.0172682
XAU,WFO-R0,6,2016,98,-1205.33,-0.11589,-12.2993,-0.928652,-10.8877,-13.9619,-12.4248,1.53711,-0.881568,-0.984107,-0.932838,0.0512692,-0.114057
XAU,WFO-R0,6,2017,94,-1661.14,-0.153731,-17.6717,-1.67516,-19.2118,-16.1316,-17.6717,-1.54012,-1.82672,-1.52361,-1.67516,-0.151553,-0.153731
XAU,WFO-R0,6,2018,113,-406.625,-0.0412942,-3.59845,-0.358751,1.9005,-8.63139,-3.36545,5.26594,0.152049,-0.826264,-0.337107,0.489156,-0.0412942
XAU,WFO-R0,6,2019,133,-1912.17,-0.175419,-14.3772,-1.11457,-17.1284,-11.499,-14.3137,-2.81468,-1.49952,-0.711863,-1.10569,-0.393826,-0.174767
XAU,WFO-R0,6,2020,132,928.679,0.0912114,7.03545,-0.136922,13.0911,-0.0128974,6.53909,6.55198,0.0441566,-0.347685,-0.151764,0.195921,0.0278227
XAU,WFO-R0,6,2021,78,-899.961,-0.0874264,-11.538,-0.771153,-6.37611,-18.9581,-12.6671,6.291,-0.440131,-1.247,-0.843564,0.403433,-0.0837824
XAU,WFO-R0,6,2022,117,142.988,0.0113732,1.22212,0.178046,6.83021,-4.10556,1.36232,5.46789,0.398032,-0.0309398,0.183546,0.214486,0.0246561
XAU,WFO-R0,6,2023,88,-378.892,-0.0388898,-4.3056,-0.332055,-5.97522,-2.84911,-4.41217,-1.56305,-0.35196,-0.31469,-0.333325,-0.0186349,-0.0388898
XAU,WFO-R0,6,2024,124,-1504.18,-0.142183,-12.1305,-0.808749,-0.191029,-24.4614,-12.3262,12.1352,0.107546,-1.75509,-0.82377,0.931317,-0.142214
XAU,WFO-R0,6,2025,109,-124.323,-0.0154724,-1.14058,-0.291879,3.92127,-8.90992,-2.49432,6.41559,-0.0616856,-0.645198,-0.353442,0.291756,-0.0385754
XAU,Statique-frontière,6,2011,48,-75.0692,-0.00963757,-1.56394,0.0226383,-6.28519,4.01572,-1.13474,-5.15046,0.0162564,0.0301805,0.0232185,-0.00696205,0.0129122
XAU,Statique-frontière,6,2012,121,587.135,0.057024,4.85235,0.430449,5.16586,4.53363,4.84974,0.316115,0.225771,0.638538,0.432155,-0.206384,0.0561716
XAU,Statique-frontière,6,2013,121,50.8935,0.00118889,0.420608,0.280517,-22.2572,12.9225,-4.66737,-17.5899,-0.979138,0.974943,-0.00209765,-0.97704,0.00152536
XAU,Statique-frontière,6,2014,132,24.1784,5.17713e-06,0.18317,0.0636628,-3.71421,4.86003,0.572908,-4.28712,-0.100618,0.260799,0.0800908,-0.180708,-0.00314672
XAU,Statique-frontière,6,2015,120,498.546,0.0485863,4.15455,0.348952,3.837,4.46169,4.14935,-0.312343,0.199114,0.493877,0.346496,-0.147382,0.0485863
XAU,Statique-frontière,6,2016,98,-1205.33,-0.11589,-12.2993,-0.928652,-10.8877,-13.9619,-12.4248,1.53711,-0.881568,-0.984107,-0.932838,0.0512692,-0.114057
XAU,Statique-frontière,6,2017,106,-597.76,-0.0592901,-5.63924,-0.467759,-0.0720918,-11.643,-5.85756,5.78547,0.103184,-1.08348,-0.490149,0.593333,-0.0592901
XAU,Statique-frontière,6,2018,113,-406.625,-0.0412942,-3.59845,-0.358751,1.9005,-8.63139,-3.36545,5.26594,0.152049,-0.826264,-0.337107,0.489156,-0.0412942
XAU,Statique-frontière,6,2019,133,-1912.17,-0.175419,-14.3772,-1.11457,-17.1284,-11.499,-14.3137,-2.81468,-1.49952,-0.711863,-1.10569,-0.393826,-0.174767
XAU,Statique-frontière,6,2020,132,928.679,0.0912114,7.03545,-0.136922,13.0911,-0.0128974,6.53909,6.55198,0.0441566,-0.347685,-0.151764,0.195921,0.0278227
XAU,Statique-frontière,6,2021,105,-438.324,-0.0448047,-4.17451,-0.249225,6.43822,-16.3033,-4.93257,11.3708,0.593519,-1.21236,-0.309421,0.90294,-0.0438107
XAU,Statique-frontière,6,2022,117,142.988,0.0113732,1.22212,0.178046,6.83021,-4.10556,1.36232,5.46789,0.398032,-0.0309398,0.183546,0.214486,0.0246561
XAU,Statique-frontière,6,2023,88,-378.892,-0.0388898,-4.3056,-0.332055,-5.97522,-2.84911,-4.41217,-1.56305,-0.35196,-0.31469,-0.333325,-0.0186349,-0.0388898
XAU,Statique-frontière,6,2024,113,-437.112,-0.0449635,-3.86825,-0.323555,11.2778,-20.4167,-4.56945,15.8472,0.717147,-1.46062,-0.371736,1.08888,-0.0461478
XAU,Statique-frontière,6,2025,109,-124.323,-0.0154724,-1.14058,-0.291879,3.92127,-8.90992,-2.49432,6.41559,-0.0616856,-0.645198,-0.353442,0.291756,-0.0385754
XAU,WFO-frontière,6,2011,48,-75.0692,-0.00963757,-1.56394,0.0226383,-6.28519,4.01572,-1.13474,-5.15046,0.0162564,0.0301805,0.0232185,-0.00696205,0.0129122
XAU,WFO-frontière,6,2012,121,587.135,0.057024,4.85235,0.430449,5.16586,4.53363,4.84974,0.316115,0.225771,0.638538,0.432155,-0.206384,0.0561716
XAU,WFO-frontière,6,2013,121,50.8935,0.00118889,0.420608,0.280517,-22.2572,12.9225,-4.66737,-17.5899,-0.979138,0.974943,-0.00209765,-0.97704,0.00152536
XAU,WFO-frontière,6,2014,132,24.1784,5.17713e-06,0.18317,0.0636628,-3.71421,4.86003,0.572908,-4.28712,-0.100618,0.260799,0.0800908,-0.180708,-0.00314672
XAU,WFO-frontière,6,2015,120,380.113,0.0360852,3.16761,0.330651,2.61501,3.70209,3.15855,-0.543542,0.112087,0.542049,0.327068,-0.214981,0.0360852
XAU,WFO-frontière,6,2016,98,-1205.33,-0.11589,-12.2993,-0.928652,-10.8877,-13.9619,-12.4248,1.53711,-0.881568,-0.984107,-0.932838,0.0512692,-0.114057
XAU,WFO-frontière,6,2017,106,-599.337,-0.0594002,-5.65412,-0.469731,-0.661542,-11.0383,-5.84991,5.18837,0.0466617,-1.02663,-0.489982,0.536644,-0.0594002
XAU,WFO-frontière,6,2018,113,-406.625,-0.0412942,-3.59845,-0.358751,1.9005,-8.63139,-3.36545,5.26594,0.152049,-0.826264,-0.337107,0.489156,-0.0412942
XAU,WFO-frontière,6,2019,133,-1912.17,-0.175419,-14.3772,-1.11457,-17.1284,-11.499,-14.3137,-2.81468,-1.49952,-0.711863,-1.10569,-0.393826,-0.174767
XAU,WFO-frontière,6,2020,132,928.679,0.0912114,7.03545,-0.136922,13.0911,-0.0128974,6.53909,6.55198,0.0441566,-0.347685,-0.151764,0.195921,0.0278227
XAU,WFO-frontière,6,2021,105,-438.324,-0.0448047,-4.17451,-0.249225,6.43822,-16.3033,-4.93257,11.3708,0.593519,-1.21236,-0.309421,0.90294,-0.0438107
XAU,WFO-frontière,6,2022,117,105.723,0.00776655,0.903615,0.139679,4.17152,-2.2009,0.985313,3.18621,0.218465,0.0648317,0.141648,0.0768165,0.0210022
XAU,WFO-frontière,6,2023,88,-367.868,-0.0378055,-4.18032,-0.32882,-4.64414,-3.77572,-4.20993,-0.43421,-0.265008,-0.384486,-0.324747,0.0597392,-0.0378055
XAU,WFO-frontière,6,2024,113,-437.112,-0.0449635,-3.86825,-0.323555,11.2778,-20.4167,-4.56945,15.8472,0.717147,-1.46062,-0.371736,1.08888,-0.0461478
XAU,WFO-frontière,6,2025,109,-124.323,-0.0154724,-1.14058,-0.291879,3.92127,-8.90992,-2.49432,6.41559,-0.0616856,-0.645198,-0.353442,0.291756,-0.0385754
XAU,Statique-conjointe,6,2011,45,368.467,0.0342248,8.18815,0.17799,11.6861,4.19049,7.9383,3.74781,0.501353,-0.191567,0.154893,0.34646,0.0440621
XAU,Statique-conjointe,6,2012,114,352.637,0.0327237,3.09331,0.366138,-1.4285,7.94398,3.25774,-4.68624,-0.141531,0.910728,0.384598,-0.52613,0.0325387
XAU,Statique-conjointe,6,2013,113,-792.24,-0.0807692,-7.01098,0.011662,-32.1407,7.29899,-12.4208,-19.7198,-1.41117,0.821885,-0.294642,-1.11653,-0.070894
XAU,Statique-conjointe,6,2014,117,-270.465,-0.0291623,-2.31167,-0.0652914,-12.3365,12.6189,0.141203,-12.4777,-0.593039,0.720716,0.0638384,-0.656878,-0.0322483
XAU,Statique-conjointe,6,2015,111,204.24,0.0180344,1.84,0.18381,2.97096,0.843226,1.90709,1.06387,0.120461,0.239643,0.180052,-0.0595914,0.0180344
XAU,Statique-conjointe,6,2016,93,-219.14,-0.0251131,-2.35635,-0.329064,4.42088,-10.5858,-3.08248,7.50336,0.0512653,-0.790893,-0.369814,0.421079,-0.0237772
XAU,Statique-conjointe,6,2017,98,-429.635,-0.0434795,-4.38403,-0.381939,0.988701,-10.4576,-4.73443,5.72313,0.147196,-0.980091,-0.416448,0.563643,-0.0434795
XAU,Statique-conjointe,6,2018,102,-230.949,-0.0242494,-2.26421,-0.304718,5.26053,-9.49954,-2.1195,7.38004,0.36521,-0.94888,-0.291835,0.657045,-0.0242494
XAU,Statique-conjointe,6,2019,124,-1746.64,-0.161563,-14.0858,-1.11762,-12.8328,-15.2991,-14.0659,1.23313,-1.08931,-1.14504,-1.11717,0.0278659,-0.160193
XAU,Statique-conjointe,6,2020,119,300.877,0.025328,2.52838,-0.405321,9.80282,-4.86935,2.46673,7.33609,-0.0772075,-0.738996,-0.408102,0.330894,-0.011899
XAU,Statique-conjointe,6,2021,93,-387.409,-0.039818,-4.16568,-0.203763,11.6486,-21.0343,-4.69283,16.3414,0.870067,-1.34918,-0.239557,1.10962,-0.0371949
XAU,Statique-conjointe,6,2022,108,-156.474,-0.018902,-1.44883,-0.0367649,-1.43019,-1.4649,-1.44755,0.0173554,-0.0627215,-0.0143885,-0.038555,-0.0241665,-0.00467518
XAU,Statique-conjointe,6,2023,79,-287.187,-0.0303696,-3.63528,-0.444045,-3.90556,-3.39718,-3.65137,-0.254191,-0.184233,-0.672927,-0.42858,0.244347,-0.0303696
XAU,Statique-conjointe,6,2024,106,-488.945,-0.0503716,-4.61269,-0.350107,12.7635,-25.6089,-6.42271,19.1862,0.852253,-1.80296,-0.475352,1.32761,-0.051503
XAU,Statique-conjointe,6,2025,97,-404.062,-0.0425808,-4.16559,-0.29245,0.100414,-11.3941,-5.64684,5.74725,-0.0931417,-0.630167,-0.361654,0.268512,-0.0539642
XAU,WFO-conjointe,6,2011,45,368.467,0.0342248,8.18815,0.17799,11.6861,4.19049,7.9383,3.74781,0.501353,-0.191567,0.154893,0.34646,0.0440621
XAU,WFO-conjointe,6,2012,110,-730.208,-0.0735492,-6.63826,-0.493107,-11.7449,-1.14616,-6.44555,-5.29939,-0.982751,0.0334905,-0.47463,-0.508121,-0.0735492
XAU,WFO-conjointe,6,2013,114,-906.628,-0.0912213,-7.95288,-0.0884022,-33.7134,5.97174,-13.8708,-19.8426,-1.5404,0.696462,-0.421969,-1.11843,-0.083734
XAU,WFO-conjointe,6,2014,81,-55.5791,-0.00748257,-0.686162,0.397737,-8.58819,11.4138,1.41281,-10.001,-0.256172,1.39904,0.571432,-0.827604,-0.00773302
XAU,WFO-conjointe,6,2015,69,194.928,0.0174757,2.82504,0.359691,-13.0265,13.6505,0.311987,-13.3385,-0.969591,1.26749,0.148951,-1.11854,0.0174936
XAU,WFO-conjointe,6,2016,81,-54.133,-0.00815717,-0.668309,-0.177747,6.91406,-8.06574,-0.575841,7.4899,0.0276857,-0.378169,-0.175242,0.202927,-0.00687303
XAU,WFO-conjointe,6,2017,95,-725.654,-0.0712675,-7.63846,-0.854601,-0.378445,-16.7999,-8.58918,8.21073,-0.0821039,-1.82942,-0.955762,0.873658,-0.0712675
XAU,WFO-conjointe,6,2018,109,-250.91,-0.0262753,-2.30193,-0.245034,-0.0408469,-4.60488,-2.32286,2.28202,-0.104923,-0.38774,-0.246332,0.141409,-0.0262753
XAU,WFO-conjointe,6,2019,117,-875.095,-0.0865809,-7.47944,-0.553059,-2.20338,-13.427,-7.81519,5.61181,-0.290413,-0.849133,-0.569773,0.27936,-0.0861751
XAU,WFO-conjointe,6,2020,87,1147.1,0.113561,13.1851,0.755874,12.455,14.3231,13.3891,-0.934031,0.907995,0.518743,0.713369,0.194626,0.112735
XAU,WFO-conjointe,6,2021,86,-966.376,-0.0954967,-11.2369,-0.760706,-28.3511,10.3809,-8.98507,-19.366,-1.63447,0.343001,-0.645736,-0.988737,-0.0972258
XAU,WFO-conjointe,6,2022,87,44.9221,0.00182546,0.516346,0.15105,5.52562,-3.3684,1.07861,4.44701,0.522905,-0.137326,0.192789,0.330116,-0.000433293
XAU,WFO-conjointe,6,2023,85,-246.101,-0.0266131,-2.89531,-0.304713,8.73444,-12.7553,-2.01044,10.7449,0.72383,-1.17674,-0.226454,0.950284,-0.0266131
XAU,WFO-conjointe,6,2024,92,-700.761,-0.070032,-7.61696,-0.665717,5.62635,-21.4489,-7.91126,13.5376,0.292983,-1.66703,-0.687022,0.980005,-0.070595
XAU,WFO-conjointe,6,2025,64,-38.6641,-0.00641096,-0.604127,-0.307352,9.45067,-19.7997,-5.17449,14.6252,0.222523,-1.31893,-0.548204,0.770727,-0.0115938
