actif,frais_bps,famille,variante,reference,n_a,n_b,mois,d_esperance_atr,d_esperance_atr_lo,d_esperance_atr_hi,d_esperance_bps,d_esperance_bps_lo,d_esperance_bps_hi,d_rendement_annuel,d_rendement_annuel_lo,d_rendement_annuel_hi,d_mdd_sorties,d_mdd_sorties_lo,d_mdd_sorties_hi,part_mdd_meilleur,d_calmar_sorties,d_calmar_sorties_lo,d_calmar_sorties_hi,part_calmar_meilleur,esperance_tangible,rendement_tangible,mdd_non_degrade,surpasse,wfo_retenu
BTC,5,contre RE-1 gelée,Contrôle,RE-1 gelée,1909,2075,132,-0.0238363,-0.0928461,0.048985,-1.72615,-6.31795,2.95443,-0.018809,-0.0507375,0.0148374,0.00498135,-0.118371,0.0684865,0.3515,-0.0640076,-0.379749,0.128877,0.19,False,False,True,False,False
BTC,5,contre RE-1 gelée,Statique-H,RE-1 gelée,1909,2075,132,-0.0238363,-0.0928461,0.048985,-1.72615,-6.31795,2.95443,-0.018809,-0.0507375,0.0148374,0.00498135,-0.118371,0.0684865,0.3515,-0.0640076,-0.379749,0.128877,0.19,False,False,True,False,False
BTC,5,contre RE-1 gelée,WFO-H,RE-1 gelée,1847,2075,132,-0.198121,-0.323107,-0.0743562,-8.96902,-15.7859,-2.30968,-0.0923094,-0.145648,-0.0402875,-0.177767,-0.383615,0.0035112,0.028,-0.335193,-0.848277,-0.109764,0,False,False,True,False,False
BTC,5,contre RE-1 gelée,Statique-R0,RE-1 gelée,1546,2075,132,-0.192409,-0.435303,0.0671224,-10.5229,-25.0389,4.3897,-0.0788511,-0.180506,0.0268469,-0.0930042,-0.330465,0.139321,0.244,-0.299437,-0.981986,0.157358,0.083,False,False,True,False,False
BTC,5,contre RE-1 gelée,WFO-R0,RE-1 gelée,1836,2075,132,0.0737431,-0.06687,0.224522,1.86241,-7.74554,12.3761,0.0192237,-0.0468152,0.0898811,0.118094,-0.0996623,0.177213,0.6615,0.376109,-0.32724,0.721818,0.718,False,False,True,False,False
BTC,5,contre RE-1 gelée,Statique-frontière,RE-1 gelée,1909,2075,132,-0.0238363,-0.0928461,0.048985,-1.72615,-6.31795,2.95443,-0.018809,-0.0507375,0.0148374,0.00498135,-0.118371,0.0684865,0.3515,-0.0640076,-0.379749,0.128877,0.19,False,False,True,False,False
BTC,5,contre RE-1 gelée,WFO-frontière,RE-1 gelée,1909,2075,132,-0.0228904,-0.0928006,0.0497214,-1.40187,-5.99813,3.18244,-0.0183565,-0.051266,0.0156918,0.00498135,-0.117097,0.0691111,0.367,-0.0623197,-0.376008,0.134039,0.1995,False,False,True,False,False
BTC,5,contre RE-1 gelée,Statique-conjointe,RE-1 gelée,1423,2075,132,-0.11393,-0.390121,0.152161,-10.4299,-26.0209,4.67832,-0.0637464,-0.165903,0.0362338,-0.126685,-0.35199,0.13519,0.2185,-0.2643,-0.901284,0.205928,0.1175,False,False,True,False,False
BTC,5,contre RE-1 gelée,WFO-conjointe,RE-1 gelée,1591,2075,132,-0.168093,-0.411995,0.0758887,-10.0724,-23.719,2.83709,-0.080772,-0.175025,0.0150614,-0.0641563,-0.395279,0.0931139,0.1305,-0.302445,-0.907636,0.0739649,0.0585,False,False,True,False,False
BTC,5,contre le Contrôle,Statique-H,Contrôle,1909,1909,132,0,0,0,0,0,0,0,0,0,0,0,0,0,0,0,0,0,False,False,True,False,False
BTC,5,contre le Contrôle,WFO-H,Contrôle,1847,1909,132,-0.174285,-0.276192,-0.0741365,-7.24287,-11.8946,-2.37679,-0.0735004,-0.112228,-0.034188,-0.182748,-0.344464,-0.00425796,0.0185,-0.271186,-0.635385,-0.0783661,0,False,False,False,False,False
BTC,5,contre le Contrôle,Statique-R0,Contrôle,1546,1909,132,-0.168572,-0.430328,0.100295,-8.79674,-23.8623,6.41353,-0.0600422,-0.162635,0.0461296,-0.0979855,-0.320998,0.183329,0.3005,-0.235429,-0.806539,0.219175,0.1415,False,False,True,False,False
BTC,5,contre le Contrôle,WFO-R0,Contrôle,1836,1909,132,0.0975795,-0.0304851,0.231923,3.58856,-4.32392,12.2388,0.0380326,-0.0197273,0.0980808,0.113112,-0.0686653,0.194775,0.768,0.440117,-0.151303,0.792856,0.896,False,False,True,False,False
BTC,5,contre le Contrôle,Statique-frontière,Contrôle,1909,1909,132,0,0,0,0,0,0,0,0,0,0,0,0,0,0,0,0,0,False,False,True,False,False
BTC,5,contre le Contrôle,WFO-frontière,Contrôle,1909,1909,132,0.000945957,-0.00455087,0.00847188,0.324276,-0.18911,1.2368,0.000452536,-0.00208178,0.00393385,0,-0.00556899,0.0141171,0.3775,0.00168789,-0.0120059,0.0331329,0.5185,False,False,True,False,False
BTC,5,contre le Contrôle,Statique-conjointe,Contrôle,1423,1909,132,-0.0900935,-0.375541,0.189032,-8.70379,-24.9085,6.63027,-0.0449374,-0.149337,0.0595845,-0.131666,-0.326433,0.174594,0.28,-0.200293,-0.74744,0.269128,0.1985,False,False,True,False,False
BTC,5,contre le Contrôle,WFO-conjointe,Contrôle,1591,1909,132,-0.144256,-0.377017,0.100155,-8.34621,-20.4947,3.40614,-0.061963,-0.151061,0.027447,-0.0691376,-0.367145,0.115816,0.162,-0.238438,-0.748469,0.129327,0.0935,False,False,True,False,False
BTC,5,WFO contre Statique,WFO-H,Statique-H,1847,1909,132,-0.174285,-0.276192,-0.0741365,-7.24287,-11.8946,-2.37679,-0.0735004,-0.112228,-0.034188,-0.182748,-0.344464,-0.00425796,0.0185,-0.271186,-0.635385,-0.0783661,0,False,False,False,False,False
BTC,5,WFO contre Statique,WFO-R0,Statique-R0,1836,1546,132,0.266152,0.0280883,0.502505,12.3853,-1.18878,26.5803,0.0980748,0.00401272,0.194709,0.211098,-0.0960395,0.337648,0.8515,0.675546,-0.0256546,1.22131,0.9695,False,True,True,False,False
BTC,5,WFO contre Statique,WFO-frontière,Statique-frontière,1909,1909,132,0.000945957,-0.00455087,0.00847188,0.324276,-0.18911,1.2368,0.000452536,-0.00208178,0.00393385,0,-0.00556899,0.0141171,0.3775,0.00168789,-0.0120059,0.0331329,0.5185,False,False,True,False,False
BTC,5,WFO contre Statique,WFO-conjointe,Statique-conjointe,1591,1423,132,-0.0541626,-0.327348,0.233991,0.357584,-14.1219,15.78,-0.0170256,-0.107547,0.0755482,0.0625285,-0.309881,0.210061,0.3605,-0.0381452,-0.430957,0.296353,0.354,False,False,True,False,False
BTC,5,conjointe contre meilleure 1D,Statique-conjointe,WFO-R0,1423,1836,132,-0.187673,-0.457185,0.0813179,-12.2923,-27.691,2.85574,-0.0829701,-0.17992,0.0136308,-0.244778,-0.360616,0.0918265,0.128,-0.640409,-1.14189,0.0804661,0.046,False,False,True,False,False
BTC,5,conjointe contre meilleure 1D,WFO-conjointe,WFO-R0,1591,1836,132,-0.241836,-0.438526,-0.0335252,-11.9348,-21.3285,-3.2695,-0.0999957,-0.173291,-0.0229255,-0.18225,-0.38938,0.0211383,0.045,-0.678554,-1.14777,-0.0949298,0.0045,False,False,True,False,False
BTC,10,contre RE-1 gelée,Contrôle,RE-1 gelée,1909,2075,132,-0.0269581,-0.0969897,0.0451582,-1.72615,-6.31795,2.95443,-0.0145003,-0.0447851,0.0172544,0.0136216,-0.136849,0.0747997,0.328,-0.038784,-0.222436,0.0778093,0.2135,False,False,True,False,False
BTC,10,contre RE-1 gelée,Statique-H,RE-1 gelée,1909,2075,132,-0.0269581,-0.0969897,0.0451582,-1.72615,-6.31795,2.95443,-0.0145003,-0.0447851,0.0172544,0.0136216,-0.136849,0.0747997,0.328,-0.038784,-0.222436,0.0778093,0.2135,False,False,True,False,False
BTC,10,contre RE-1 gelée,WFO-H,RE-1 gelée,1847,2075,132,-0.199569,-0.323518,-0.0760301,-8.96902,-15.7859,-2.30968,-0.0824117,-0.133324,-0.0333322,-0.259386,-0.421688,-0.0229561,0.0135,-0.174037,-0.514175,-0.0485898,0.0005,False,False,False,False,False
BTC,10,contre RE-1 gelée,Statique-R0,RE-1 gelée,1546,2075,132,-0.196811,-0.440549,0.0620265,-10.5229,-25.0389,4.3897,-0.0621533,-0.157351,0.0385105,-0.130823,-0.403697,0.181146,0.2145,-0.15346,-0.577178,0.106865,0.1035,False,False,True,False,False
BTC,10,contre RE-1 gelée,WFO-R0,RE-1 gelée,1836,2075,132,0.0712215,-0.0698274,0.221839,1.86241,-7.74554,12.3761,0.0242193,-0.0386526,0.0919442,0.152229,-0.103855,0.235012,0.716,0.190641,-0.183012,0.512332,0.769,False,False,True,False,False
BTC,10,contre RE-1 gelée,Statique-frontière,RE-1 gelée,1909,2075,132,-0.0269581,-0.0969897,0.0451582,-1.72615,-6.31795,2.95443,-0.0145003,-0.0447851,0.0172544,0.0136216,-0.136849,0.0747997,0.328,-0.038784,-0.222436,0.0778093,0.2135,False,False,True,False,False
BTC,10,contre RE-1 gelée,WFO-frontière,RE-1 gelée,1909,2075,132,-0.0260122,-0.0966754,0.0464881,-1.40187,-5.99813,3.18244,-0.0140701,-0.0450856,0.0179258,0.0136216,-0.135305,0.0776489,0.3425,-0.0375218,-0.220026,0.0815737,0.22,False,False,True,False,False
BTC,10,contre RE-1 gelée,Statique-conjointe,RE-1 gelée,1423,2075,132,-0.116825,-0.392209,0.151911,-10.4299,-26.0209,4.67832,-0.044032,-0.141749,0.0520864,-0.105891,-0.387984,0.18866,0.2505,-0.117307,-0.524424,0.169876,0.194,False,False,True,False,False
BTC,10,contre RE-1 gelée,WFO-conjointe,RE-1 gelée,1591,2075,132,-0.164884,-0.409014,0.0791783,-10.0724,-23.719,2.83709,-0.063707,-0.152924,0.0278648,-0.0847616,-0.429576,0.13403,0.1385,-0.16322,-0.547496,0.0832914,0.093,False,False,True,False,False
BTC 2016-2025,5,contre RE-1 gelée,Contrôle,RE-1 gelée,1749,1884,120,-0.0355475,-0.107294,0.0372714,-1.92434,-6.61035,2.78657,-0.02573,-0.0608149,0.00936904,-0.0229098,-0.11582,0.0465147,0.3125,-0.259347,-0.541844,0.111007,0.1215,False,False,True,False,False
BTC 2016-2025,5,contre RE-1 gelée,Statique-H,RE-1 gelée,1749,1884,120,-0.0355475,-0.107294,0.0372714,-1.92434,-6.61035,2.78657,-0.02573,-0.0608149,0.00936904,-0.0229098,-0.11582,0.0465147,0.3125,-0.259347,-0.541844,0.111007,0.1215,False,False,True,False,False
BTC 2016-2025,5,contre RE-1 gelée,WFO-H,RE-1 gelée,1687,1884,120,-0.224968,-0.357084,-0.0959877,-9.76603,-16.8124,-2.4625,-0.107679,-0.162246,-0.0517166,-0.260008,-0.378112,-0.00810168,0.018,-0.771488,-1.19069,-0.161678,0,False,False,False,False,False
BTC 2016-2025,5,contre RE-1 gelée,Statique-R0,RE-1 gelée,1409,1884,120,-0.291636,-0.541829,-0.0225195,-15.5357,-30.1299,-0.464903,-0.120307,-0.221979,-0.0110775,-0.219909,-0.39659,0.0828105,0.1205,-0.803834,-1.39123,-0.0329214,0.02,False,False,True,False,False
BTC 2016-2025,5,contre RE-1 gelée,WFO-R0,RE-1 gelée,1699,1884,120,0.004441,-0.113584,0.133773,-1.73918,-10.274,6.8348,-0.0136482,-0.0716496,0.0500141,-0.00881131,-0.123836,0.107433,0.4695,-0.133029,-0.61846,0.459268,0.3775,False,False,True,False,False
BTC 2016-2025,5,contre RE-1 gelée,Statique-frontière,RE-1 gelée,1749,1884,120,-0.0355475,-0.107294,0.0372714,-1.92434,-6.61035,2.78657,-0.02573,-0.0608149,0.00936904,-0.0229098,-0.11582,0.0465147,0.3125,-0.259347,-0.541844,0.111007,0.1215,False,False,True,False,False
BTC 2016-2025,5,contre RE-1 gelée,WFO-frontière,RE-1 gelée,1749,1884,120,-0.034515,-0.105632,0.0382452,-1.5704,-6.25124,3.06451,-0.0252236,-0.0603697,0.00947602,-0.0229098,-0.115597,0.0494704,0.3265,-0.256353,-0.527663,0.117202,0.1295,False,False,True,False,False
BTC 2016-2025,5,contre RE-1 gelée,Statique-conjointe,RE-1 gelée,975,1884,120,-0.159029,-0.486769,0.186314,-9.99485,-27.7958,8.12858,-0.106564,-0.214369,0.00428233,-0.121178,-0.349494,0.111901,0.1815,-0.757134,-1.38704,0.0986183,0.045,False,False,True,False,False
BTC 2016-2025,5,contre RE-1 gelée,WFO-conjointe,RE-1 gelée,1463,1884,120,-0.250502,-0.490247,0.0115553,-13.7395,-27.0022,0.811369,-0.117331,-0.212992,-0.0128315,-0.191061,-0.441131,0.0393233,0.068,-0.796097,-1.32425,-0.0522236,0.0155,False,False,True,False,False
SOL,5,contre RE-1 gelée,Contrôle,RE-1 gelée,419,405,30,0.0198661,-0.0230909,0.0653741,0.91295,-1.90862,3.97369,0.0129279,-0.0083174,0.0406328,3.33067e-16,-0.0187205,0.0180897,0.3965,0.1029,-0.1759,0.447423,0.781,False,False,True,False,False
SOL,5,contre RE-1 gelée,Statique-H,RE-1 gelée,419,405,30,0.0198661,-0.0230909,0.0653741,0.91295,-1.90862,3.97369,0.0129279,-0.0083174,0.0406328,3.33067e-16,-0.0187205,0.0180897,0.3965,0.1029,-0.1759,0.447423,0.781,False,False,True,False,False
SOL,5,contre RE-1 gelée,WFO-H,RE-1 gelée,458,405,30,-0.0111247,-0.187708,0.183903,-5.51022,-21.2148,10.7543,0.00971277,-0.072542,0.101019,0.0149174,-0.0571974,0.0829491,0.5275,0.194422,-0.980071,1.39424,0.553,False,False,True,False,False
SOL,5,contre RE-1 gelée,Statique-R0,RE-1 gelée,419,405,30,0.0198661,-0.0230909,0.0653741,0.91295,-1.90862,3.97369,0.0129279,-0.0083174,0.0406328,3.33067e-16,-0.0187205,0.0180897,0.3965,0.1029,-0.1759,0.447423,0.781,False,False,True,False,False
SOL,5,contre RE-1 gelée,WFO-R0,RE-1 gelée,419,405,30,0.0198661,-0.0230909,0.0653741,0.91295,-1.90862,3.97369,0.0129279,-0.0083174,0.0406328,3.33067e-16,-0.0187205,0.0180897,0.3965,0.1029,-0.1759,0.447423,0.781,False,False,True,False,False
SOL,5,contre RE-1 gelée,Statique-frontière,RE-1 gelée,419,405,30,0.0198661,-0.0230909,0.0653741,0.91295,-1.90862,3.97369,0.0129279,-0.0083174,0.0406328,3.33067e-16,-0.0187205,0.0180897,0.3965,0.1029,-0.1759,0.447423,0.781,False,False,True,False,False
SOL,5,contre RE-1 gelée,WFO-frontière,RE-1 gelée,419,405,30,0.0198661,-0.0230909,0.0653741,0.91295,-1.90862,3.97369,0.0129279,-0.0083174,0.0406328,3.33067e-16,-0.0187205,0.0180897,0.3965,0.1029,-0.1759,0.447423,0.781,False,False,True,False,False
SOL,5,contre RE-1 gelée,Statique-conjointe,RE-1 gelée,264,405,30,-0.216866,-0.806702,0.407001,-30.0803,-81.9529,24.8203,-0.0950835,-0.321429,0.118865,-0.0685796,-0.204453,0.140773,0.384,-0.76921,-3.62203,1.12364,0.2325,False,False,True,False,False
SOL,5,contre RE-1 gelée,WFO-conjointe,RE-1 gelée,382,405,30,0.00966265,-0.358878,0.41946,-3.58026,-35.9653,28.8941,-0.00159249,-0.16378,0.167436,-0.0553179,-0.11621,0.133315,0.5345,-0.250888,-2.01799,2.39029,0.5155,False,False,True,False,False
SOL,5,contre le Contrôle,Statique-H,Contrôle,419,419,30,0,0,0,0,0,0,0,0,0,0,0,0,0,0,0,0,0,False,False,True,False,False
SOL,5,contre le Contrôle,WFO-H,Contrôle,458,419,30,-0.0309908,-0.201687,0.163364,-6.42317,-21.0271,9.58767,-0.00321515,-0.0873599,0.0880555,0.0149174,-0.0508904,0.0793121,0.5375,0.0915216,-1.07551,1.21141,0.462,False,False,True,False,False
SOL,5,contre le Contrôle,Statique-R0,Contrôle,419,419,30,0,0,0,0,0,0,0,0,0,0,0,0,0,0,0,0,0,False,False,True,False,False
SOL,5,contre le Contrôle,WFO-R0,Contrôle,419,419,30,0,0,0,0,0,0,0,0,0,0,0,0,0,0,0,0,0,False,False,True,False,False
SOL,5,contre le Contrôle,Statique-frontière,Contrôle,419,419,30,0,0,0,0,0,0,0,0,0,0,0,0,0,0,0,0,0,False,False,True,False,False
SOL,5,contre le Contrôle,WFO-frontière,Contrôle,419,419,30,0,0,0,0,0,0,0,0,0,0,0,0,0,0,0,0,0,False,False,True,False,False
SOL,5,contre le Contrôle,Statique-conjointe,Contrôle,264,419,30,-0.236732,-0.828691,0.393581,-30.9932,-83.1184,23.8652,-0.108011,-0.345394,0.107865,-0.0685796,-0.204211,0.144295,0.397,-0.872111,-3.80365,1.08496,0.216,False,False,True,False,False
SOL,5,contre le Contrôle,WFO-conjointe,Contrôle,382,419,30,-0.0102034,-0.362438,0.386908,-4.49321,-36.0133,28.242,-0.0145204,-0.175786,0.152257,-0.0553179,-0.113517,0.133414,0.543,-0.353789,-2.17839,2.25028,0.47,False,False,True,False,False
SOL,5,WFO contre Statique,WFO-H,Statique-H,458,419,30,-0.0309908,-0.201687,0.163364,-6.42317,-21.0271,9.58767,-0.00321515,-0.0873599,0.0880555,0.0149174,-0.0508904,0.0793121,0.5375,0.0915216,-1.07551,1.21141,0.462,False,False,True,False,False
SOL,5,WFO contre Statique,WFO-R0,Statique-R0,419,419,30,0,0,0,0,0,0,0,0,0,0,0,0,0,0,0,0,0,False,False,True,False,False
SOL,5,WFO contre Statique,WFO-frontière,Statique-frontière,419,419,30,0,0,0,0,0,0,0,0,0,0,0,0,0,0,0,0,0,False,False,True,False,False
SOL,5,WFO contre Statique,WFO-conjointe,Statique-conjointe,382,264,30,0.226528,-0.246075,0.676961,26.5,-12.7821,66.3259,0.093491,-0.0541196,0.270152,0.0132617,-0.0707737,0.160774,0.715,0.518322,-0.4364,3.23703,0.8695,False,False,True,False,False
SOL,5,conjointe contre meilleure 1D,Statique-conjointe,WFO-H,264,458,30,-0.205741,-0.833592,0.449499,-24.5701,-73.2759,28.8261,-0.104796,-0.347862,0.127623,-0.083497,-0.227116,0.144015,0.371,-0.963633,-3.8077,1.2361,0.23,False,False,True,False,False
SOL,5,conjointe contre meilleure 1D,WFO-conjointe,WFO-H,382,458,30,0.0207874,-0.382315,0.420828,1.92996,-31.3979,34.5334,-0.0113053,-0.196748,0.16891,-0.0702353,-0.143365,0.138568,0.5195,-0.445311,-2.40134,2.56663,0.48,False,False,True,False,False
SOL,10,contre RE-1 gelée,Contrôle,RE-1 gelée,419,405,30,0.0195054,-0.023127,0.0650272,0.91295,-1.90862,3.97369,0.011409,-0.00886552,0.0378227,1.11022e-16,-0.0194902,0.0181001,0.399,0.0765225,-0.14323,0.370062,0.7785,False,False,True,False,False
SOL,10,contre RE-1 gelée,Statique-H,RE-1 gelée,419,405,30,0.0195054,-0.023127,0.0650272,0.91295,-1.90862,3.97369,0.011409,-0.00886552,0.0378227,1.11022e-16,-0.0194902,0.0181001,0.399,0.0765225,-0.14323,0.370062,0.7785,False,False,True,False,False
SOL,10,contre RE-1 gelée,WFO-H,RE-1 gelée,458,405,30,-0.0118609,-0.188048,0.182334,-5.51022,-21.2148,10.7543,0.00527725,-0.0742341,0.0924764,0.0209679,-0.0636472,0.0855486,0.501,0.118168,-0.917712,1.059,0.505,False,False,True,False,False
SOL,10,contre RE-1 gelée,Statique-R0,RE-1 gelée,419,405,30,0.0195054,-0.023127,0.0650272,0.91295,-1.90862,3.97369,0.011409,-0.00886552,0.0378227,1.11022e-16,-0.0194902,0.0181001,0.399,0.0765225,-0.14323,0.370062,0.7785,False,False,True,False,False
SOL,10,contre RE-1 gelée,WFO-R0,RE-1 gelée,419,405,30,0.0195054,-0.023127,0.0650272,0.91295,-1.90862,3.97369,0.011409,-0.00886552,0.0378227,1.11022e-16,-0.0194902,0.0181001,0.399,0.0765225,-0.14323,0.370062,0.7785,False,False,True,False,False
SOL,10,contre RE-1 gelée,Statique-frontière,RE-1 gelée,419,405,30,0.0195054,-0.023127,0.0650272,0.91295,-1.90862,3.97369,0.011409,-0.00886552,0.0378227,1.11022e-16,-0.0194902,0.0181001,0.399,0.0765225,-0.14323,0.370062,0.7785,False,False,True,False,False
SOL,10,contre RE-1 gelée,WFO-frontière,RE-1 gelée,419,405,30,0.0195054,-0.023127,0.0650272,0.91295,-1.90862,3.97369,0.011409,-0.00886552,0.0378227,1.11022e-16,-0.0194902,0.0181001,0.399,0.0765225,-0.14323,0.370062,0.7785,False,False,True,False,False
SOL,10,contre RE-1 gelée,Statique-conjointe,RE-1 gelée,264,405,30,-0.216868,-0.808465,0.408301,-30.0803,-81.9529,24.8203,-0.0832905,-0.303633,0.125494,-0.0631869,-0.212478,0.160425,0.4075,-0.532377,-3.0476,1.03064,0.2585,False,False,True,False,False
SOL,10,contre RE-1 gelée,WFO-conjointe,RE-1 gelée,382,405,30,0.00958123,-0.358735,0.419245,-3.58026,-35.9653,28.8941,6.50518e-05,-0.158394,0.163966,-0.0457525,-0.115088,0.144924,0.5525,-0.110121,-1.72233,2.02894,0.5185,False,False,True,False,False
AVAX,5,contre RE-1 gelée,Contrôle,RE-1 gelée,354,329,24,-0.053361,-0.17204,0.0727431,-3.75373,-12.2229,4.73913,-0.0220177,-0.0725017,0.0312993,-0.0408684,-0.0908406,0.0458627,0.301,-0.140143,-0.878185,0.358756,0.2115,False,False,True,False,False
AVAX,5,contre RE-1 gelée,Statique-H,RE-1 gelée,360,329,24,-0.0310558,-0.199863,0.138424,-1.42013,-14.4879,11.37,-0.0113901,-0.0845519,0.0580519,-0.0126467,-0.0766965,0.0761154,0.456,-0.076666,-0.956601,0.675211,0.3725,False,False,True,False,False
AVAX,5,contre RE-1 gelée,WFO-H,RE-1 gelée,380,329,24,-0.105608,-0.332122,0.105741,-5.90067,-24.9587,11.7001,-0.0445686,-0.146281,0.0430225,-0.0126467,-0.111049,0.0700378,0.409,-0.267129,-1.61574,0.380108,0.176,False,False,True,False,False
AVAX,5,contre RE-1 gelée,Statique-R0,RE-1 gelée,354,329,24,-0.053361,-0.17204,0.0727431,-3.75373,-12.2229,4.73913,-0.0220177,-0.0725017,0.0312993,-0.0408684,-0.0908406,0.0458627,0.301,-0.140143,-0.878185,0.358756,0.2115,False,False,True,False,False
AVAX,5,contre RE-1 gelée,WFO-R0,RE-1 gelée,326,329,24,-0.363132,-0.755573,0.0264088,-22.3328,-53.0648,10.1933,-0.140855,-0.298931,0.00757353,-0.075477,-0.256641,0.0327209,0.06,-0.64373,-2.58298,0.0685248,0.043,False,False,True,False,False
AVAX,5,contre RE-1 gelée,Statique-frontière,RE-1 gelée,354,329,24,-0.152048,-0.293004,1.68019e-05,-12.2124,-23.3061,-0.534952,-0.064694,-0.126691,-0.0022478,-0.048003,-0.147856,0.0293739,0.135,-0.344313,-1.50763,0.0112901,0.029,False,False,True,False,False
AVAX,5,contre RE-1 gelée,WFO-frontière,RE-1 gelée,354,329,24,-0.0810782,-0.208521,0.0469452,-7.43941,-17.1998,2.0908,-0.0342211,-0.0868946,0.0213481,-0.048003,-0.101906,0.0398862,0.2435,-0.198897,-1.04769,0.19686,0.1185,False,False,True,False,False
AVAX,5,contre RE-1 gelée,Statique-conjointe,RE-1 gelée,354,329,24,-0.053361,-0.17204,0.0727431,-3.75373,-12.2229,4.73913,-0.0220177,-0.0725017,0.0312993,-0.0408684,-0.0908406,0.0458627,0.301,-0.140143,-0.878185,0.358756,0.2115,False,False,True,False,False
AVAX,5,contre RE-1 gelée,WFO-conjointe,RE-1 gelée,322,329,24,-0.31273,-0.745322,0.148124,-14.4167,-51.9272,24.9298,-0.121913,-0.295552,0.0539454,-0.0652091,-0.260335,0.049531,0.097,-0.582308,-2.53928,0.276268,0.0995,False,False,True,False,False
AVAX,5,contre le Contrôle,Statique-H,Contrôle,360,354,24,0.0223052,-0.0911974,0.126019,2.3336,-6.06963,10.6883,0.0106276,-0.0408563,0.0553048,0.0282216,-0.026323,0.0616205,0.7805,0.0634771,-0.374886,0.561999,0.681,False,False,True,False,False
AVAX,5,contre le Contrôle,WFO-H,Contrôle,380,354,24,-0.0522467,-0.269662,0.139394,-2.14694,-20.0399,13.6048,-0.022551,-0.124268,0.0572945,0.0282216,-0.0768699,0.0841536,0.587,-0.126985,-1.15922,0.462146,0.3165,False,False,True,False,False
AVAX,5,contre le Contrôle,Statique-R0,Contrôle,354,354,24,0,0,0,0,0,0,0,0,0,0,0,0,0,0,0,0,0,False,False,True,False,False
AVAX,5,contre le Contrôle,WFO-R0,Contrôle,326,354,24,-0.309772,-0.672054,0.063539,-18.5791,-48.3167,12.0273,-0.118838,-0.270902,0.0266606,-0.0346086,-0.231205,0.0387406,0.0925,-0.503587,-2.22236,0.0960742,0.0635,False,False,True,False,False
AVAX,5,contre le Contrôle,Statique-frontière,Contrôle,354,354,24,-0.098687,-0.190635,-0.0136503,-8.45864,-16.099,-0.997171,-0.0426763,-0.0865594,-0.00578056,-0.00713467,-0.0853402,0.00448752,0.0815,-0.20417,-0.942977,-0.011358,0.0145,False,False,True,False,False
AVAX,5,contre le Contrôle,WFO-frontière,Contrôle,354,354,24,-0.0277173,-0.0696697,0.00454087,-3.68569,-9.54634,0.610847,-0.0122035,-0.0323141,0.00209511,-0.00713467,-0.028873,0.00348238,0.148,-0.0587538,-0.348236,0.0112037,0.0565,False,False,True,False,False
AVAX,5,contre le Contrôle,Statique-conjointe,Contrôle,354,354,24,0,0,0,0,0,0,0,0,0,0,0,0,0,0,0,0,0,False,False,True,False,False
AVAX,5,contre le Contrôle,WFO-conjointe,Contrôle,322,354,24,-0.25937,-0.679547,0.180393,-10.663,-47.324,28.2622,-0.0998952,-0.273665,0.0704152,-0.0243407,-0.246192,0.0690544,0.149,-0.442165,-2.16277,0.35142,0.1385,False,False,True,False,False
AVAX,5,WFO contre Statique,WFO-H,Statique-H,380,360,24,-0.0745518,-0.280368,0.128968,-4.48054,-21.6815,12.2953,-0.0331785,-0.134828,0.0560239,0,-0.0950665,0.0674816,0.4225,-0.190462,-1.36733,0.475679,0.2555,False,False,True,False,False
AVAX,5,WFO contre Statique,WFO-R0,Statique-R0,326,354,24,-0.309772,-0.672054,0.063539,-18.5791,-48.3167,12.0273,-0.118838,-0.270902,0.0266606,-0.0346086,-0.231205,0.0387406,0.0925,-0.503587,-2.22236,0.0960742,0.0635,False,False,True,False,False
AVAX,5,WFO contre Statique,WFO-frontière,Statique-frontière,354,354,24,0.0709697,-0.00708495,0.161468,4.77296,-0.893617,11.532,0.0304729,-0.00282801,0.0734996,0,-0.00574392,0.0715653,0.831,0.145416,-0.0143445,0.712161,0.948,False,False,True,False,False
AVAX,5,WFO contre Statique,WFO-conjointe,Statique-conjointe,322,354,24,-0.25937,-0.679547,0.180393,-10.663,-47.324,28.2622,-0.0998952,-0.273665,0.0704152,-0.0243407,-0.246192,0.0690544,0.149,-0.442165,-2.16277,0.35142,0.1385,False,False,True,False,False
AVAX,5,conjointe contre meilleure 1D,Statique-conjointe,Statique-H,354,360,24,-0.0223052,-0.126019,0.0911974,-2.3336,-10.6883,6.06963,-0.0106276,-0.0553048,0.0408563,-0.0282216,-0.0616205,0.026323,0.2195,-0.0634771,-0.561999,0.374886,0.319,False,False,True,False,False
AVAX,5,conjointe contre meilleure 1D,WFO-conjointe,Statique-H,322,360,24,-0.281675,-0.699128,0.159515,-12.9966,-49.167,25.5465,-0.110523,-0.281421,0.0634518,-0.0525624,-0.256468,0.0566506,0.1125,-0.505642,-2.2865,0.357683,0.1225,False,False,True,False,False
AVAX,10,contre RE-1 gelée,Contrôle,RE-1 gelée,354,329,24,-0.0531883,-0.172137,0.0726204,-3.75373,-12.2229,4.73913,-0.0233225,-0.0725482,0.0284253,-0.0412525,-0.0941437,0.0447826,0.27,-0.10797,-0.74349,0.25663,0.1895,False,False,True,False,False
AVAX,10,contre RE-1 gelée,Statique-H,RE-1 gelée,360,329,24,-0.031015,-0.199904,0.139061,-1.42013,-14.4879,11.37,-0.0135177,-0.084853,0.0542326,-0.0138038,-0.082417,0.07429,0.425,-0.0723014,-0.826301,0.498666,0.3495,False,False,True,False,False
AVAX,10,contre RE-1 gelée,WFO-H,RE-1 gelée,380,329,24,-0.105869,-0.332495,0.106172,-5.90067,-24.9587,11.7001,-0.0474196,-0.147117,0.0377793,-0.0138038,-0.127968,0.0651114,0.3495,-0.255194,-1.45196,0.216739,0.142,False,False,True,False,False
AVAX,10,contre RE-1 gelée,Statique-R0,RE-1 gelée,354,329,24,-0.0531883,-0.172137,0.0726204,-3.75373,-12.2229,4.73913,-0.0233225,-0.0725482,0.0284253,-0.0412525,-0.0941437,0.0447826,0.27,-0.10797,-0.74349,0.25663,0.1895,False,False,True,False,False
AVAX,10,contre RE-1 gelée,WFO-R0,RE-1 gelée,326,329,24,-0.362593,-0.755408,0.0266334,-22.3328,-53.0648,10.1933,-0.13684,-0.289571,0.00637893,-0.0858673,-0.271681,0.0310851,0.0545,-0.528772,-2.14962,0.0530441,0.048,False,False,True,False,False
AVAX,10,contre RE-1 gelée,Statique-frontière,RE-1 gelée,354,329,24,-0.151875,-0.293076,-0.000231216,-12.2124,-23.3061,-0.534952,-0.0648211,-0.125337,-0.00402815,-0.0482949,-0.15449,0.0248195,0.109,-0.292996,-1.25848,-0.0031318,0.0225,False,False,True,False,False
AVAX,10,contre RE-1 gelée,WFO-frontière,RE-1 gelée,354,329,24,-0.0809055,-0.2078,0.0466351,-7.43941,-17.1998,2.0908,-0.0351885,-0.0863153,0.0186465,-0.0482949,-0.110141,0.0403109,0.2075,-0.158215,-0.870632,0.143277,0.095,False,False,True,False,False
AVAX,10,contre RE-1 gelée,Statique-conjointe,RE-1 gelée,354,329,24,-0.0531883,-0.172137,0.0726204,-3.75373,-12.2229,4.73913,-0.0233225,-0.0725482,0.0284253,-0.0412525,-0.0941437,0.0447826,0.27,-0.10797,-0.74349,0.25663,0.1895,False,False,True,False,False
AVAX,10,contre RE-1 gelée,WFO-conjointe,RE-1 gelée,322,329,24,-0.313171,-0.747079,0.148978,-14.4167,-51.9272,24.9298,-0.118448,-0.286282,0.0519643,-0.0698231,-0.274814,0.0479368,0.0955,-0.488281,-2.11318,0.214514,0.1025,False,False,True,False,False
XAU,4,contre RE-1 gelée,Contrôle,RE-1 gelée,1656,1637,174,-0.000404468,-0.0528766,0.0520737,0.218478,-0.723305,1.16099,0.00089415,-0.00863092,0.00994008,-0.00455569,-0.0704682,0.0551652,0.434,0.00312873,-0.0355713,0.0525354,0.603,False,False,True,False,False
XAU,4,contre RE-1 gelée,Statique-H,RE-1 gelée,1552,1637,174,-0.059698,-0.18691,0.0645815,-0.806378,-2.85118,1.10745,-0.00801114,-0.028587,0.0118392,-0.0172433,-0.198384,0.0590857,0.172,-0.0228142,-0.118814,0.0423904,0.244,False,False,True,False,False
XAU,4,contre RE-1 gelée,WFO-H,RE-1 gelée,1565,1637,174,-0.0644673,-0.19678,0.0731139,-0.978972,-3.11734,1.17474,-0.0111648,-0.0322455,0.0105671,-0.0664443,-0.227096,0.0499633,0.112,-0.0250622,-0.12873,0.0365553,0.178,False,False,True,False,False
XAU,4,contre RE-1 gelée,Statique-R0,RE-1 gelée,1656,1637,174,-0.000404468,-0.0528766,0.0520737,0.218478,-0.723305,1.16099,0.00089415,-0.00863092,0.00994008,-0.00455569,-0.0704682,0.0551652,0.434,0.00312873,-0.0355713,0.0525354,0.603,False,False,True,False,False
XAU,4,contre RE-1 gelée,WFO-R0,RE-1 gelée,1598,1637,174,-0.150603,-0.298495,-0.0165329,-1.66905,-3.76569,0.241529,-0.0192141,-0.0406889,0.000872654,-0.145881,-0.252454,0.0201684,0.0575,-0.0340855,-0.172046,0.00234579,0.0345,False,False,True,False,False
XAU,4,contre RE-1 gelée,Statique-frontière,RE-1 gelée,1656,1637,174,-0.000404468,-0.0528766,0.0520737,0.218478,-0.723305,1.16099,0.00089415,-0.00863092,0.00994008,-0.00455569,-0.0704682,0.0551652,0.434,0.00312873,-0.0355713,0.0525354,0.603,False,False,True,False,False
XAU,4,contre RE-1 gelée,WFO-frontière,RE-1 gelée,1656,1637,174,-0.00439572,-0.0641454,0.0509946,0.130162,-0.904804,1.16765,-0.000102322,-0.0107635,0.00993536,-0.00463521,-0.0808673,0.0543163,0.382,2.51365e-05,-0.0427438,0.0481727,0.5165,False,False,True,False,False
XAU,4,contre RE-1 gelée,Statique-conjointe,RE-1 gelée,1519,1637,174,-0.0387738,-0.184561,0.10673,-0.519065,-2.79897,1.73295,-0.00452715,-0.0284529,0.0180317,0.0159607,-0.189012,0.0841818,0.2695,-0.0163604,-0.113695,0.0771623,0.365,False,False,True,False,False
XAU,4,contre RE-1 gelée,WFO-conjointe,RE-1 gelée,1322,1637,174,-0.0216629,-0.334579,0.282064,-0.63311,-5.2113,3.72776,-0.00316359,-0.0463004,0.0377238,0.0719407,-0.274506,0.193948,0.387,-0.0199895,-0.190008,0.148729,0.446,False,False,True,False,False
XAU,4,contre le Contrôle,Statique-H,Contrôle,1552,1656,174,-0.0592935,-0.173949,0.0452729,-1.02486,-2.90798,0.698712,-0.00890529,-0.0276901,0.00833881,-0.0126876,-0.179141,0.049631,0.1815,-0.0259429,-0.126695,0.0287253,0.184,False,False,True,False,False
XAU,4,contre le Contrôle,WFO-H,Contrôle,1565,1656,174,-0.0640629,-0.180728,0.0566329,-1.19745,-3.05871,0.596242,-0.012059,-0.0311742,0.00624324,-0.0618886,-0.20717,0.0356334,0.098,-0.028191,-0.132339,0.0217943,0.1265,False,False,True,False,False
XAU,4,contre le Contrôle,Statique-R0,Contrôle,1656,1656,174,0,0,0,0,0,0,0,0,0,0,0,0,0,0,0,0,0,False,False,True,False,False
XAU,4,contre le Contrôle,WFO-R0,Contrôle,1598,1656,174,-0.150199,-0.294414,-0.0212586,-1.88752,-3.75554,-0.238399,-0.0201083,-0.0404306,-0.00156279,-0.141325,-0.244887,0.0187589,0.065,-0.0372142,-0.179151,-0.00230467,0.0155,False,False,True,False,False
XAU,4,contre le Contrôle,Statique-frontière,Contrôle,1656,1656,174,0,0,0,0,0,0,0,0,0,0,0,0,0,0,0,0,0,False,False,True,False,False
XAU,4,contre le Contrôle,WFO-frontière,Contrôle,1656,1656,174,-0.00399126,-0.0235303,0.0154145,-0.0883158,-0.382065,0.198137,-0.000996473,-0.00431957,0.00227895,-7.95185e-05,-0.030635,0.0176791,0.3575,-0.00310359,-0.0210858,0.010443,0.2875,False,False,True,False,False
XAU,4,contre le Contrôle,Statique-conjointe,Contrôle,1519,1656,174,-0.0383694,-0.173501,0.0909327,-0.737543,-2.8477,1.31252,-0.0054213,-0.0260201,0.0153183,0.0205164,-0.171399,0.0793903,0.2795,-0.0194892,-0.116619,0.0611121,0.33,False,False,True,False,False
XAU,4,contre le Contrôle,WFO-conjointe,Contrôle,1322,1656,174,-0.0212584,-0.336652,0.276207,-0.851588,-5.53393,3.3946,-0.00405774,-0.0471889,0.0357954,0.0764964,-0.270511,0.201585,0.4065,-0.0231182,-0.194499,0.143193,0.418,False,False,True,False,False
XAU,4,WFO contre Statique,WFO-H,Statique-H,1565,1552,174,-0.00476937,-0.111897,0.111205,-0.172593,-2.00498,1.76084,-0.00315366,-0.0210676,0.0161511,-0.049201,-0.14886,0.100563,0.3765,-0.00224804,-0.0706965,0.0523165,0.384,False,False,True,False,False
XAU,4,WFO contre Statique,WFO-R0,Statique-R0,1598,1656,174,-0.150199,-0.294414,-0.0212586,-1.88752,-3.75554,-0.238399,-0.0201083,-0.0404306,-0.00156279,-0.141325,-0.244887,0.0187589,0.065,-0.0372142,-0.179151,-0.00230467,0.0155,False,False,True,False,False
XAU,4,WFO contre Statique,WFO-frontière,Statique-frontière,1656,1656,174,-0.00399126,-0.0235303,0.0154145,-0.0883158,-0.382065,0.198137,-0.000996473,-0.00431957,0.00227895,-7.95185e-05,-0.030635,0.0176791,0.3575,-0.00310359,-0.0210858,0.010443,0.2875,False,False,True,False,False
XAU,4,WFO contre Statique,WFO-conjointe,Statique-conjointe,1322,1519,174,0.0171109,-0.271918,0.289074,-0.114045,-4.06572,3.68095,0.00136356,-0.0351416,0.0371242,0.0559801,-0.199346,0.216401,0.544,-0.00362907,-0.131438,0.132495,0.518,False,False,True,False,False
XAU,4,conjointe contre meilleure 1D,Statique-conjointe,Statique-R0,1519,1656,174,-0.0383694,-0.173501,0.0909327,-0.737543,-2.8477,1.31252,-0.0054213,-0.0260201,0.0153183,0.0205164,-0.171399,0.0793903,0.2795,-0.0194892,-0.116619,0.0611121,0.33,False,False,True,False,False
XAU,4,conjointe contre meilleure 1D,WFO-conjointe,Statique-R0,1322,1656,174,-0.0212584,-0.336652,0.276207,-0.851588,-5.53393,3.3946,-0.00405774,-0.0471889,0.0357954,0.0764964,-0.270511,0.201585,0.4065,-0.0231182,-0.194499,0.143193,0.418,False,False,True,False,False
XAU,6,contre RE-1 gelée,Contrôle,RE-1 gelée,1656,1637,174,-0.000447259,-0.0530904,0.0519088,0.218478,-0.723305,1.16099,0.000631477,-0.00878918,0.00948952,-0.00210967,-0.0660051,0.0641468,0.464,0.00177976,-0.0160642,0.0264474,0.604,False,False,True,False,False
XAU,6,contre RE-1 gelée,Statique-H,RE-1 gelée,1552,1637,174,-0.0596159,-0.186645,0.0649388,-0.806378,-2.85118,1.10745,-0.00670951,-0.0268631,0.0126039,-0.0468123,-0.184158,0.0754261,0.2155,-0.00737158,-0.0521485,0.0277801,0.3025,False,False,True,False,False
XAU,6,contre RE-1 gelée,WFO-H,RE-1 gelée,1565,1637,174,-0.0643301,-0.196713,0.0734863,-0.978972,-3.11734,1.17474,-0.00997335,-0.0307704,0.0112267,-0.0938937,-0.212735,0.0654461,0.144,-0.00685198,-0.0574181,0.0255457,0.225,False,False,True,False,False
XAU,6,contre RE-1 gelée,Statique-R0,RE-1 gelée,1656,1637,174,-0.000447259,-0.0530904,0.0519088,0.218478,-0.723305,1.16099,0.000631477,-0.00878918,0.00948952,-0.00210967,-0.0660051,0.0641468,0.464,0.00177976,-0.0160642,0.0264474,0.604,False,False,True,False,False
XAU,6,contre RE-1 gelée,WFO-R0,RE-1 gelée,1598,1637,174,-0.150502,-0.298168,-0.0169052,-1.66905,-3.76569,0.241529,-0.0182713,-0.0393606,0.001408,-0.129099,-0.258598,0.0144731,0.0445,-0.0169404,-0.0794873,0.0028222,0.044,False,False,True,False,False
XAU,6,contre RE-1 gelée,Statique-frontière,RE-1 gelée,1656,1637,174,-0.000447259,-0.0530904,0.0519088,0.218478,-0.723305,1.16099,0.000631477,-0.00878918,0.00948952,-0.00210967,-0.0660051,0.0641468,0.464,0.00177976,-0.0160642,0.0264474,0.604,False,False,True,False,False
XAU,6,contre RE-1 gelée,WFO-frontière,RE-1 gelée,1656,1637,174,-0.00443852,-0.064223,0.0513929,0.130162,-0.904804,1.16765,-0.000343036,-0.0107794,0.0095115,-0.00355498,-0.0772334,0.0614781,0.4055,-0.000233921,-0.0195614,0.0242925,0.526,False,False,True,False,False
XAU,6,contre RE-1 gelée,Statique-conjointe,RE-1 gelée,1519,1637,174,-0.0389525,-0.18454,0.106836,-0.519065,-2.79897,1.73295,-0.00286293,-0.026196,0.0193176,-0.0203762,-0.180617,0.111673,0.343,-0.00326883,-0.0454855,0.0499058,0.444,False,False,True,False,False
XAU,6,contre RE-1 gelée,WFO-conjointe,RE-1 gelée,1322,1637,174,-0.0229533,-0.3362,0.282029,-0.63311,-5.2113,3.72776,0.00103217,-0.0413878,0.0409623,0.0292543,-0.278286,0.234922,0.4835,-0.00235356,-0.0813784,0.0958818,0.5215,False,False,True,False,False
BTC brut,5,contre RE-1 gelée,Contrôle,RE-1 gelée,1909,2075,132,-0.0239414,-0.0929434,0.0488947,-1.73198,-6.31795,2.9478,-0.0187983,-0.0507093,0.0148205,0.00498135,-0.118916,0.0689017,0.3535,-0.0640099,-0.378241,0.128304,0.1905,False,False,True,False,False
BTC brut,5,contre RE-1 gelée,Statique-H,RE-1 gelée,1909,2075,132,-0.0239414,-0.0929434,0.0488947,-1.73198,-6.31795,2.9478,-0.0187983,-0.0507093,0.0148205,0.00498135,-0.118916,0.0689017,0.3535,-0.0640099,-0.378241,0.128304,0.1905,False,False,True,False,False
BTC brut,5,contre RE-1 gelée,WFO-H,RE-1 gelée,1847,2075,132,-0.19827,-0.323239,-0.0743811,-8.9773,-15.7947,-2.30968,-0.0922567,-0.145567,-0.0402203,-0.177767,-0.383909,0.00236907,0.0275,-0.334178,-0.845817,-0.108733,0,False,False,True,False,False
BTC brut,5,contre RE-1 gelée,Statique-R0,RE-1 gelée,1545,2075,132,-0.191576,-0.435303,0.0674598,-10.4832,-25.0389,4.49119,-0.0783682,-0.179954,0.0272185,-0.0930042,-0.331146,0.142301,0.2485,-0.297539,-0.978147,0.161746,0.0855,False,False,True,False,False
BTC brut,5,contre RE-1 gelée,WFO-R0,RE-1 gelée,1835,2075,132,0.0747798,-0.0658265,0.226868,1.91318,-7.74554,12.5179,0.0196931,-0.0460113,0.0905418,0.118094,-0.0973613,0.179241,0.6655,0.377402,-0.326955,0.72404,0.7225,False,False,True,False,False
BTC brut,5,contre RE-1 gelée,Statique-frontière,RE-1 gelée,1909,2075,132,-0.0239414,-0.0929434,0.0488947,-1.73198,-6.31795,2.9478,-0.0187983,-0.0507093,0.0148205,0.00498135,-0.118916,0.0689017,0.3535,-0.0640099,-0.378241,0.128304,0.1905,False,False,True,False,False
BTC brut,5,contre RE-1 gelée,WFO-frontière,RE-1 gelée,1909,2075,132,-0.0229954,-0.0928034,0.0497214,-1.4077,-6.00448,3.17827,-0.018346,-0.051236,0.0156916,0.00498135,-0.117095,0.0700916,0.371,-0.062323,-0.369717,0.134373,0.1995,False,False,True,False,False
BTC brut,5,contre RE-1 gelée,Statique-conjointe,RE-1 gelée,1422,2075,132,-0.111162,-0.388019,0.156968,-10.2601,-25.8263,5.13809,-0.0626295,-0.165403,0.037806,-0.126685,-0.35193,0.137365,0.224,-0.260785,-0.88316,0.209791,0.123,False,False,True,False,False
BTC brut,5,contre RE-1 gelée,WFO-conjointe,RE-1 gelée,1590,2075,132,-0.165523,-0.41128,0.0786898,-9.91311,-23.7152,3.28262,-0.0796633,-0.174729,0.0172175,-0.0641563,-0.394883,0.0965186,0.135,-0.298725,-0.902473,0.0839735,0.064,False,False,True,False,False
