actif,branche,k,oos_debut,R0,H,frontiere,repli,zone,n_zones,n_candidates,calmar_zone,leg_p50_R0_100,nis_p75_R0_100
BTC,H,0,2015-01-01,100,26,0.85,True,0,0,0,,2.47583,1.16706
BTC,H,1,2015-07-01,100,26,0.85,True,0,0,0,,2.51049,1.18492
BTC,H,2,2016-01-01,100,26,0.85,True,0,0,0,,2.48412,1.20944
BTC,H,3,2016-07-01,100,26,0.85,True,0,0,0,,2.46152,1.15055
BTC,H,4,2017-01-01,100,12,0.85,False,2,1,2,0.0354146,2.42519,1.11268
BTC,H,5,2017-07-01,100,12,0.85,False,3,1,3,0.119049,2.4535,1.17674
BTC,H,6,2018-01-01,100,50,0.85,False,10,3,19,0.257463,2.51717,1.22604
BTC,H,7,2018-07-01,100,32,0.85,False,28,1,28,1.25841,2.6586,1.26602
BTC,H,8,2019-01-01,100,32,0.85,False,28,1,28,1.53384,2.78565,1.23465
BTC,H,9,2019-07-01,100,18,0.85,False,12,2,21,0.91762,2.77353,1.12069
BTC,H,10,2020-01-01,100,46,0.85,False,5,4,15,0.247511,2.75825,1.00827
BTC,H,11,2020-07-01,100,44,0.85,False,6,3,16,0.15727,2.73183,1.00462
BTC,H,12,2021-01-01,100,18,0.85,False,13,2,18,0.428537,2.71608,1.06854
BTC,H,13,2021-07-01,100,32,0.85,False,28,1,28,0.654102,2.72854,1.2225
BTC,H,14,2022-01-01,100,24,0.85,False,17,2,20,0.711185,2.73938,1.28652
BTC,H,15,2022-07-01,100,28,0.85,False,13,4,19,0.454312,2.7697,1.31692
BTC,H,16,2023-01-01,100,28,0.85,False,3,2,4,0.328711,2.81812,1.27625
BTC,H,17,2023-07-01,100,28,0.85,False,16,3,19,0.590874,2.81572,1.13223
BTC,H,18,2024-01-01,100,36,0.85,False,24,1,24,0.665995,2.82966,1.12905
BTC,H,19,2024-07-01,100,34,0.85,False,26,1,26,0.695068,2.87292,1.05626
BTC,H,20,2025-01-01,100,38,0.85,False,23,1,23,0.946979,2.83511,1.14577
BTC,H,21,2025-07-01,100,38,0.85,False,23,1,23,0.565756,2.8753,1.19054
BTC,R0,0,2015-01-01,200,26,0.85,False,2,1,2,1.53925,2.47583,1.16706
BTC,R0,1,2015-07-01,200,26,0.85,False,2,1,2,1.52841,2.51049,1.18492
BTC,R0,2,2016-01-01,200,26,0.85,False,2,1,2,1.7348,2.48412,1.20944
BTC,R0,3,2016-07-01,200,26,0.85,False,2,1,2,1.15009,2.46152,1.15055
BTC,R0,4,2017-01-01,200,26,0.85,False,2,2,4,0.55276,2.42519,1.11268
BTC,R0,5,2017-07-01,50,26,0.85,False,2,2,4,0.443606,2.4535,1.17674
BTC,R0,6,2018-01-01,50,26,0.85,False,3,2,4,0.333333,2.51717,1.22604
BTC,R0,7,2018-07-01,100,26,0.85,False,2,2,3,2.23124,2.6586,1.26602
BTC,R0,8,2019-01-01,100,26,0.85,False,4,1,4,0.674981,2.78565,1.23465
BTC,R0,9,2019-07-01,100,26,0.85,False,5,1,5,0.37926,2.77353,1.12069
BTC,R0,10,2020-01-01,100,26,0.85,False,4,1,4,0.552202,2.75825,1.00827
BTC,R0,11,2020-07-01,100,26,0.85,False,2,2,3,1.33433,2.73183,1.00462
BTC,R0,12,2021-01-01,100,26,0.85,False,4,1,4,0.714427,2.71608,1.06854
BTC,R0,13,2021-07-01,100,26,0.85,False,4,1,4,0.758122,2.72854,1.2225
BTC,R0,14,2022-01-01,100,26,0.85,False,1,2,2,1.2878,2.73938,1.28652
BTC,R0,15,2022-07-01,100,26,0.85,False,1,3,3,0.717267,2.7697,1.31692
BTC,R0,16,2023-01-01,100,26,0.85,False,1,2,2,0.344603,2.81812,1.27625
BTC,R0,17,2023-07-01,100,26,0.85,False,1,2,2,1.30714,2.81572,1.13223
BTC,R0,18,2024-01-01,100,26,0.85,False,1,2,2,1.41332,2.82966,1.12905
BTC,R0,19,2024-07-01,100,26,0.85,False,1,1,1,1.50413,2.87292,1.05626
BTC,R0,20,2025-01-01,100,26,0.85,False,1,1,1,1.29923,2.83511,1.14577
BTC,R0,21,2025-07-01,100,26,0.85,False,1,1,1,0.947569,2.8753,1.19054
BTC,frontiere,0,2015-01-01,100,26,0.85,True,0,0,0,,2.47583,1.16706
BTC,frontiere,1,2015-07-01,100,26,0.85,True,0,0,0,,2.51049,1.18492
BTC,frontiere,2,2016-01-01,100,26,0.85,True,0,0,0,,2.48412,1.20944
BTC,frontiere,3,2016-07-01,100,26,0.85,True,0,0,0,,2.46152,1.15055
BTC,frontiere,4,2017-01-01,100,26,0.85,True,0,0,0,,2.42519,1.11268
BTC,frontiere,5,2017-07-01,100,26,0.85,True,0,0,0,,2.4535,1.17674
BTC,frontiere,6,2018-01-01,100,26,0.85,False,5,1,5,0.136664,2.51717,1.22604
BTC,frontiere,7,2018-07-01,100,26,0.85,False,5,1,5,1.99548,2.6586,1.26602
BTC,frontiere,8,2019-01-01,100,26,0.85,False,5,1,5,1.54648,2.78565,1.23465
BTC,frontiere,9,2019-07-01,100,26,0.85,False,5,1,5,0.334677,2.77353,1.12069
BTC,frontiere,10,2020-01-01,100,26,0.8,False,3,1,3,0.203403,2.75825,1.00827
BTC,frontiere,11,2020-07-01,100,26,0.85,False,4,1,4,0.158541,2.73183,1.00462
BTC,frontiere,12,2021-01-01,100,26,0.85,False,5,1,5,0.477069,2.71608,1.06854
BTC,frontiere,13,2021-07-01,100,26,0.85,False,5,1,5,1.37979,2.72854,1.2225
BTC,frontiere,14,2022-01-01,100,26,0.85,False,5,1,5,1.13619,2.73938,1.28652
BTC,frontiere,15,2022-07-01,100,26,0.85,False,5,1,5,0.605989,2.7697,1.31692
BTC,frontiere,16,2023-01-01,100,26,0.85,False,4,1,4,0.327692,2.81812,1.27625
BTC,frontiere,17,2023-07-01,100,26,0.85,False,5,1,5,1.13425,2.81572,1.13223
BTC,frontiere,18,2024-01-01,100,26,0.85,False,5,1,5,1.21855,2.82966,1.12905
BTC,frontiere,19,2024-07-01,100,26,0.85,False,5,1,5,1.318,2.87292,1.05626
BTC,frontiere,20,2025-01-01,100,26,0.85,False,5,1,5,1.09353,2.83511,1.14577
BTC,frontiere,21,2025-07-01,100,26,0.85,False,5,1,5,0.786685,2.8753,1.19054
BTC,conjointe,0,2015-01-01,200,36,0.85,False,250,1,250,1.06037,2.47583,1.16706
BTC,conjointe,1,2015-07-01,200,36,0.85,False,266,2,271,0.764384,2.51049,1.18492
BTC,conjointe,2,2016-01-01,500,36,0.85,False,248,2,253,1.06619,2.48412,1.20944
BTC,conjointe,3,2016-07-01,200,38,0.85,False,227,7,237,0.587819,2.46152,1.15055
BTC,conjointe,4,2017-01-01,10,38,0.85,False,217,5,395,0.328725,2.42519,1.11268
BTC,conjointe,5,2017-07-01,50,34,0.85,False,404,1,404,0.367481,2.4535,1.17674
BTC,conjointe,6,2018-01-01,50,34,0.85,False,514,1,514,0.603784,2.51717,1.22604
BTC,conjointe,7,2018-07-01,100,32,0.85,False,554,1,554,1.19983,2.6586,1.26602
BTC,conjointe,8,2019-01-01,100,32,0.85,False,559,1,559,0.842362,2.78565,1.23465
BTC,conjointe,9,2019-07-01,200,32,0.85,False,535,2,543,0.752813,2.77353,1.12069
BTC,conjointe,10,2020-01-01,100,30,0.8,False,392,1,392,0.68874,2.75825,1.00827
BTC,conjointe,11,2020-07-01,200,34,0.85,False,357,1,357,0.655073,2.73183,1.00462
BTC,conjointe,12,2021-01-01,50,32,0.85,False,470,1,470,0.606418,2.71608,1.06854
BTC,conjointe,13,2021-07-01,100,32,0.85,False,484,1,484,0.628075,2.72854,1.2225
BTC,conjointe,14,2022-01-01,100,34,0.85,False,441,1,441,0.428321,2.73938,1.28652
BTC,conjointe,15,2022-07-01,100,30,0.85,False,293,6,345,0.692154,2.7697,1.31692
BTC,conjointe,16,2023-01-01,500,38,0.8,False,107,6,200,0.263519,2.81812,1.27625
BTC,conjointe,17,2023-07-01,500,34,0.85,False,191,9,240,0.547047,2.81572,1.13223
BTC,conjointe,18,2024-01-01,100,36,0.85,False,116,7,256,0.60829,2.82966,1.12905
BTC,conjointe,19,2024-07-01,100,38,0.85,False,141,5,152,0.591234,2.87292,1.05626
BTC,conjointe,20,2025-01-01,100,42,0.85,False,151,3,164,0.684413,2.83511,1.14577
BTC,conjointe,21,2025-07-01,100,44,0.85,False,211,3,238,0.438847,2.8753,1.19054
SOL,H,0,2023-07-01,100,26,0.85,False,4,4,13,0.430108,2.81658,1.30244
SOL,H,1,2024-01-01,100,10,0.85,False,5,3,15,0.62137,2.83249,1.25988
SOL,H,2,2024-07-01,100,18,0.85,False,10,1,10,0.368208,2.82071,1.24448
SOL,H,3,2025-01-01,100,20,0.85,False,12,1,12,0.518601,2.85802,1.33402
SOL,H,4,2025-07-01,100,24,0.85,False,17,2,25,0.879082,2.87955,1.45664
SOL,R0,0,2023-07-01,100,26,0.85,False,2,2,3,0.258503,2.81658,1.30244
SOL,R0,1,2024-01-01,100,26,0.85,False,2,2,3,0.274021,2.83249,1.25988
SOL,R0,2,2024-07-01,100,26,0.85,False,2,1,2,0.125458,2.82071,1.24448
SOL,R0,3,2025-01-01,100,26,0.85,False,3,1,3,0.47913,2.85802,1.33402
SOL,R0,4,2025-07-01,100,26,0.85,False,4,1,4,1.08008,2.87955,1.45664
SOL,frontiere,0,2023-07-01,100,26,0.85,False,5,1,5,0.414146,2.81658,1.30244
SOL,frontiere,1,2024-01-01,100,26,0.85,False,5,1,5,0.275177,2.83249,1.25988
SOL,frontiere,2,2024-07-01,100,26,0.85,False,1,1,1,0.0875567,2.82071,1.24448
SOL,frontiere,3,2025-01-01,100,26,0.85,False,5,1,5,0.377609,2.85802,1.33402
SOL,frontiere,4,2025-07-01,100,26,0.85,False,5,1,5,0.708183,2.87955,1.45664
SOL,conjointe,0,2023-07-01,500,32,0.85,False,183,7,289,0.399137,2.81658,1.30244
SOL,conjointe,1,2024-01-01,500,30,0.85,False,300,4,364,0.499385,2.83249,1.25988
SOL,conjointe,2,2024-07-01,100,14,0.85,False,155,5,317,0.24899,2.82071,1.24448
SOL,conjointe,3,2025-01-01,100,26,0.85,False,371,2,374,0.56914,2.85802,1.33402
SOL,conjointe,4,2025-07-01,100,32,0.85,False,516,1,516,0.824663,2.87955,1.45664
AVAX,H,0,2024-01-01,100,24,0.85,False,5,1,5,0.155119,2.88671,1.37411
AVAX,H,1,2024-07-01,100,26,0.85,True,0,0,0,,2.87607,1.33726
AVAX,H,2,2025-01-01,100,10,0.85,False,2,2,4,0.17415,2.88608,1.33849
AVAX,H,3,2025-07-01,100,20,0.85,False,12,2,13,0.253114,2.90084,1.38435
AVAX,R0,0,2024-01-01,100,26,0.85,False,2,2,3,0.420445,2.88671,1.37411
AVAX,R0,1,2024-07-01,200,26,0.85,False,1,1,1,1.54667,2.87607,1.33726
AVAX,R0,2,2025-01-01,200,26,0.85,False,1,1,1,1.32848,2.88608,1.33849
AVAX,R0,3,2025-07-01,100,26,0.85,False,3,1,3,0.566829,2.90084,1.38435
AVAX,frontiere,0,2024-01-01,100,26,0.8,False,3,1,3,0.528132,2.88671,1.37411
AVAX,frontiere,1,2024-07-01,100,26,0.85,True,0,0,0,,2.87607,1.33726
AVAX,frontiere,2,2025-01-01,100,26,0.8,False,2,2,3,0.128354,2.88608,1.33849
AVAX,frontiere,3,2025-07-01,100,26,0.85,False,5,1,5,0.322522,2.90084,1.38435
AVAX,conjointe,0,2024-01-01,100,26,0.85,False,250,2,256,0.407702,2.88671,1.37411
AVAX,conjointe,1,2024-07-01,200,30,0.85,False,113,6,171,0.470706,2.87607,1.33726
AVAX,conjointe,2,2025-01-01,200,30,0.85,False,174,3,181,0.548197,2.88608,1.33849
AVAX,conjointe,3,2025-07-01,200,32,0.85,False,251,5,266,0.557083,2.90084,1.38435
XAU,H,0,2011-07-01,100,34,0.85,False,15,3,17,0.5876,2.83025,1.19674
XAU,H,1,2012-01-01,100,38,0.85,False,23,1,23,0.685003,2.85962,1.19674
XAU,H,2,2012-07-01,100,38,0.85,False,23,1,23,0.969449,2.8509,1.13375
XAU,H,3,2013-01-01,100,38,0.85,False,23,1,23,1.2896,2.83553,1.1279
XAU,H,4,2013-07-01,100,40,0.85,False,21,1,21,0.827133,2.86485,1.13151
XAU,H,5,2014-01-01,100,50,0.85,False,10,3,17,0.410557,2.87282,1.02993
XAU,H,6,2014-07-01,100,60,0.85,False,1,2,2,0.243481,2.86796,1.0484
XAU,H,7,2015-01-01,100,16,0.85,False,5,2,8,0.0452176,2.85909,1.06362
XAU,H,8,2015-07-01,100,16,0.85,False,6,4,13,0.22591,2.86029,1.02802
XAU,H,9,2016-01-01,100,24,0.85,False,14,3,19,0.327808,2.82007,1.09308
XAU,H,10,2016-07-01,100,30,0.85,False,22,2,25,0.575892,2.88419,1.09707
XAU,H,11,2017-01-01,100,38,0.85,False,7,3,10,0.238379,2.92891,1.12065
XAU,H,12,2017-07-01,100,38,0.85,False,7,1,7,0.281641,2.94739,1.18831
XAU,H,13,2018-01-01,100,26,0.85,True,0,0,0,,2.97109,1.18983
XAU,H,14,2018-07-01,100,26,0.85,True,0,0,0,,2.93613,1.20344
XAU,H,15,2019-01-01,100,26,0.85,True,0,0,0,,2.9502,1.21562
XAU,H,16,2019-07-01,100,26,0.85,True,0,0,0,,2.94148,1.1979
XAU,H,17,2020-01-01,100,26,0.85,True,0,0,0,,2.96954,1.1877
XAU,H,18,2020-07-01,100,26,0.85,True,0,0,0,,2.89656,1.14387
XAU,H,19,2021-01-01,100,26,0.85,True,0,0,0,,2.84827,1.11195
XAU,H,20,2021-07-01,100,26,0.85,True,0,0,0,,2.8368,1.12604
XAU,H,21,2022-01-01,100,22,0.85,False,3,2,4,0.552401,2.83548,1.12235
XAU,H,22,2022-07-01,100,20,0.85,False,1,1,1,0.221602,2.88243,1.18804
XAU,H,23,2023-01-01,100,26,0.85,False,6,3,11,0.368111,2.89581,1.18246
XAU,H,24,2023-07-01,100,36,0.85,False,24,1,24,0.779284,2.93776,1.17792
XAU,H,25,2024-01-01,100,38,0.85,False,8,3,19,0.356806,2.92705,1.18869
XAU,H,26,2024-07-01,100,58,0.85,False,2,1,2,0.218192,2.95099,1.1061
XAU,H,27,2025-01-01,100,58,0.85,False,1,2,2,0.210438,2.96982,1.09765
XAU,H,28,2025-07-01,100,26,0.85,True,0,0,0,,2.96292,1.24014
XAU,R0,0,2011-07-01,100,26,0.85,False,1,1,1,0.275132,2.83025,1.19674
XAU,R0,1,2012-01-01,100,26,0.85,False,1,1,1,0.530128,2.85962,1.19674
XAU,R0,2,2012-07-01,100,26,0.85,False,2,1,2,0.74954,2.8509,1.13375
XAU,R0,3,2013-01-01,100,26,0.85,False,1,1,1,1.21698,2.83553,1.1279
XAU,R0,4,2013-07-01,100,26,0.85,False,1,2,2,0.764962,2.86485,1.13151
XAU,R0,5,2014-01-01,100,26,0.85,False,1,1,1,0.55539,2.87282,1.02993
XAU,R0,6,2014-07-01,100,26,0.85,True,0,0,0,,2.86796,1.0484
XAU,R0,7,2015-01-01,500,26,0.85,False,1,2,2,0.210519,2.85909,1.06362
XAU,R0,8,2015-07-01,100,26,0.85,False,1,1,1,0.169623,2.86029,1.02802
XAU,R0,9,2016-01-01,100,26,0.85,False,1,2,2,0.475114,2.82007,1.09308
XAU,R0,10,2016-07-01,100,26,0.85,False,1,2,2,0.798271,2.88419,1.09707
XAU,R0,11,2017-01-01,500,26,0.85,False,1,1,1,0.145064,2.92891,1.12065
XAU,R0,12,2017-07-01,200,26,0.85,False,1,1,1,0.360429,2.94739,1.18831
XAU,R0,13,2018-01-01,100,26,0.85,True,0,0,0,,2.97109,1.18983
XAU,R0,14,2018-07-01,100,26,0.85,True,0,0,0,,2.93613,1.20344
XAU,R0,15,2019-01-01,100,26,0.85,True,0,0,0,,2.9502,1.21562
XAU,R0,16,2019-07-01,100,26,0.85,True,0,0,0,,2.94148,1.1979
XAU,R0,17,2020-01-01,100,26,0.85,True,0,0,0,,2.96954,1.1877
XAU,R0,18,2020-07-01,100,26,0.85,True,0,0,0,,2.89656,1.14387
XAU,R0,19,2021-01-01,500,26,0.85,False,1,1,1,0.307335,2.84827,1.11195
XAU,R0,20,2021-07-01,500,26,0.85,False,1,1,1,0.155721,2.8368,1.12604
XAU,R0,21,2022-01-01,100,26,0.85,True,0,0,0,,2.83548,1.12235
XAU,R0,22,2022-07-01,100,26,0.85,True,0,0,0,,2.88243,1.18804
XAU,R0,23,2023-01-01,100,26,0.85,False,2,1,2,0.157481,2.89581,1.18246
XAU,R0,24,2023-07-01,100,26,0.85,False,3,1,3,0.450228,2.93776,1.17792
XAU,R0,25,2024-01-01,100,26,0.85,False,3,1,3,0.476259,2.92705,1.18869
XAU,R0,26,2024-07-01,50,26,0.85,False,1,2,2,0.225241,2.95099,1.1061
XAU,R0,27,2025-01-01,100,26,0.85,True,0,0,0,,2.96982,1.09765
XAU,R0,28,2025-07-01,100,26,0.85,True,0,0,0,,2.96292,1.24014
XAU,frontiere,0,2011-07-01,100,26,0.85,False,2,1,2,0.18848,2.83025,1.19674
XAU,frontiere,1,2012-01-01,100,26,0.85,False,5,1,5,0.325031,2.85962,1.19674
XAU,frontiere,2,2012-07-01,100,26,0.85,False,5,1,5,1.00745,2.8509,1.13375
XAU,frontiere,3,2013-01-01,100,26,0.85,False,5,1,5,1.16376,2.83553,1.1279
XAU,frontiere,4,2013-07-01,100,26,0.85,False,5,1,5,0.700655,2.86485,1.13151
XAU,frontiere,5,2014-01-01,100,26,0.85,False,5,1,5,0.352147,2.87282,1.02993
XAU,frontiere,6,2014-07-01,100,26,0.85,True,0,0,0,,2.86796,1.0484
XAU,frontiere,7,2015-01-01,100,26,0.9,False,3,1,3,0.127742,2.85909,1.06362
XAU,frontiere,8,2015-07-01,100,26,0.9,False,3,1,3,0.118564,2.86029,1.02802
XAU,frontiere,9,2016-01-01,100,26,0.85,False,5,1,5,0.394563,2.82007,1.09308
XAU,frontiere,10,2016-07-01,100,26,0.85,False,5,1,5,0.730262,2.88419,1.09707
XAU,frontiere,11,2017-01-01,100,26,0.75,False,1,1,1,0.110663,2.92891,1.12065
XAU,frontiere,12,2017-07-01,100,26,0.85,True,0,0,0,,2.94739,1.18831
XAU,frontiere,13,2018-01-01,100,26,0.85,True,0,0,0,,2.97109,1.18983
XAU,frontiere,14,2018-07-01,100,26,0.85,True,0,0,0,,2.93613,1.20344
XAU,frontiere,15,2019-01-01,100,26,0.85,True,0,0,0,,2.9502,1.21562
XAU,frontiere,16,2019-07-01,100,26,0.85,True,0,0,0,,2.94148,1.1979
XAU,frontiere,17,2020-01-01,100,26,0.85,True,0,0,0,,2.96954,1.1877
XAU,frontiere,18,2020-07-01,100,26,0.85,True,0,0,0,,2.89656,1.14387
XAU,frontiere,19,2021-01-01,100,26,0.85,True,0,0,0,,2.84827,1.11195
XAU,frontiere,20,2021-07-01,100,26,0.85,True,0,0,0,,2.8368,1.12604
XAU,frontiere,21,2022-01-01,100,26,0.75,False,1,1,1,0.227736,2.83548,1.12235
XAU,frontiere,22,2022-07-01,100,26,0.85,True,0,0,0,,2.88243,1.18804
XAU,frontiere,23,2023-01-01,100,26,0.75,False,1,2,2,0.356087,2.89581,1.18246
XAU,frontiere,24,2023-07-01,100,26,0.85,False,5,1,5,0.462413,2.93776,1.17792
XAU,frontiere,25,2024-01-01,100,26,0.85,False,5,1,5,0.105063,2.92705,1.18869
XAU,frontiere,26,2024-07-01,100,26,0.85,True,0,0,0,,2.95099,1.1061
XAU,frontiere,27,2025-01-01,100,26,0.85,True,0,0,0,,2.96982,1.09765
XAU,frontiere,28,2025-07-01,100,26,0.85,True,0,0,0,,2.96292,1.24014
XAU,conjointe,0,2011-07-01,100,36,0.85,False,71,8,85,0.333682,2.83025,1.19674
XAU,conjointe,1,2012-01-01,200,36,0.85,False,277,4,281,0.471631,2.85962,1.19674
XAU,conjointe,2,2012-07-01,100,36,0.85,False,265,3,267,0.759448,2.8509,1.13375
XAU,conjointe,3,2013-01-01,100,32,0.85,False,185,5,199,1.08774,2.83553,1.1279
XAU,conjointe,4,2013-07-01,100,36,0.85,False,230,1,230,0.509498,2.86485,1.13151
XAU,conjointe,5,2014-01-01,100,52,0.85,False,42,8,87,0.2652,2.87282,1.02993
XAU,conjointe,6,2014-07-01,500,34,0.75,False,13,5,20,0.202653,2.86796,1.0484
XAU,conjointe,7,2015-01-01,500,44,0.85,False,103,5,129,0.248583,2.85909,1.06362
XAU,conjointe,8,2015-07-01,200,50,0.9,False,38,7,78,0.144519,2.86029,1.02802
XAU,conjointe,9,2016-01-01,500,44,0.85,False,159,4,248,0.310928,2.82007,1.09308
XAU,conjointe,10,2016-07-01,100,38,0.85,False,261,2,272,0.32587,2.88419,1.09707
XAU,conjointe,11,2017-01-01,100,40,0.85,False,56,8,103,0.192666,2.92891,1.12065
XAU,conjointe,12,2017-07-01,200,46,0.85,False,133,4,155,0.240991,2.94739,1.18831
XAU,conjointe,13,2018-01-01,50,42,0.8,False,6,4,17,0.124818,2.97109,1.18983
XAU,conjointe,14,2018-07-01,50,56,0.85,False,22,3,28,0.210406,2.93613,1.20344
XAU,conjointe,15,2019-01-01,100,48,0.9,False,1,1,1,0.0462588,2.9502,1.21562
XAU,conjointe,16,2019-07-01,50,42,0.9,False,8,2,10,0.134109,2.94148,1.1979
XAU,conjointe,17,2020-01-01,50,44,0.95,False,1,1,1,0.0438235,2.96954,1.1877
XAU,conjointe,18,2020-07-01,500,56,0.85,False,11,3,22,0.243825,2.89656,1.14387
XAU,conjointe,19,2021-01-01,200,46,0.85,False,109,9,161,0.402198,2.84827,1.11195
XAU,conjointe,20,2021-07-01,200,38,0.85,False,147,3,211,0.28677,2.8368,1.12604
XAU,conjointe,21,2022-01-01,200,36,0.9,False,27,10,92,0.118026,2.83548,1.12235
XAU,conjointe,22,2022-07-01,200,46,0.85,False,70,4,149,0.241371,2.88243,1.18804
XAU,conjointe,23,2023-01-01,50,38,0.85,False,114,5,130,0.231202,2.89581,1.18246
XAU,conjointe,24,2023-07-01,100,38,0.85,False,304,3,307,0.577277,2.93776,1.17792
XAU,conjointe,25,2024-01-01,100,40,0.85,False,308,4,316,0.677287,2.92705,1.18869
XAU,conjointe,26,2024-07-01,500,36,0.85,False,119,5,228,0.445514,2.95099,1.1061
XAU,conjointe,27,2025-01-01,500,46,0.85,False,46,10,74,0.283579,2.96982,1.09765
XAU,conjointe,28,2025-07-01,500,38,0.85,False,8,6,16,0.0793269,2.96292,1.24014
