variante,k,oos_debut,R0,H,repli,inertie,zone,n_zones,n_candidates,calmar_zone,calmar_choisi,calmar_re1,meilleur,calmar_meilleur
WFO-H (D02),0,2015-01-01,100,26,True,,0,0,0,,-0.32108,-0.32108,,
WFO-H (D02),1,2015-07-01,100,26,True,,0,0,0,,-0.443112,-0.443112,,
WFO-H (D02),2,2016-01-01,100,26,True,,0,0,0,,-0.491325,-0.491325,,
WFO-H (D02),3,2016-07-01,100,26,True,,0,0,0,,-0.480653,-0.480653,,
WFO-H (D02),4,2017-01-01,100,12,False,,2,1,2,0.0354146,0.0643625,-0.30383,12,0.0643625
WFO-H (D02),5,2017-07-01,100,12,False,,3,1,3,0.119049,0.168759,-0.154139,12,0.168759
WFO-H (D02),6,2018-01-01,100,50,False,,10,3,19,0.257463,0.345174,0.0221453,52,0.435014
WFO-H (D02),7,2018-07-01,100,32,False,,28,1,28,1.25841,0.417874,1.60001,14,2.96737
WFO-H (D02),8,2019-01-01,100,32,False,,28,1,28,1.53384,0.49794,1.57545,14,3.95869
WFO-H (D02),9,2019-07-01,100,18,False,,12,2,21,0.91762,0.983115,0.362279,10,1.88188
WFO-H (D02),10,2020-01-01,100,46,False,,5,4,15,0.247511,0.305004,0.127205,44,0.356073
WFO-H (D02),11,2020-07-01,100,44,False,,6,3,16,0.15727,0.295477,0.147468,44,0.295477
WFO-H (D02),12,2021-01-01,100,18,False,,13,2,18,0.428537,0.336046,0.499121,20,0.80212
WFO-H (D02),13,2021-07-01,100,32,False,,28,1,28,0.654102,1.05935,1.34365,24,1.43157
WFO-H (D02),14,2022-01-01,100,24,False,,17,2,20,0.711185,0.985128,1.2878,28,1.47026
WFO-H (D02),15,2022-07-01,100,28,False,,13,4,19,0.454312,0.695658,0.717267,32,0.852101
WFO-H (D02),16,2023-01-01,100,28,False,,3,2,4,0.328711,0.197758,0.344603,30,0.443772
WFO-H (D02),17,2023-07-01,100,28,False,,16,3,19,0.590874,0.823995,1.30714,26,1.30714
WFO-H (D02),18,2024-01-01,100,36,False,,24,1,24,0.665995,0.418948,1.41332,26,1.41332
WFO-H (D02),19,2024-07-01,100,34,False,,26,1,26,0.695068,0.620565,1.50413,24,1.73845
WFO-H (D02),20,2025-01-01,100,38,False,,23,1,23,0.946979,0.947246,1.29923,54,1.48144
WFO-H (D02),21,2025-07-01,100,38,False,,23,1,23,0.565756,0.467097,0.947569,26,0.947569
WFO-H_exit verrou 26,0,2015-01-01,100,26,True,,0,0,0,,-0.445203,-0.445203,,
WFO-H_exit verrou 26,1,2015-07-01,100,26,True,,0,0,0,,-0.456237,-0.456237,,
WFO-H_exit verrou 26,2,2016-01-01,100,26,True,,0,0,0,,-0.529676,-0.529676,,
WFO-H_exit verrou 26,3,2016-07-01,100,26,True,,0,0,0,,-0.49851,-0.49851,,
WFO-H_exit verrou 26,4,2017-01-01,100,26,True,,0,0,0,,-0.27847,-0.27847,10,-0.0287427
WFO-H_exit verrou 26,5,2017-07-01,100,48,False,,12,3,17,0.0825775,0.0616918,-0.0372774,52,0.207876
WFO-H_exit verrou 26,6,2018-01-01,100,34,False,,27,1,27,0.956391,0.68606,0.604588,52,1.6759
WFO-H_exit verrou 26,7,2018-07-01,100,32,False,,28,1,28,1.56046,1.09824,1.1101,14,2.55136
WFO-H_exit verrou 26,8,2019-01-01,100,34,False,,27,1,27,1.9024,0.654813,1.341,16,2.94674
WFO-H_exit verrou 26,9,2019-07-01,100,34,False,,26,1,26,0.571112,0.0925274,0.383914,16,1.59155
WFO-H_exit verrou 26,10,2020-01-01,100,36,False,,24,1,24,0.277793,0.190004,0.289706,42,0.695336
WFO-H_exit verrou 26,11,2020-07-01,100,36,False,,16,3,23,0.371831,0.392496,0.39027,42,0.700597
WFO-H_exit verrou 26,12,2021-01-01,100,28,False,,22,2,25,0.707283,1.08977,1.11033,26,1.11033
WFO-H_exit verrou 26,13,2021-07-01,100,26,False,,22,2,25,0.731298,1.01617,1.01617,36,1.13116
WFO-H_exit verrou 26,14,2022-01-01,100,26,False,,20,1,20,0.526304,0.85869,0.85869,26,0.85869
WFO-H_exit verrou 26,15,2022-07-01,100,34,False,,19,2,22,0.587464,0.861436,1.05904,30,1.09685
WFO-H_exit verrou 26,16,2023-01-01,100,34,False,,11,3,15,0.322019,0.350762,0.42692,30,0.549725
WFO-H_exit verrou 26,17,2023-07-01,100,38,False,,23,1,23,0.897975,1.1971,1.3092,30,1.88611
WFO-H_exit verrou 26,18,2024-01-01,100,36,False,,24,2,25,1.62176,1.31445,1.46331,40,2.60667
WFO-H_exit verrou 26,19,2024-07-01,100,34,False,,26,1,26,1.72164,1.95811,1.68224,40,2.96525
WFO-H_exit verrou 26,20,2025-01-01,100,34,False,,26,1,26,1.37716,1.5344,1.54817,22,2.05155
WFO-H_exit verrou 26,21,2025-07-01,100,34,False,,26,1,26,0.947454,0.975411,1.26281,22,1.88483
WFO-R0 (D02),0,2015-01-01,200,26,False,,2,1,2,1.53925,1.83027,-0.32108,200,1.83027
WFO-R0 (D02),1,2015-07-01,200,26,False,,2,1,2,1.52841,1.77189,-0.443112,200,1.77189
WFO-R0 (D02),2,2016-01-01,200,26,False,,2,1,2,1.7348,2.21171,-0.491325,200,2.21171
WFO-R0 (D02),3,2016-07-01,200,26,False,,2,1,2,1.15009,1.57858,-0.480653,200,1.57858
WFO-R0 (D02),4,2017-01-01,200,26,False,,2,2,4,0.55276,0.501585,-0.30383,500,0.603934
WFO-R0 (D02),5,2017-07-01,50,26,False,,2,2,4,0.443606,0.687471,-0.154139,50,0.687471
WFO-R0 (D02),6,2018-01-01,50,26,False,,3,2,4,0.333333,0.891516,0.0221453,500,1.75627
WFO-R0 (D02),7,2018-07-01,100,26,False,,2,2,3,2.23124,1.60001,1.60001,50,2.86248
WFO-R0 (D02),8,2019-01-01,100,26,False,,4,1,4,0.674981,1.57545,1.57545,100,1.57545
WFO-R0 (D02),9,2019-07-01,100,26,False,,5,1,5,0.37926,0.362279,0.362279,200,0.985339
WFO-R0 (D02),10,2020-01-01,100,26,False,,4,1,4,0.552202,0.127205,0.127205,200,1.62123
WFO-R0 (D02),11,2020-07-01,100,26,False,,2,2,3,1.33433,0.147468,0.147468,200,2.52119
WFO-R0 (D02),12,2021-01-01,100,26,False,,4,1,4,0.714427,0.499121,0.499121,200,1.33862
WFO-R0 (D02),13,2021-07-01,100,26,False,,4,1,4,0.758122,1.34365,1.34365,100,1.34365
WFO-R0 (D02),14,2022-01-01,100,26,False,,1,2,2,1.2878,1.2878,1.2878,100,1.2878
WFO-R0 (D02),15,2022-07-01,100,26,False,,1,3,3,0.717267,0.717267,0.717267,100,0.717267
WFO-R0 (D02),16,2023-01-01,100,26,False,,1,2,2,0.344603,0.344603,0.344603,100,0.344603
WFO-R0 (D02),17,2023-07-01,100,26,False,,1,2,2,1.30714,1.30714,1.30714,100,1.30714
WFO-R0 (D02),18,2024-01-01,100,26,False,,1,2,2,1.41332,1.41332,1.41332,100,1.41332
WFO-R0 (D02),19,2024-07-01,100,26,False,,1,1,1,1.50413,1.50413,1.50413,100,1.50413
WFO-R0 (D02),20,2025-01-01,100,26,False,,1,1,1,1.29923,1.29923,1.29923,100,1.29923
WFO-R0 (D02),21,2025-07-01,100,26,False,,1,1,1,0.947569,0.947569,0.947569,100,0.947569
WFO-R0 grille 5 inertie,0,2015-01-01,200,26,False,egalite,2,1,2,1.53925,1.83027,-0.32108,200,1.83027
WFO-R0 grille 5 inertie,1,2015-07-01,200,26,False,egalite,2,1,2,1.52841,1.77189,-0.443112,200,1.77189
WFO-R0 grille 5 inertie,2,2016-01-01,200,26,False,egalite,2,1,2,1.7348,2.21171,-0.491325,200,2.21171
WFO-R0 grille 5 inertie,3,2016-07-01,200,26,False,egalite,2,1,2,1.15009,1.57858,-0.480653,200,1.57858
WFO-R0 grille 5 inertie,4,2017-01-01,200,26,False,egalite,2,2,4,0.55276,0.501585,-0.30383,500,0.603934
WFO-R0 grille 5 inertie,5,2017-07-01,50,26,False,egalite,2,2,4,0.443606,0.687471,-0.154139,50,0.687471
WFO-R0 grille 5 inertie,6,2018-01-01,50,26,False,,3,2,4,0.333333,0.891516,0.0221453,500,1.75627
WFO-R0 grille 5 inertie,7,2018-07-01,50,26,False,egalite,2,2,3,2.23124,2.86248,1.60001,50,2.86248
WFO-R0 grille 5 inertie,8,2019-01-01,100,26,False,egalite,4,1,4,0.674981,1.57545,1.57545,100,1.57545
WFO-R0 grille 5 inertie,9,2019-07-01,100,26,False,,5,1,5,0.37926,0.362279,0.362279,200,0.985339
WFO-R0 grille 5 inertie,10,2020-01-01,100,26,False,egalite,4,1,4,0.552202,0.127205,0.127205,200,1.62123
WFO-R0 grille 5 inertie,11,2020-07-01,100,26,False,egalite,2,2,3,1.33433,0.147468,0.147468,200,2.52119
WFO-R0 grille 5 inertie,12,2021-01-01,100,26,False,egalite,4,1,4,0.714427,0.499121,0.499121,200,1.33862
WFO-R0 grille 5 inertie,13,2021-07-01,100,26,False,egalite,4,1,4,0.758122,1.34365,1.34365,100,1.34365
WFO-R0 grille 5 inertie,14,2022-01-01,100,26,False,,1,2,2,1.2878,1.2878,1.2878,100,1.2878
WFO-R0 grille 5 inertie,15,2022-07-01,100,26,False,,1,3,3,0.717267,0.717267,0.717267,100,0.717267
WFO-R0 grille 5 inertie,16,2023-01-01,100,26,False,,1,2,2,0.344603,0.344603,0.344603,100,0.344603
WFO-R0 grille 5 inertie,17,2023-07-01,100,26,False,,1,2,2,1.30714,1.30714,1.30714,100,1.30714
WFO-R0 grille 5 inertie,18,2024-01-01,100,26,False,,1,2,2,1.41332,1.41332,1.41332,100,1.41332
WFO-R0 grille 5 inertie,19,2024-07-01,100,26,False,,1,1,1,1.50413,1.50413,1.50413,100,1.50413
WFO-R0 grille 5 inertie,20,2025-01-01,100,26,False,,1,1,1,1.29923,1.29923,1.29923,100,1.29923
WFO-R0 grille 5 inertie,21,2025-07-01,100,26,False,,1,1,1,0.947569,0.947569,0.947569,100,0.947569
WFO-R0 grille 9,0,2015-01-01,200,26,False,,1,2,2,1.83027,1.83027,-0.32108,200,1.83027
WFO-R0 grille 9,1,2015-07-01,200,26,False,,1,2,2,1.77189,1.77189,-0.443112,200,1.77189
WFO-R0 grille 9,2,2016-01-01,200,26,False,,4,1,4,0.96647,2.21171,-0.491325,200,2.21171
WFO-R0 grille 9,3,2016-07-01,300,26,False,,3,1,3,0.808595,0.125601,-0.480653,200,1.57858
WFO-R0 grille 9,4,2017-01-01,300,26,False,,3,2,6,0.463742,0.285707,-0.30383,500,0.603934
WFO-R0 grille 9,5,2017-07-01,25,26,False,,3,2,6,0.52426,0.685569,-0.154139,50,0.687471
WFO-R0 grille 9,6,2018-01-01,25,26,False,,3,3,7,0.578414,0.757387,0.0221453,500,1.75627
WFO-R0 grille 9,7,2018-07-01,75,26,False,,5,2,7,1.0903,0.177293,1.60001,50,2.86248
WFO-R0 grille 9,8,2019-01-01,150,26,False,,7,1,7,0.685067,0.740813,1.57545,100,1.57545
WFO-R0 grille 9,9,2019-07-01,100,26,False,,5,3,7,0.772379,0.362279,0.362279,150,1.37466
WFO-R0 grille 9,10,2020-01-01,100,26,False,,5,2,6,0.958782,0.127205,0.127205,200,1.62123
WFO-R0 grille 9,11,2020-07-01,100,26,False,,4,2,5,1.32564,0.147468,0.147468,200,2.52119
WFO-R0 grille 9,12,2021-01-01,100,26,False,,5,2,6,0.925344,0.499121,0.499121,75,1.92308
WFO-R0 grille 9,13,2021-07-01,50,26,False,,5,2,6,0.956781,0.175874,1.34365,75,2.22708
WFO-R0 grille 9,14,2022-01-01,100,26,False,,2,3,4,0.651479,1.2878,1.2878,100,1.2878
WFO-R0 grille 9,15,2022-07-01,25,26,False,,2,3,4,0.475193,0.574044,0.717267,100,0.717267
WFO-R0 grille 9,16,2023-01-01,100,26,False,,2,2,3,0.30574,0.344603,0.344603,100,0.344603
WFO-R0 grille 9,17,2023-07-01,100,26,False,,2,2,3,1.26431,1.30714,1.30714,100,1.30714
WFO-R0 grille 9,18,2024-01-01,100,26,False,,2,2,4,1.24088,1.41332,1.41332,100,1.41332
WFO-R0 grille 9,19,2024-07-01,100,26,False,,2,1,2,0.912605,1.50413,1.50413,100,1.50413
WFO-R0 grille 9,20,2025-01-01,100,26,False,,2,2,3,0.816275,1.29923,1.29923,100,1.29923
WFO-R0 grille 9,21,2025-07-01,100,26,False,,2,1,2,0.530922,0.947569,0.947569,100,0.947569
WFO-R0 grille 9 inertie,0,2015-01-01,200,26,False,,1,2,2,1.83027,1.83027,-0.32108,200,1.83027
WFO-R0 grille 9 inertie,1,2015-07-01,200,26,False,,1,2,2,1.77189,1.77189,-0.443112,200,1.77189
WFO-R0 grille 9 inertie,2,2016-01-01,200,26,False,egalite,4,1,4,0.96647,2.21171,-0.491325,200,2.21171
WFO-R0 grille 9 inertie,3,2016-07-01,300,26,False,,3,1,3,0.808595,0.125601,-0.480653,200,1.57858
WFO-R0 grille 9 inertie,4,2017-01-01,300,26,False,,3,2,6,0.463742,0.285707,-0.30383,500,0.603934
WFO-R0 grille 9 inertie,5,2017-07-01,25,26,False,,3,2,6,0.52426,0.685569,-0.154139,50,0.687471
WFO-R0 grille 9 inertie,6,2018-01-01,25,26,False,,3,3,7,0.578414,0.757387,0.0221453,500,1.75627
WFO-R0 grille 9 inertie,7,2018-07-01,75,26,False,,5,2,7,1.0903,0.177293,1.60001,50,2.86248
WFO-R0 grille 9 inertie,8,2019-01-01,150,26,False,,7,1,7,0.685067,0.740813,1.57545,100,1.57545
WFO-R0 grille 9 inertie,9,2019-07-01,100,26,False,,5,3,7,0.772379,0.362279,0.362279,150,1.37466
WFO-R0 grille 9 inertie,10,2020-01-01,100,26,False,,5,2,6,0.958782,0.127205,0.127205,200,1.62123
WFO-R0 grille 9 inertie,11,2020-07-01,100,26,False,egalite,4,2,5,1.32564,0.147468,0.147468,200,2.52119
WFO-R0 grille 9 inertie,12,2021-01-01,100,26,False,,5,2,6,0.925344,0.499121,0.499121,75,1.92308
WFO-R0 grille 9 inertie,13,2021-07-01,50,26,False,,5,2,6,0.956781,0.175874,1.34365,75,2.22708
WFO-R0 grille 9 inertie,14,2022-01-01,75,26,False,egalite,2,3,4,0.651479,0.0151585,1.2878,100,1.2878
WFO-R0 grille 9 inertie,15,2022-07-01,25,26,False,egalite,2,3,4,0.475193,0.574044,0.717267,100,0.717267
WFO-R0 grille 9 inertie,16,2023-01-01,100,26,False,egalite,2,2,3,0.30574,0.344603,0.344603,100,0.344603
WFO-R0 grille 9 inertie,17,2023-07-01,100,26,False,egalite,2,2,3,1.26431,1.30714,1.30714,100,1.30714
WFO-R0 grille 9 inertie,18,2024-01-01,100,26,False,egalite,2,2,4,1.24088,1.41332,1.41332,100,1.41332
WFO-R0 grille 9 inertie,19,2024-07-01,100,26,False,egalite,2,1,2,0.912605,1.50413,1.50413,100,1.50413
WFO-R0 grille 9 inertie,20,2025-01-01,100,26,False,egalite,2,2,3,0.816275,1.29923,1.29923,100,1.29923
WFO-R0 grille 9 inertie,21,2025-07-01,100,26,False,egalite,2,1,2,0.530922,0.947569,0.947569,100,0.947569
