piste,filtre,lecture,annee,n_departs,part_ouverte,ecart_ouverte_toutes,suite_ecart
Référence,aucun,12 mois,2021,92,1,0,0
Référence,aucun,12 mois,2022,365,1,0,0
Référence,aucun,12 mois,2023,365,1,0,0
Référence,aucun,12 mois,2024,366,1,0,0
Référence,aucun,12 mois,2025,274,1,0,0
Référence,V · sortie de compression,12 mois,2021,92,0.369565,0.00369408,0.00996233
Référence,V · sortie de compression,12 mois,2022,365,0.230137,0.000140566,-0.00340361
Référence,V · sortie de compression,12 mois,2023,365,0.369863,0.0554679,0.00266297
Référence,V · sortie de compression,12 mois,2024,366,0.103825,0.0895144,-0.023065
Référence,V · sortie de compression,12 mois,2025,274,0.208029,-0.0142885,-0.0357956
Référence,T · tendance haussière,12 mois,2021,92,0.369565,0.0210219,0.0014678
Référence,T · tendance haussière,12 mois,2022,365,0.243836,-0.0333159,-0.0383274
Référence,T · tendance haussière,12 mois,2023,365,0.643836,0.0282926,-0.00475763
Référence,T · tendance haussière,12 mois,2024,366,0.592896,-0.00869946,-0.0112138
Référence,T · tendance haussière,12 mois,2025,274,0.551095,-0.00237035,-0.0980954
Référence,aucun,24 mois,2021,92,1,0,0
Référence,aucun,24 mois,2022,365,1,0,0
Référence,aucun,24 mois,2023,365,1,0,0
Référence,aucun,24 mois,2024,275,1,0,0
Référence,V · sortie de compression,24 mois,2021,92,0.369565,0.00369408,0.00483205
Référence,V · sortie de compression,24 mois,2022,365,0.230137,0.000140566,0.0301198
Référence,V · sortie de compression,24 mois,2023,365,0.369863,0.0548576,-0.00755621
Référence,V · sortie de compression,24 mois,2024,275,0.0690909,0.119683,0.000221328
Référence,T · tendance haussière,24 mois,2021,92,0.369565,0.0210219,-0.021728
Référence,T · tendance haussière,24 mois,2022,365,0.243836,-0.0333159,-0.0433136
Référence,T · tendance haussière,24 mois,2023,365,0.643836,0.0286302,-0.0154741
Référence,T · tendance haussière,24 mois,2024,275,0.505455,-0.0182876,-0.101567
Référence,aucun,"sans 2026, 12 mois",2021,92,1,0,0
Référence,aucun,"sans 2026, 12 mois",2022,365,1,0,0
Référence,aucun,"sans 2026, 12 mois",2023,365,1,0,0
Référence,aucun,"sans 2026, 12 mois",2024,366,1,0,0
Référence,aucun,"sans 2026, 12 mois",2025,1,1,0,0
Référence,V · sortie de compression,"sans 2026, 12 mois",2021,92,0.369565,0.00369408,0.00996233
Référence,V · sortie de compression,"sans 2026, 12 mois",2022,365,0.230137,0.000140566,-0.00340361
Référence,V · sortie de compression,"sans 2026, 12 mois",2023,365,0.369863,0.0554679,0.00266297
Référence,V · sortie de compression,"sans 2026, 12 mois",2024,366,0.103825,0.0895144,-0.023065
Référence,V · sortie de compression,"sans 2026, 12 mois",2025,1,0,,-0.185031
Référence,T · tendance haussière,"sans 2026, 12 mois",2021,92,0.369565,0.0210219,0.0014678
Référence,T · tendance haussière,"sans 2026, 12 mois",2022,365,0.243836,-0.0333159,-0.0383274
Référence,T · tendance haussière,"sans 2026, 12 mois",2023,365,0.643836,0.0282926,-0.00475763
Référence,T · tendance haussière,"sans 2026, 12 mois",2024,366,0.592896,-0.00869946,-0.0112138
Référence,T · tendance haussière,"sans 2026, 12 mois",2025,1,0,,0.0054
Piste 1,aucun,12 mois,2021,92,1,0,0
Piste 1,aucun,12 mois,2022,365,1,0,0
Piste 1,aucun,12 mois,2023,365,1,0,0
Piste 1,aucun,12 mois,2024,366,1,0,0
Piste 1,aucun,12 mois,2025,274,1,0,0
Piste 1,V · sortie de compression,12 mois,2021,92,0.369565,0.00471005,0.0113519
Piste 1,V · sortie de compression,12 mois,2022,365,0.230137,0.000803846,-0.00582297
Piste 1,V · sortie de compression,12 mois,2023,365,0.369863,0.0580868,0.00183879
Piste 1,V · sortie de compression,12 mois,2024,366,0.103825,0.101973,-0.0295221
Piste 1,V · sortie de compression,12 mois,2025,274,0.208029,-0.0166144,-0.0618834
Piste 1,T · tendance haussière,12 mois,2021,92,0.369565,0.0265621,0.00249192
Piste 1,T · tendance haussière,12 mois,2022,365,0.243836,-0.03723,-0.053024
Piste 1,T · tendance haussière,12 mois,2023,365,0.643836,0.0295837,-0.00470023
Piste 1,T · tendance haussière,12 mois,2024,366,0.592896,-0.0120094,-0.0133575
Piste 1,T · tendance haussière,12 mois,2025,274,0.551095,-0.00221345,-0.086549
Piste 1,aucun,24 mois,2021,92,1,0,0
Piste 1,aucun,24 mois,2022,365,1,0,0
Piste 1,aucun,24 mois,2023,365,1,0,0
Piste 1,aucun,24 mois,2024,275,1,0,0
Piste 1,V · sortie de compression,24 mois,2021,92,0.369565,0.00471005,0.0159299
Piste 1,V · sortie de compression,24 mois,2022,365,0.230137,0.000803846,-0.00334883
Piste 1,V · sortie de compression,24 mois,2023,365,0.369863,0.0574027,-0.0176721
Piste 1,V · sortie de compression,24 mois,2024,275,0.0690909,0.143726,-0.0415527
Piste 1,T · tendance haussière,24 mois,2021,92,0.369565,0.0265621,-0.0744139
Piste 1,T · tendance haussière,24 mois,2022,365,0.243836,-0.03723,-0.092958
Piste 1,T · tendance haussière,24 mois,2023,365,0.643836,0.0299621,-0.0172302
Piste 1,T · tendance haussière,24 mois,2024,275,0.505455,-0.021319,-0.073957
Piste 1,aucun,"sans 2026, 12 mois",2021,92,1,0,0
Piste 1,aucun,"sans 2026, 12 mois",2022,365,1,0,0
Piste 1,aucun,"sans 2026, 12 mois",2023,365,1,0,0
Piste 1,aucun,"sans 2026, 12 mois",2024,366,1,0,0
Piste 1,aucun,"sans 2026, 12 mois",2025,1,1,0,0
Piste 1,V · sortie de compression,"sans 2026, 12 mois",2021,92,0.369565,0.00471005,0.0113519
Piste 1,V · sortie de compression,"sans 2026, 12 mois",2022,365,0.230137,0.000803846,-0.00582297
Piste 1,V · sortie de compression,"sans 2026, 12 mois",2023,365,0.369863,0.0580868,0.00183879
Piste 1,V · sortie de compression,"sans 2026, 12 mois",2024,366,0.103825,0.101973,-0.0295221
Piste 1,V · sortie de compression,"sans 2026, 12 mois",2025,1,0,,-0.15575
Piste 1,T · tendance haussière,"sans 2026, 12 mois",2021,92,0.369565,0.0265621,0.00249192
Piste 1,T · tendance haussière,"sans 2026, 12 mois",2022,365,0.243836,-0.03723,-0.053024
Piste 1,T · tendance haussière,"sans 2026, 12 mois",2023,365,0.643836,0.0295837,-0.00470023
Piste 1,T · tendance haussière,"sans 2026, 12 mois",2024,366,0.592896,-0.0120094,-0.0133575
Piste 1,T · tendance haussière,"sans 2026, 12 mois",2025,1,0,,0.0054
Piste 2,aucun,12 mois,2021,92,1,0,0
Piste 2,aucun,12 mois,2022,365,1,0,0
Piste 2,aucun,12 mois,2023,365,1,0,0
Piste 2,aucun,12 mois,2024,366,1,0,0
Piste 2,aucun,12 mois,2025,274,1,0,0
Piste 2,V · sortie de compression,12 mois,2021,92,0.369565,-0.0207738,-0.00658871
Piste 2,V · sortie de compression,12 mois,2022,365,0.230137,-0.000856411,-0.00969459
Piste 2,V · sortie de compression,12 mois,2023,365,0.369863,0.0604881,0.00854558
Piste 2,V · sortie de compression,12 mois,2024,366,0.103825,0.0202634,-0.120059
Piste 2,V · sortie de compression,12 mois,2025,274,0.208029,-0.0149501,0.00677371
Piste 2,T · tendance haussière,12 mois,2021,92,0.369565,-0.0207738,0.00925847
Piste 2,T · tendance haussière,12 mois,2022,365,0.243836,-0.0357566,-0.0580708
Piste 2,T · tendance haussière,12 mois,2023,365,0.643836,0.0289472,-0.00250244
Piste 2,T · tendance haussière,12 mois,2024,366,0.592896,0.00291408,-0.00133228
Piste 2,T · tendance haussière,12 mois,2025,274,0.551095,0.000885936,-0.0319123
Piste 2,aucun,24 mois,2021,92,1,0,0
Piste 2,aucun,24 mois,2022,365,1,0,0
Piste 2,aucun,24 mois,2023,365,1,0,0
Piste 2,aucun,24 mois,2024,275,1,0,0
Piste 2,V · sortie de compression,24 mois,2021,92,0.369565,-0.0207738,-0.00588437
Piste 2,V · sortie de compression,24 mois,2022,365,0.230137,-0.000856411,0.00523308
Piste 2,V · sortie de compression,24 mois,2023,365,0.369863,0.0604881,-0.194757
Piste 2,V · sortie de compression,24 mois,2024,275,0.0690909,0.0387392,-0.118149
Piste 2,T · tendance haussière,24 mois,2021,92,0.369565,-0.0207738,-0.0395722
Piste 2,T · tendance haussière,24 mois,2022,365,0.243836,-0.0357566,-0.0616586
Piste 2,T · tendance haussière,24 mois,2023,365,0.643836,0.0289472,-0.00254683
Piste 2,T · tendance haussière,24 mois,2024,275,0.505455,-0.0149005,-0.0264096
Piste 2,aucun,"sans 2026, 12 mois",2021,92,1,0,0
Piste 2,aucun,"sans 2026, 12 mois",2022,365,1,0,0
Piste 2,aucun,"sans 2026, 12 mois",2023,365,1,0,0
Piste 2,aucun,"sans 2026, 12 mois",2024,366,1,0,0
Piste 2,aucun,"sans 2026, 12 mois",2025,1,1,0,0
Piste 2,V · sortie de compression,"sans 2026, 12 mois",2021,92,0.369565,-0.0207738,-0.00658871
Piste 2,V · sortie de compression,"sans 2026, 12 mois",2022,365,0.230137,-0.000856411,-0.00969459
Piste 2,V · sortie de compression,"sans 2026, 12 mois",2023,365,0.369863,0.0604881,0.00854558
Piste 2,V · sortie de compression,"sans 2026, 12 mois",2024,366,0.103825,0.0202634,-0.120059
Piste 2,V · sortie de compression,"sans 2026, 12 mois",2025,1,0,,-0.0586926
Piste 2,T · tendance haussière,"sans 2026, 12 mois",2021,92,0.369565,-0.0207738,0.00925847
Piste 2,T · tendance haussière,"sans 2026, 12 mois",2022,365,0.243836,-0.0357566,-0.0580708
Piste 2,T · tendance haussière,"sans 2026, 12 mois",2023,365,0.643836,0.0289472,-0.00250244
Piste 2,T · tendance haussière,"sans 2026, 12 mois",2024,366,0.592896,0.00291408,-0.00133228
Piste 2,T · tendance haussière,"sans 2026, 12 mois",2025,1,0,,0.0054
