longueur,histoire,jambes,challenge,p_reussite,jours_med
1,0,12,"0,20",0.321913,86.9583
1,0,12,"0,25",0.296703,54.0208
1,0,12,"0,30",0.286361,36.7292
1,1,12,"0,20",0.538462,64.4375
1,1,12,"0,25",0.517776,47.0417
1,1,12,"0,30",0.47576,37.8021
1,2,10,"0,20",0.31351,61.2083
1,2,10,"0,25",0.292178,44.5521
1,2,10,"0,30",0.27925,35.6979
1,3,11,"0,20",0.332902,59.1042
1,3,11,"0,25",0.350356,50.3229
1,3,11,"0,30",0.294764,37.1458
1,4,11,"0,20",0.294764,75.3438
1,4,11,"0,25",0.285714,50.8854
1,4,11,"0,30",0.215902,33.9792
1,5,12,"0,20",0.41435,58.5417
1,5,12,"0,25",0.350356,40.2917
1,5,12,"0,30",0.316742,31.5625
1,6,12,"0,20",0.323206,78.0208
1,6,12,"0,25",0.274079,51.9271
1,6,12,"0,30",0.299935,35.5729
1,7,10,"0,20",0.513251,64.5833
1,7,10,"0,25",0.429864,45.8542
1,7,10,"0,30",0.378798,35.9167
1,8,11,"0,20",0.505495,98.0521
1,8,11,"0,25",0.451842,69.4792
1,8,11,"0,30",0.33161,42.1042
1,9,11,"0,20",0.544926,65.7083
1,9,11,"0,25",0.454428,42.5833
1,9,11,"0,30",0.447317,32.6354
1,10,11,"0,20",0.463478,89.75
1,10,11,"0,25",0.453135,61.2083
1,10,11,"0,30",0.394958,43.7917
1,11,10,"0,20",0.334842,59.3542
1,11,10,"0,25",0.352941,37.1667
1,11,10,"0,30",0.365869,29.8542
1,12,11,"0,20",0.369101,61.9583
1,12,11,"0,25",0.328378,41.6354
1,12,11,"0,30",0.255333,28.4375
1,13,12,"0,20",0.38009,97.4375
1,13,12,"0,25",0.319328,67.625
1,13,12,"0,30",0.311571,50.1667
1,14,12,"0,20",0.190692,77.9792
1,14,12,"0,25",0.131222,40.1667
1,14,12,"0,30",0.173885,34.4375
1,15,12,"0,20",0.350356,68.6146
1,15,12,"0,25",0.335488,55.875
1,15,12,"0,30",0.287007,35.1875
1,16,11,"0,20",0.609567,62.7292
1,16,11,"0,25",0.587589,40.3333
1,16,11,"0,30",0.537815,31.6979
1,17,11,"0,20",0.39819,70.3854
1,17,11,"0,25",0.364577,38.4583
1,17,11,"0,30",0.335488,31.8125
1,18,11,"0,20",0.376858,64.1458
1,18,11,"0,25",0.338074,48.8958
1,18,11,"0,30",0.343891,37.9062
1,19,12,"0,20",0.575953,79.5208
1,19,12,"0,25",0.495798,50.4375
1,19,12,"0,30",0.480931,41.6146
1,20,12,"0,20",0.484163,71.7292
1,20,12,"0,25",0.398836,48.4375
1,20,12,"0,30",0.378151,39.125
1,21,12,"0,20",0.465417,62.1354
1,21,12,"0,25",0.451842,49.75
1,21,12,"0,30",0.442146,39.0938
1,22,11,"0,20",0.50097,58.2708
1,22,11,"0,25",0.447317,41.8646
1,22,11,"0,30",0.446025,34.1458
1,23,11,"0,20",0.43956,70.7083
1,23,11,"0,25",0.38203,54.875
1,23,11,"0,30",0.362637,42.3333
1,24,12,"0,20",0.277311,63.8333
1,24,12,"0,25",0.260504,37.8333
1,24,12,"0,30",0.268908,30.0417
1,25,9,"0,20",0.387847,66.7188
1,25,9,"0,25",0.39108,50.125
1,25,9,"0,30",0.38203,38.1875
1,26,12,"0,20",0.479638,75.7812
1,26,12,"0,25",0.461538,60.5
1,26,12,"0,30",0.36393,49.1042
1,27,9,"0,20",0.573368,85.875
1,27,9,"0,25",0.50097,55.9792
1,27,9,"0,30",0.400129,40.0625
1,28,11,"0,20",0.317388,59.1458
1,28,11,"0,25",0.363284,48.2188
1,28,11,"0,30",0.362637,37.7292
1,29,11,"0,20",0.30446,53.3542
1,29,11,"0,25",0.32256,37.6458
1,29,11,"0,30",0.345184,30.4583
1,30,12,"0,20",0.296057,53.7292
1,30,12,"0,25",0.314803,40.125
1,30,12,"0,30",0.314803,31.7917
1,31,10,"0,20",0.274725,61.9167
1,31,10,"0,25",0.234001,41.7188
1,31,10,"0,30",0.235941,33.2292
1,32,12,"0,20",0.417582,63.5625
1,32,12,"0,25",0.400776,52.0521
1,32,12,"0,30",0.37298,45.1458
1,33,11,"0,20",0.552036,72.7812
1,33,11,"0,25",0.506141,55.75
1,33,11,"0,30",0.468003,42.6562
1,34,11,"0,20",0.284421,57.2396
1,34,11,"0,25",0.249515,38.6458
1,34,11,"0,30",0.269554,34.2708
1,35,12,"0,20",0.22883,94.0625
1,35,12,"0,25",0.208145,54.9271
1,35,12,"0,30",0.167421,35.3542
1,36,12,"0,20",0.43956,69.1042
1,36,12,"0,25",0.45766,52.1771
1,36,12,"0,30",0.401422,38.9792
1,37,10,"0,20",0.321267,57.7083
1,37,10,"0,25",0.321913,43.125
1,37,10,"0,30",0.351002,36.75
1,38,12,"0,20",0.27925,70.6875
1,38,12,"0,25",0.35488,63.7708
1,38,12,"0,30",0.32256,45.7292
1,39,11,"0,20",0.383969,76.8854
1,39,11,"0,25",0.358759,54.0417
1,39,11,"0,30",0.280543,30.6875
1,40,12,"0,20",0.460246,105.844
1,40,12,"0,25",0.375566,63.4375
1,40,12,"0,30",0.305753,37.6458
1,41,9,"0,20",0.477052,71.3542
1,41,9,"0,25",0.436328,45.7083
1,41,9,"0,30",0.385908,36.6042
1,42,12,"0,20",0.497738,103.104
1,42,12,"0,25",0.477052,78.3333
1,42,12,"0,30",0.420814,54.0833
1,43,11,"0,20",0.360698,60.0208
1,43,11,"0,25",0.33161,48.3958
1,43,11,"0,30",0.281189,33.3958
1,44,11,"0,20",0.307692,79.625
1,44,11,"0,25",0.336781,50.125
1,44,11,"0,30",0.316096,37.875
1,45,11,"0,20",0.22883,68.1875
1,45,11,"0,25",0.303814,46.4896
1,45,11,"0,30",0.285068,37.3333
1,46,12,"0,20",0.447317,66.2292
1,46,12,"0,25",0.419522,50.6667
1,46,12,"0,30",0.387847,39.9271
1,47,12,"0,20",0.330963,64.8333
1,47,12,"0,25",0.31351,47.625
1,47,12,"0,30",0.325792,35.3854
1,48,10,"0,20",0.443439,54.0104
1,48,10,"0,25",0.427279,45.1667
1,48,10,"0,30",0.402069,35.6979
1,49,10,"0,20",0.394958,84.8333
1,49,10,"0,25",0.391726,63.4479
1,49,10,"0,30",0.325145,45.4167
1,50,11,"0,20",0.486749,72.6667
1,50,11,"0,25",0.427925,50.0521
1,50,11,"0,30",0.413704,39.2708
1,51,12,"0,20",0.138332,65.1771
1,51,12,"0,25",0.155139,49.5
1,51,12,"0,30",0.157078,30.0208
1,52,10,"0,20",0.383969,57.7396
1,52,10,"0,25",0.343891,42.6979
1,52,10,"0,30",0.336134,35.5
1,53,12,"0,20",0.418229,80.875
1,53,12,"0,25",0.334195,59.75
1,53,12,"0,30",0.394312,52.8438
1,54,11,"0,20",0.442146,71.4271
1,54,11,"0,25",0.38009,50.5208
1,54,11,"0,30",0.349063,37.9688
1,55,11,"0,20",0.284421,51.9271
1,55,11,"0,25",0.310278,43.8854
1,55,11,"0,30",0.280543,33.875
1,56,12,"0,20",0.299935,68.8438
1,56,12,"0,25",0.303167,54.3542
1,56,12,"0,30",0.320621,45.8229
1,57,12,"0,20",0.358112,73.3021
1,57,12,"0,25",0.314803,49.875
1,57,12,"0,30",0.294764,32.7292
1,58,12,"0,20",0.318681,62.7708
1,58,12,"0,25",0.303814,54.4792
1,58,12,"0,30",0.296057,46.8646
1,59,11,"0,20",0.609567,81.9167
1,59,11,"0,25",0.589528,68.1458
1,59,11,"0,30",0.588235,52.8125
1,60,11,"0,20",0.32256,71.625
1,60,11,"0,25",0.294118,46.8542
1,60,11,"0,30",0.335488,40.7708
1,61,12,"0,20",0.309632,61.875
1,61,12,"0,25",0.276665,44.8125
1,61,12,"0,30",0.301875,39.2292
1,62,12,"0,20",0.268908,117.042
1,62,12,"0,25",0.197802,73.5208
1,62,12,"0,30",0.158371,35.7917
1,63,12,"0,20",0.362637,71.3333
1,63,12,"0,25",0.351002,56
1,63,12,"0,30",0.296703,36.125
1,64,11,"0,20",0.321267,83.8125
1,64,11,"0,25",0.341306,57.3958
1,64,11,"0,30",0.230123,30.0938
1,65,11,"0,20",0.306399,75.75
1,65,11,"0,25",0.350356,47.2812
1,65,11,"0,30",0.335488,39.0417
1,66,12,"0,20",0.484163,75.4583
1,66,12,"0,25",0.454428,47.4792
1,66,12,"0,30",0.440853,38.1771
1,67,11,"0,20",0.460246,73.3646
1,67,11,"0,25",0.428571,56.4792
1,67,11,"0,30",0.405301,42.2083
1,68,12,"0,20",0.436975,74.9375
1,68,12,"0,25",0.451196,60.9688
1,68,12,"0,30",0.428571,40.6458
1,69,12,"0,20",0.348416,47.7083
1,69,12,"0,25",0.369748,37.5625
1,69,12,"0,30",0.360052,33.7083
1,70,11,"0,20",0.341306,59.6979
1,70,11,"0,25",0.308985,42.7812
1,70,11,"0,30",0.301228,31.2708
1,71,10,"0,20",0.117001,69.4375
1,71,10,"0,25",0.159664,48.7292
1,71,10,"0,30",0.197156,32.6458
1,72,12,"0,20",0.346477,70.4479
1,72,12,"0,25",0.394312,55.375
1,72,12,"0,30",0.39819,44.7188
1,73,11,"0,20",0.199095,54.6771
1,73,11,"0,25",0.204266,41.0417
1,73,11,"0,30",0.27925,38.9479
1,74,10,"0,20",0.335488,63.0417
1,74,10,"0,25",0.318035,51.2292
1,74,10,"0,30",0.255333,35.5833
1,75,10,"0,20",0.376212,64.1875
1,75,10,"0,25",0.399483,47.1146
1,75,10,"0,30",0.414997,40.7188
1,76,10,"0,20",0.468649,76.1458
1,76,10,"0,25",0.481577,60.7292
1,76,10,"0,30",0.446025,40.6667
1,77,9,"0,20",0.523594,59.4167
1,77,9,"0,25",0.489334,42.8333
1,77,9,"0,30",0.402069,34.7604
1,78,11,"0,20",0.447964,73.1875
1,78,11,"0,25",0.430511,52.7812
1,78,11,"0,30",0.384615,41.7708
1,79,12,"0,20",0.249515,74.7812
1,79,12,"0,25",0.290886,58.9688
1,79,12,"0,30",0.291532,46.1875
1,80,11,"0,20",0.30446,79.0833
1,80,11,"0,25",0.380737,66.7083
1,80,11,"0,30",0.334195,53.5625
1,81,12,"0,20",0.345831,80.9583
1,81,12,"0,25",0.338074,49.7083
1,81,12,"0,30",0.287007,32.7396
1,82,12,"0,20",0.230123,62.5833
1,82,12,"0,25",0.268261,50.7917
1,82,12,"0,30",0.302521,40.4062
1,83,12,"0,20",0.36393,68.875
1,83,12,"0,25",0.327731,45.7708
1,83,12,"0,30",0.302521,29.5938
1,84,11,"0,20",0.438914,66.7292
1,84,11,"0,25",0.374919,47.1042
1,84,11,"0,30",0.374919,37.2292
1,85,12,"0,20",0.537169,76.7917
1,85,12,"0,25",0.451196,58.7083
1,85,12,"0,30",0.404008,42.6875
1,86,11,"0,20",0.505495,53.0729
1,86,11,"0,25",0.488041,42.875
1,86,11,"0,30",0.459599,35.7083
1,87,10,"0,20",0.35488,54.1667
1,87,10,"0,25",0.345184,41.8125
1,87,10,"0,30",0.321913,34.1667
1,88,12,"0,20",0.326438,48.0208
1,88,12,"0,25",0.336781,40.2292
1,88,12,"0,30",0.343245,32.4167
1,89,12,"0,20",0.415643,84.75
1,89,12,"0,25",0.360052,59.7708
1,89,12,"0,30",0.327085,41.2917
1,90,10,"0,20",0.437621,68.8125
1,90,10,"0,25",0.410472,47.6458
1,90,10,"0,30",0.364577,36.9375
1,91,12,"0,20",0.526826,79.875
1,91,12,"0,25",0.50097,52.7292
1,91,12,"0,30",0.451842,38.8542
1,92,11,"0,20",0.263736,73.8542
1,92,11,"0,25",0.281836,52.3125
1,92,11,"0,30",0.266322,37.5104
1,93,11,"0,20",0.485456,59.6042
1,93,11,"0,25",0.450549,44.0417
1,93,11,"0,30",0.412411,35.1354
1,94,12,"0,20",0.223012,79.8542
1,94,12,"0,25",0.253394,58.6354
1,94,12,"0,30",0.256626,42.4375
1,95,12,"0,20",0.362637,61.125
1,95,12,"0,25",0.303167,47.125
1,95,12,"0,30",0.259858,29.9688
1,96,12,"0,20",0.400776,62.7188
1,96,12,"0,25",0.359405,44.1458
1,96,12,"0,30",0.349063,33.9688
1,97,11,"0,20",0.330963,65.0833
1,97,11,"0,25",0.305753,45.2083
1,97,11,"0,30",0.269554,32.125
1,98,12,"0,20",0.505495,90.6562
1,98,12,"0,25",0.390433,67.8958
1,98,12,"0,30",0.319328,46.8229
1,99,10,"0,20",0.543633,82.5208
1,99,10,"0,25",0.460246,46.6771
1,99,10,"0,30",0.413704,36.4062
1,100,12,"0,20",0.36393,60.1875
1,100,12,"0,25",0.366516,41.6875
1,100,12,"0,30",0.384615,33.0208
1,101,12,"0,20",0.519716,71.7396
1,101,12,"0,25",0.471881,52.6562
1,101,12,"0,30",0.471235,42.7708
1,102,10,"0,20",0.355527,50.0833
1,102,10,"0,25",0.353588,40.8542
1,102,10,"0,30",0.279897,28.4792
1,103,12,"0,20",0.356173,55.5
1,103,12,"0,25",0.316096,36.625
1,103,12,"0,30",0.31351,27.7083
1,104,10,"0,20",0.425339,78.7708
1,104,10,"0,25",0.378798,53.7917
1,104,10,"0,30",0.392372,41.7083
1,105,11,"0,20",0.16936,101.562
1,105,11,"0,25",0.200388,69.8125
1,105,11,"0,30",0.195217,45.875
1,106,12,"0,20",0.425986,72.1042
1,106,12,"0,25",0.413704,43.6979
1,106,12,"0,30",0.403361,38.7188
1,107,11,"0,20",0.188106,55.1042
1,107,11,"0,25",0.199095,39.1667
1,107,11,"0,30",0.219134,31.7917
1,108,12,"0,20",0.60181,72.5
1,108,12,"0,25",0.545572,50.6771
1,108,12,"0,30",0.515837,38.7604
1,109,11,"0,20",0.302521,79.4792
1,109,11,"0,25",0.283129,62.75
1,109,11,"0,30",0.27214,46.3333
1,110,12,"0,20",0.452489,68.8229
1,110,12,"0,25",0.427279,46.4583
1,110,12,"0,30",0.435682,40.2812
1,111,12,"0,20",0.306399,62.4375
1,111,12,"0,25",0.310278,57.7917
1,111,12,"0,30",0.217195,32.4479
1,112,11,"0,20",0.346477,45.7083
1,112,11,"0,25",0.316742,37.25
1,112,11,"0,30",0.314156,30.7708
1,113,11,"0,20",0.413058,74.6875
1,113,11,"0,25",0.37298,54.9375
1,113,11,"0,30",0.365869,47.9792
1,114,11,"0,20",0.532644,82
1,114,11,"0,25",0.486102,58.6667
1,114,11,"0,30",0.428571,44.8958
1,115,12,"0,20",0.341952,71.0625
1,115,12,"0,25",0.365869,58.4688
1,115,12,"0,30",0.36393,44.5625
1,116,12,"0,20",0.619263,74.4271
1,116,12,"0,25",0.545572,49.6875
1,116,12,"0,30",0.457014,39.4167
1,117,12,"0,20",0.246283,81.9375
1,117,12,"0,25",0.29541,60.5625
1,117,12,"0,30",0.276665,45.1354
1,118,12,"0,20",0.319328,106.229
1,118,12,"0,25",0.24499,52.6875
1,118,12,"0,30",0.265029,45.0625
1,119,12,"0,20",0.296057,63.6562
1,119,12,"0,25",0.340659,50.8125
1,119,12,"0,30",0.36393,41.6875
1,120,12,"0,20",0.284421,76.8958
1,120,12,"0,25",0.199741,41.0417
1,120,12,"0,30",0.204913,31.125
1,121,12,"0,20",0.616031,74.8958
1,121,12,"0,25",0.535229,60.2708
1,121,12,"0,30",0.425339,48.8646
1,122,10,"0,20",0.31351,52.6667
1,122,10,"0,25",0.277957,40.7188
1,122,10,"0,30",0.260504,34.7083
1,123,11,"0,20",0.483516,67.6667
1,123,11,"0,25",0.413058,45
1,123,11,"0,30",0.339367,31.3125
1,124,11,"0,20",0.404008,76.9167
1,124,11,"0,25",0.311571,42.0833
1,124,11,"0,30",0.281189,29.8542
1,125,12,"0,20",0.471881,82.8958
1,125,12,"0,25",0.429218,47.9062
1,125,12,"0,30",0.397544,34.8542
1,126,12,"0,20",0.36393,83.3125
1,126,12,"0,25",0.310278,41.5417
1,126,12,"0,30",0.303814,30.1979
1,127,12,"0,20",0.191984,90.6667
1,127,12,"0,25",0.223659,59.8958
1,127,12,"0,30",0.217195,35.8542
1,128,12,"0,20",0.248869,55.7917
1,128,12,"0,25",0.283129,51
1,128,12,"0,30",0.262443,33.3542
1,129,11,"0,20",0.062702,79.8542
1,129,11,"0,25",0.104719,47.0625
1,129,11,"0,30",0.129929,44.7083
1,130,10,"0,20",0.58565,97.4479
1,130,10,"0,25",0.427925,57.6458
1,130,10,"0,30",0.369748,39.25
1,131,12,"0,20",0.339367,69.75
1,131,12,"0,25",0.311571,47.4167
1,131,12,"0,30",0.301228,37.1875
1,132,11,"0,20",0.502262,57.8125
1,132,11,"0,25",0.444732,41.6458
1,132,11,"0,30",0.354234,28.7604
1,133,10,"0,20",0.39819,48.7708
1,133,10,"0,25",0.402069,37.8333
1,133,10,"0,30",0.386555,30.7083
1,134,11,"0,20",0.303814,62.6042
1,134,11,"0,25",0.287007,42.9792
1,134,11,"0,30",0.254686,30.7604
1,135,10,"0,20",0.272786,66.6458
1,135,10,"0,25",0.229476,38.625
1,135,10,"0,30",0.218487,29.7812
1,136,11,"0,20",0.435682,48.7917
1,136,11,"0,25",0.446025,38.3854
1,136,11,"0,30",0.429864,32.5833
1,137,12,"0,20",0.301228,55.7812
1,137,12,"0,25",0.280543,40.8646
1,137,12,"0,30",0.274079,34.7292
1,138,11,"0,20",0.312217,96.9792
1,138,11,"0,25",0.324499,72.7188
1,138,11,"0,30",0.296703,51.0833
1,139,12,"0,20",0.400129,47.2708
1,139,12,"0,25",0.4234,36.7708
1,139,12,"0,30",0.396897,28.3333
1,140,12,"0,20",0.110537,38.4583
1,140,12,"0,25",0.157725,37.2604
1,140,12,"0,30",0.151907,28.1042
1,141,9,"0,20",0.470588,74.6146
1,141,9,"0,25",0.409825,48.75
1,141,9,"0,30",0.357466,38.6875
1,142,12,"0,20",0.355527,65.375
1,142,12,"0,25",0.357466,48.0625
1,142,12,"0,30",0.269554,35.9792
1,143,11,"0,20",0.377505,93.0938
1,143,11,"0,25",0.279897,56.4375
1,143,11,"0,30",0.235294,34.6042
1,144,10,"0,20",0.545572,81.3958
1,144,10,"0,25",0.564318,62.75
1,144,10,"0,30",0.537169,43.4583
1,145,12,"0,20",0.657401,73.8125
1,145,12,"0,25",0.643827,61.3333
1,145,12,"0,30",0.589528,42.625
1,146,11,"0,20",0.492566,109.729
1,146,11,"0,25",0.456367,65.5729
1,146,11,"0,30",0.38203,47.7292
1,147,12,"0,20",0.509373,56
1,147,12,"0,25",0.433743,43
1,147,12,"0,30",0.426632,37.4792
1,148,12,"0,20",0.444732,58.7188
1,148,12,"0,25",0.360698,39.1562
1,148,12,"0,30",0.334195,31.7083
1,149,11,"0,20",0.453782,72.875
1,149,11,"0,25",0.408533,55.8229
1,149,11,"0,30",0.387201,44.3958
1,150,10,"0,20",0.252101,73.7292
1,150,10,"0,25",0.292178,65.3854
1,150,10,"0,30",0.287007,51.3438
1,151,11,"0,20",0.385262,63.9792
1,151,11,"0,25",0.383969,46.1771
1,151,11,"0,30",0.367162,38.6667
1,152,12,"0,20",0.320621,70.3646
1,152,12,"0,25",0.31351,57.9583
1,152,12,"0,30",0.264383,43.1875
1,153,10,"0,20",0.468003,63.4062
1,153,10,"0,25",0.455721,41.6458
1,153,10,"0,30",0.341306,30.6771
1,154,11,"0,20",0.535876,97.3542
1,154,11,"0,25",0.480931,62.9896
1,154,11,"0,30",0.348416,38.0833
1,155,11,"0,20",0.350356,66.8438
1,155,11,"0,25",0.352295,48.6458
1,155,11,"0,30",0.357466,34.0625
1,156,12,"0,20",0.410472,66.8542
1,156,12,"0,25",0.385908,46.9792
1,156,12,"0,30",0.375566,41.0833
1,157,11,"0,20",0.269554,86.4375
1,157,11,"0,25",0.314156,70.1875
1,157,11,"0,30",0.297996,45.5625
1,158,10,"0,20",0.325792,95.1146
1,158,10,"0,25",0.340013,67.5521
1,158,10,"0,30",0.281189,42.2708
1,159,12,"0,20",0.385262,71.8021
1,159,12,"0,25",0.360052,50.6667
1,159,12,"0,30",0.299289,37.8958
1,160,12,"0,20",0.29735,45.3854
1,160,12,"0,25",0.314803,38.7292
1,160,12,"0,30",0.336134,30.9583
1,161,11,"0,20",0.286361,59.3958
1,161,11,"0,25",0.239819,39.0208
1,161,11,"0,30",0.261151,34.7604
1,162,12,"0,20",0.521008,75.2708
1,162,12,"0,25",0.408533,46.2917
1,162,12,"0,30",0.342599,34.75
1,163,12,"0,20",0.455074,61.9583
1,163,12,"0,25",0.401422,47.6667
1,163,12,"0,30",0.36393,37.7708
1,164,10,"0,20",0.398836,59.6875
1,164,10,"0,25",0.425339,44.25
1,164,10,"0,30",0.422107,36.1458
1,165,11,"0,20",0.509373,64.75
1,165,11,"0,25",0.41629,42.7917
1,165,11,"0,30",0.363284,29.875
1,166,11,"0,20",0.478345,88.4271
1,166,11,"0,25",0.371041,59.9792
1,166,11,"0,30",0.361991,43.7917
1,167,10,"0,20",0.271493,69.5
1,167,10,"0,25",0.242405,33.8542
1,167,10,"0,30",0.233355,27.25
1,168,12,"0,20",0.637363,63.4479
1,168,12,"0,25",0.615385,45.5625
1,168,12,"0,30",0.59276,38.4167
1,169,12,"0,20",0.358759,89.3333
1,169,12,"0,25",0.308339,51.5625
1,169,12,"0,30",0.301228,42.7812
1,170,12,"0,20",0.497091,65.5417
1,170,12,"0,25",0.486102,44.1667
1,170,12,"0,30",0.433743,34.25
1,171,9,"0,20",0.66839,63.8958
1,171,9,"0,25",0.655462,49.375
1,171,9,"0,30",0.572075,37
1,172,12,"0,20",0.452489,77.7604
1,172,12,"0,25",0.426632,61.7812
1,172,12,"0,30",0.345184,41.1771
1,173,11,"0,20",0.518423,73.2188
1,173,11,"0,25",0.479638,56.4792
1,173,11,"0,30",0.457014,40.1875
1,174,11,"0,20",0.377505,55.3021
1,174,11,"0,25",0.367809,45.6667
1,174,11,"0,30",0.338074,37.6458
1,175,12,"0,20",0.440853,87.9896
1,175,12,"0,25",0.393019,55.5729
1,175,12,"0,30",0.374273,38.7708
1,176,12,"0,20",0.418229,68.0208
1,176,12,"0,25",0.396251,52.7708
1,176,12,"0,30",0.351648,42.1667
1,177,11,"0,20",0.312217,50.9792
1,177,11,"0,25",0.330317,38.7292
1,177,11,"0,30",0.323206,32.3854
1,178,11,"0,20",0.562379,59.0104
1,178,11,"0,25",0.534583,45.3333
1,178,11,"0,30",0.473174,35.0938
1,179,12,"0,20",0.680672,68.875
1,179,12,"0,25",0.5766,51.5208
1,179,12,"0,30",0.507434,35.3125
1,180,11,"0,20",0.410472,58.7708
1,180,11,"0,25",0.410472,50.625
1,180,11,"0,30",0.403361,43.6042
1,181,10,"0,20",0.422754,58.125
1,181,10,"0,25",0.404654,48.0833
1,181,10,"0,30",0.39819,37.625
1,182,11,"0,20",0.324499,78.9271
1,182,11,"0,25",0.380737,56.9583
1,182,11,"0,30",0.334842,44.7604
1,183,10,"0,20",0.678087,69.9792
1,183,10,"0,25",0.63607,54.8021
1,183,10,"0,30",0.597285,42.4062
1,184,11,"0,20",0.464771,57.25
1,184,11,"0,25",0.41629,41.3646
1,184,11,"0,30",0.366516,28.7708
1,185,10,"0,20",0.340659,62.7708
1,185,10,"0,25",0.323853,50.4375
1,185,10,"0,30",0.325792,38.8958
1,186,11,"0,20",0.21073,79.2917
1,186,11,"0,25",0.255333,61.6042
1,186,11,"0,30",0.232708,38.9062
1,187,10,"0,20",0.335488,73.1458
1,187,10,"0,25",0.352295,52.3958
1,187,10,"0,30",0.36393,42.0625
1,188,12,"0,20",0.27925,67.4479
1,188,12,"0,25",0.27214,48.9792
1,188,12,"0,30",0.238526,31.5417
1,189,10,"0,20",0.472527,108.875
1,189,10,"0,25",0.372334,72.7604
1,189,10,"0,30",0.359405,54.125
1,190,11,"0,20",0.425339,93.9479
1,190,11,"0,25",0.35682,56.0625
1,190,11,"0,30",0.32967,42.3646
1,191,11,"0,20",0.605042,89.1042
1,191,11,"0,25",0.58565,66.375
1,191,11,"0,30",0.477699,46.0208
1,192,12,"0,20",0.575953,84.3958
1,192,12,"0,25",0.489981,53.6354
1,192,12,"0,30",0.444732,43.4167
1,193,11,"0,20",0.431157,78.75
1,193,11,"0,25",0.392372,53.7292
1,193,11,"0,30",0.427925,45.1354
1,194,12,"0,20",0.4234,56.8125
1,194,12,"0,25",0.383323,40.6042
1,194,12,"0,30",0.335488,29.375
1,195,11,"0,20",0.590175,88.5417
1,195,11,"0,25",0.478345,57.6667
1,195,11,"0,30",0.404654,42.7396
1,196,11,"0,20",0.58371,83.7083
1,196,11,"0,25",0.50808,56.7396
1,196,11,"0,30",0.379444,36.1875
1,197,12,"0,20",0.438268,100.354
1,197,12,"0,25",0.353588,58.125
1,197,12,"0,30",0.2883,42.1354
1,198,11,"0,20",0.314156,71.8438
1,198,11,"0,25",0.292825,49.1875
1,198,11,"0,30",0.213316,31.2604
1,199,12,"0,20",0.307046,68.75
1,199,12,"0,25",0.290886,50.7292
1,199,12,"0,30",0.255979,39.375
4,0,10,"0,20",0.49192,75.75
4,0,10,"0,25",0.474467,60.2917
4,0,10,"0,30",0.369748,38.8958
4,1,8,"0,20",0.453135,56.7083
4,1,8,"0,25",0.495798,47.6875
4,1,8,"0,30",0.474467,39.1979
4,2,8,"0,20",0.422754,54.7708
4,2,8,"0,25",0.442146,46.0625
4,2,8,"0,30",0.420814,36.9792
4,3,7,"0,20",0.274079,56.4896
4,3,7,"0,25",0.274725,44.7917
4,3,7,"0,30",0.256626,36.1875
4,4,10,"0,20",0.572721,65.9792
4,4,10,"0,25",0.449257,48.1667
4,4,10,"0,30",0.355527,32.7396
4,5,10,"0,20",0.258565,73.7396
4,5,10,"0,25",0.35488,44.2708
4,5,10,"0,30",0.409179,36.9792
4,6,8,"0,20",0.616031,73.6458
4,6,8,"0,25",0.535229,57
4,6,8,"0,30",0.482224,47.5938
4,7,11,"0,20",0.530705,99.4167
4,7,11,"0,25",0.489981,78.7604
4,7,11,"0,30",0.371687,46.7708
4,8,8,"0,20",0.442146,61.8958
4,8,8,"0,25",0.465417,43.4583
4,8,8,"0,30",0.530705,38.0208
4,9,9,"0,20",0.411118,62.6771
4,9,9,"0,25",0.444732,47.3854
4,9,9,"0,30",0.370394,36.2083
4,10,9,"0,20",0.176471,78.7083
4,10,9,"0,25",0.127343,44.2292
4,10,9,"0,30",0.155785,34.8542
4,11,9,"0,20",0.260504,57.6875
4,11,9,"0,25",0.242405,41.1042
4,11,9,"0,30",0.268261,31.9583
4,12,9,"0,20",0.342599,84.5833
4,12,9,"0,25",0.34777,53.9792
4,12,9,"0,30",0.261151,31.9479
4,13,8,"0,20",0.325145,84.7292
4,13,8,"0,25",0.327085,57.9271
4,13,8,"0,30",0.373626,39.4479
4,14,9,"0,20",0.547511,75.8333
4,14,9,"0,25",0.486102,52.0729
4,14,9,"0,30",0.434389,33.6771
4,15,7,"0,20",0.481577,83.1875
4,15,7,"0,25",0.431157,62.8958
4,15,7,"0,30",0.357466,39.4792
4,16,11,"0,20",0.259211,65.9167
4,16,11,"0,25",0.27925,51.9792
4,16,11,"0,30",0.243051,39.3333
4,17,9,"0,20",0.283129,73.1354
4,17,9,"0,25",0.302521,55.8854
4,17,9,"0,30",0.270847,40.875
4,18,8,"0,20",0.422107,106.958
4,18,8,"0,25",0.395604,62.4479
4,18,8,"0,30",0.383969,48.6875
4,19,9,"0,20",0.329024,91.8333
4,19,9,"0,25",0.266968,54.375
4,19,9,"0,30",0.20362,34.2083
4,20,8,"0,20",0.268908,70.6458
4,20,8,"0,25",0.290886,44.5938
4,20,8,"0,30",0.324499,37.0104
4,21,9,"0,20",0.29541,72.6667
4,21,9,"0,25",0.334842,52.8229
4,21,9,"0,30",0.299935,36.2812
4,22,7,"0,20",0.102133,49.8646
4,22,7,"0,25",0.146089,45.0104
4,22,7,"0,30",0.147382,31.8958
4,23,9,"0,20",0.283129,75.9167
4,23,9,"0,25",0.326438,40.7083
4,23,9,"0,30",0.321267,32.0625
4,24,6,"0,20",0.561732,83.7917
4,24,6,"0,25",0.498384,68.4375
4,24,6,"0,30",0.421461,44.9062
4,25,8,"0,20",0.417582,93.8438
4,25,8,"0,25",0.364577,65.9896
4,25,8,"0,30",0.33161,52.1458
4,26,9,"0,20",0.352295,70.7292
4,26,9,"0,25",0.374919,47.3021
4,26,9,"0,30",0.338074,35.5
4,27,8,"0,20",0.583064,69.0312
4,27,8,"0,25",0.525533,44.8958
4,27,8,"0,30",0.455074,35.0312
4,28,9,"0,20",0.537815,64.8333
4,28,9,"0,25",0.54234,48.2292
4,28,9,"0,30",0.520362,40.6667
4,29,9,"0,20",0.464124,56.0938
4,29,9,"0,25",0.449903,41.5104
4,29,9,"0,30",0.410472,32.4583
4,30,11,"0,20",0.0588235,87.5625
4,30,11,"0,25",0.0497738,49.75
4,30,11,"0,30",0.0549451,32.75
4,31,9,"0,20",0.544926,82.5833
4,31,9,"0,25",0.511312,52.1875
4,31,9,"0,30",0.453782,35.4479
4,32,9,"0,20",0.418875,74.5417
4,32,9,"0,25",0.32967,47.9167
4,32,9,"0,30",0.305107,33.1458
4,33,10,"0,20",0.406593,68.75
4,33,10,"0,25",0.38203,44.6667
4,33,10,"0,30",0.329024,34.375
4,34,8,"0,20",0.263736,74.3333
4,34,8,"0,25",0.289593,55.5729
4,34,8,"0,30",0.305107,43.6562
4,35,8,"0,20",0.416936,77.75
4,35,8,"0,25",0.345184,48.7604
4,35,8,"0,30",0.318035,36.2292
4,36,8,"0,20",0.292178,65.8333
4,36,8,"0,25",0.242405,51.7708
4,36,8,"0,30",0.224952,35.6667
4,37,7,"0,20",0.451196,85.1146
4,37,7,"0,25",0.4234,57.7083
4,37,7,"0,30",0.398836,45.75
4,38,9,"0,20",0.186167,55.4688
4,38,9,"0,25",0.166774,32.5625
4,38,9,"0,30",0.206852,29.5208
4,39,9,"0,20",0.352941,61.9896
4,39,9,"0,25",0.350356,47.1146
4,39,9,"0,30",0.357466,38.1042
4,40,8,"0,20",0.301875,53.9167
4,40,8,"0,25",0.314156,45.2812
4,40,8,"0,30",0.308985,39.4375
4,41,11,"0,20",0.536522,68.625
4,41,11,"0,25",0.502909,54.7188
4,41,11,"0,30",0.384615,36.9583
4,42,8,"0,20",0.408533,83.2604
4,42,8,"0,25",0.415643,64.4167
4,42,8,"0,30",0.412411,48.5104
4,43,9,"0,20",0.426632,68.7396
4,43,9,"0,25",0.409179,55.5833
4,43,9,"0,30",0.385262,44.2917
4,44,9,"0,20",0.403361,73.9792
4,44,9,"0,25",0.386555,45.0208
4,44,9,"0,30",0.310924,30.7292
4,45,8,"0,20",0.235294,52.6458
4,45,8,"0,25",0.259858,41.1875
4,45,8,"0,30",0.271493,31.3438
4,46,11,"0,20",0.243697,45.6875
4,46,11,"0,25",0.236587,31.1354
4,46,11,"0,30",0.259211,27.2917
4,47,8,"0,20",0.266968,55.4375
4,47,8,"0,25",0.282482,40.0833
4,47,8,"0,30",0.250808,33.2188
4,48,7,"0,20",0.32256,61
4,48,7,"0,25",0.415643,50.7292
4,48,7,"0,30",0.352941,40.5938
4,49,8,"0,20",0.505495,76.4583
4,49,8,"0,25",0.471881,52.3646
4,49,8,"0,30",0.405947,39.7708
4,50,10,"0,20",0.479638,61.5938
4,50,10,"0,25",0.478345,43.9479
4,50,10,"0,30",0.431157,36.5
4,51,9,"0,20",0.616031,70.5208
4,51,9,"0,25",0.581771,46.7292
4,51,9,"0,30",0.505495,35.8646
4,52,8,"0,20",0.55139,51.8958
4,52,8,"0,25",0.526826,39.4375
4,52,8,"0,30",0.508727,33.1042
4,53,11,"0,20",0.400776,66.4792
4,53,11,"0,25",0.410472,46.8125
4,53,11,"0,30",0.425986,35.1875
4,54,7,"0,20",0.476406,90.5833
4,54,7,"0,25",0.460246,71.9688
4,54,7,"0,30",0.425986,52.8125
4,55,10,"0,20",0.547511,62.8958
4,55,10,"0,25",0.47576,45.3333
4,55,10,"0,30",0.409179,34.875
4,56,10,"0,20",0.232708,56.3125
4,56,10,"0,25",0.243697,42.3542
4,56,10,"0,30",0.246283,35.1042
4,57,9,"0,20",0.321913,76.8958
4,57,9,"0,25",0.31351,54.9375
4,57,9,"0,30",0.271493,39.5625
4,58,10,"0,20",0.476406,72.3542
4,58,10,"0,25",0.435036,55.375
4,58,10,"0,30",0.413704,43.2604
4,59,8,"0,20",0.562379,77.7083
4,59,8,"0,25",0.468649,54.2083
4,59,8,"0,30",0.384615,38.5
4,60,10,"0,20",0.438268,94.7292
4,60,10,"0,25",0.29541,49.3542
4,60,10,"0,30",0.264383,39.5417
4,61,9,"0,20",0.46671,64.875
4,61,9,"0,25",0.472527,44.2083
4,61,9,"0,30",0.477699,34.9583
4,62,8,"0,20",0.547511,69.875
4,62,8,"0,25",0.496445,49.2708
4,62,8,"0,30",0.462185,36.5
4,63,8,"0,20",0.555268,95.7083
4,63,8,"0,25",0.499677,64.3125
4,63,8,"0,30",0.413704,44.3958
4,64,7,"0,20",0.284421,89.1042
4,64,7,"0,25",0.272786,48.9271
4,64,7,"0,30",0.281189,37.8542
4,65,8,"0,20",0.387201,66.375
4,65,8,"0,25",0.388494,52.7083
4,65,8,"0,30",0.385908,44.4375
4,66,9,"0,20",0.329024,55.3542
4,66,9,"0,25",0.335488,42.5208
4,66,9,"0,30",0.327731,33.1042
4,67,9,"0,20",0.470588,81.0417
4,67,9,"0,25",0.389787,52.6667
4,67,9,"0,30",0.300582,36.4583
4,68,11,"0,20",0.397544,63.7083
4,68,11,"0,25",0.347123,45.8542
4,68,11,"0,30",0.278604,32.9583
4,69,11,"0,20",0.404008,56.5833
4,69,11,"0,25",0.340659,38.125
4,69,11,"0,30",0.327731,31.9792
4,70,9,"0,20",0.33872,66.9062
4,70,9,"0,25",0.314156,47.125
4,70,9,"0,30",0.249515,32.2083
4,71,8,"0,20",0.56044,69.2917
4,71,8,"0,25",0.496445,54.8854
4,71,8,"0,30",0.484163,43
4,72,8,"0,20",0.314156,54.8646
4,72,8,"0,25",0.326438,37.5208
4,72,8,"0,30",0.316096,31.7083
4,73,8,"0,20",0.380737,73.7708
4,73,8,"0,25",0.300582,45.9375
4,73,8,"0,30",0.309632,34.1875
4,74,10,"0,20",0.626374,62.3125
4,74,10,"0,25",0.570136,46.625
4,74,10,"0,30",0.47576,35.1042
4,75,7,"0,20",0.578539,74.6875
4,75,7,"0,25",0.522301,59.6458
4,75,7,"0,30",0.446025,46.4583
4,76,8,"0,20",0.411765,50.7917
4,76,8,"0,25",0.356173,37.7708
4,76,8,"0,30",0.321267,28.4167
4,77,8,"0,20",0.299935,63
4,77,8,"0,25",0.36393,53
4,77,8,"0,30",0.341952,39.1458
4,78,8,"0,20",0.739496,84.6875
4,78,8,"0,25",0.61086,53.4583
4,78,8,"0,30",0.580478,40.875
4,79,7,"0,20",0.603103,68.6042
4,79,7,"0,25",0.510666,49.7083
4,79,7,"0,30",0.443439,36.9896
4,80,8,"0,20",0.418229,66.7708
4,80,8,"0,25",0.358112,44.4896
4,80,8,"0,30",0.316742,31.4688
4,81,9,"0,20",0.34777,72.75
4,81,9,"0,25",0.378798,58.75
4,81,9,"0,30",0.361991,44.1458
4,82,7,"0,20",0.519069,71.8542
4,82,7,"0,25",0.475113,56.3542
4,82,7,"0,30",0.462831,46.3333
4,83,8,"0,20",0.496445,76.6771
4,83,8,"0,25",0.54234,61.9375
4,83,8,"0,30",0.510019,46.1042
4,84,9,"0,20",0.378151,56.7917
4,84,9,"0,25",0.391726,45.3125
4,84,9,"0,30",0.353588,32.4583
4,85,8,"0,20",0.495798,73.9792
4,85,8,"0,25",0.461538,47.5521
4,85,8,"0,30",0.418229,37.4583
4,86,10,"0,20",0.414997,72.2812
4,86,10,"0,25",0.393019,45.6979
4,86,10,"0,30",0.343245,32.875
4,87,9,"0,20",0.308985,53.7188
4,87,9,"0,25",0.330317,46.5417
4,87,9,"0,30",0.321267,37.1667
4,88,9,"0,20",0.531351,90.7708
4,88,9,"0,25",0.506787,69
4,88,9,"0,30",0.376212,44.7188
4,89,8,"0,20",0.506141,74.7708
4,89,8,"0,25",0.464771,53.8333
4,89,8,"0,30",0.446671,38.5625
4,90,10,"0,20",0.230123,52.7292
4,90,10,"0,25",0.26309,42.7083
4,90,10,"0,30",0.283775,36.6667
4,91,7,"0,20",0.323853,107.438
4,91,7,"0,25",0.342599,80.7812
4,91,7,"0,30",0.337427,59.2917
4,92,10,"0,20",0.383969,81.75
4,92,10,"0,25",0.371041,47.8958
4,92,10,"0,30",0.333549,35.5625
4,93,9,"0,20",0.383323,84.25
4,93,9,"0,25",0.352941,51.2917
4,93,9,"0,30",0.355527,40.4583
4,94,9,"0,20",0.210084,71.5625
4,94,9,"0,25",0.255333,55.1875
4,94,9,"0,30",0.248222,40.2396
4,95,9,"0,20",0.490627,71.4375
4,95,9,"0,25",0.384615,44.8333
4,95,9,"0,30",0.327085,31.7812
4,96,10,"0,20",0.496445,65.8125
4,96,10,"0,25",0.497091,48.7917
4,96,10,"0,30",0.417582,35.9167
4,97,7,"0,20",0.41629,67.625
4,97,7,"0,25",0.454428,47.4375
4,97,7,"0,30",0.419522,36.375
4,98,7,"0,20",0.429218,108.344
4,98,7,"0,25",0.332902,62.7083
4,98,7,"0,30",0.29541,45.6458
4,99,10,"0,20",0.499677,60.75
4,99,10,"0,25",0.417582,38.6562
4,99,10,"0,30",0.444732,33.6875
4,100,8,"0,20",0.384615,50.5
4,100,8,"0,25",0.384615,42.3125
4,100,8,"0,30",0.362637,36.5
4,101,9,"0,20",0.672269,70.4167
4,101,9,"0,25",0.575953,41.3333
4,101,9,"0,30",0.504202,32.4896
4,102,8,"0,20",0.462831,74.3229
4,102,8,"0,25",0.409825,51.8125
4,102,8,"0,30",0.335488,39.5417
4,103,8,"0,20",0.283129,44.7188
4,103,8,"0,25",0.319328,37.2188
4,103,8,"0,30",0.344538,30.6667
4,104,10,"0,20",0.447317,65.6875
4,104,10,"0,25",0.380737,43.5625
4,104,10,"0,30",0.337427,32.4271
4,105,10,"0,20",0.347123,104.542
4,105,10,"0,25",0.361345,59.8125
4,105,10,"0,30",0.283129,44.3438
4,106,8,"0,20",0.49903,62.9479
4,106,8,"0,25",0.508727,52.6875
4,106,8,"0,30",0.478345,42.9062
4,107,10,"0,20",0.369748,91.3542
4,107,10,"0,25",0.367162,61.8229
4,107,10,"0,30",0.417582,48.875
4,108,10,"0,20",0.378798,61.5208
4,108,10,"0,25",0.361991,41.9062
4,108,10,"0,30",0.327731,30.4375
4,109,11,"0,20",0.453782,62.8021
4,109,11,"0,25",0.370394,43.7708
4,109,11,"0,30",0.303814,32.75
4,110,8,"0,20",0.595346,85.8333
4,110,8,"0,25",0.447964,61.7083
4,110,8,"0,30",0.319328,34.8542
4,111,7,"0,20",0.438914,85.6458
4,111,7,"0,25",0.461538,63.0208
4,111,7,"0,30",0.445378,48.5833
4,112,8,"0,20",0.26309,53.6042
4,112,8,"0,25",0.352295,34.6875
4,112,8,"0,30",0.343245,28.125
4,113,7,"0,20",0.320621,58.6354
4,113,7,"0,25",0.308985,41.6042
4,113,7,"0,30",0.268261,29.6667
4,114,8,"0,20",0.515191,70.7292
4,114,8,"0,25",0.496445,49.1979
4,114,8,"0,30",0.495798,39.9792
4,115,7,"0,20",0.477052,97.1667
4,115,7,"0,25",0.435036,58.9583
4,115,7,"0,30",0.387847,39.3229
4,116,8,"0,20",0.481577,66.2708
4,116,8,"0,25",0.442146,49.7708
4,116,8,"0,30",0.391726,36.3646
4,117,10,"0,20",0.394958,56
4,117,10,"0,25",0.376212,41.75
4,117,10,"0,30",0.360052,32.8125
4,118,8,"0,20",0.430511,100.885
4,118,8,"0,25",0.389787,55.5208
4,118,8,"0,30",0.360052,40.7917
4,119,8,"0,20",0.305753,61.7292
4,119,8,"0,25",0.343891,54.125
4,119,8,"0,30",0.358759,44.5833
4,120,9,"0,20",0.557207,89.4896
4,120,9,"0,25",0.489334,68.3125
4,120,9,"0,30",0.457014,52.5417
4,121,9,"0,20",0.438914,66.125
4,121,9,"0,25",0.35682,48.0208
4,121,9,"0,30",0.30446,37.5833
4,122,8,"0,20",0.305107,71.9688
4,122,8,"0,25",0.247576,45.9375
4,122,8,"0,30",0.263736,35.0417
4,123,8,"0,20",0.462185,60.8958
4,123,8,"0,25",0.367809,43.2292
4,123,8,"0,30",0.330317,31.7917
4,124,10,"0,20",0.500323,68.5521
4,124,10,"0,25",0.429864,48.2083
4,124,10,"0,30",0.383969,35.1146
4,125,8,"0,20",0.550743,82.2604
4,125,8,"0,25",0.495152,51.8333
4,125,8,"0,30",0.409179,36.6667
4,126,11,"0,20",0.505495,73.4583
4,126,11,"0,25",0.472527,53.4792
4,126,11,"0,30",0.428571,41.9167
4,127,8,"0,20",0.415643,98.7292
4,127,8,"0,25",0.289593,44.6562
4,127,8,"0,30",0.311571,35.8333
4,128,10,"0,20",0.27214,59.5833
4,128,10,"0,25",0.241758,53.1562
4,128,10,"0,30",0.245637,39.3333
4,129,9,"0,20",0.307692,68.75
4,129,9,"0,25",0.41435,53.4792
4,129,9,"0,30",0.418229,36.125
4,130,7,"0,20",0.301228,69.8125
4,130,7,"0,25",0.325145,59.5208
4,130,7,"0,30",0.341306,45.9479
4,131,8,"0,20",0.599871,74.4896
4,131,8,"0,25",0.544279,50.0312
4,131,8,"0,30",0.484163,34.9583
4,132,8,"0,20",0.477052,71.8333
4,132,8,"0,25",0.493213,47.6875
4,132,8,"0,30",0.428571,31.1458
4,133,7,"0,20",0.367809,76.9167
4,133,7,"0,25",0.363284,58.0625
4,133,7,"0,30",0.4415,46.5
4,134,8,"0,20",0.324499,77.75
4,134,8,"0,25",0.404008,46.6875
4,134,8,"0,30",0.344538,34.8333
4,135,7,"0,20",0.371041,63.6562
4,135,7,"0,25",0.386555,54.8021
4,135,7,"0,30",0.374273,43.6042
4,136,9,"0,20",0.243697,88.5833
4,136,9,"0,25",0.318035,59.9062
4,136,9,"0,30",0.334195,46.6667
4,137,9,"0,20",0.588882,79.2708
4,137,9,"0,25",0.495152,57.2188
4,137,9,"0,30",0.421461,41.0521
4,138,7,"0,20",0.52618,124.083
4,138,7,"0,25",0.515191,85.0417
4,138,7,"0,30",0.429864,52.75
4,139,7,"0,20",0.476406,68.8125
4,139,7,"0,25",0.442793,51.5
4,139,7,"0,30",0.389787,38.1458
4,140,9,"0,20",0.43956,76.875
4,140,9,"0,25",0.418229,55.1458
4,140,9,"0,30",0.394312,43.0417
4,141,9,"0,20",0.394958,67.7292
4,141,9,"0,25",0.419522,52.9375
4,141,9,"0,30",0.343891,37.8854
4,142,10,"0,20",0.450549,65.125
4,142,10,"0,25",0.442793,46.7292
4,142,10,"0,30",0.494505,36.7083
4,143,9,"0,20",0.289593,76.7917
4,143,9,"0,25",0.25404,56.7917
4,143,9,"0,30",0.179703,39.0625
4,144,9,"0,20",0.603103,64
4,144,9,"0,25",0.614092,49.6146
4,144,9,"0,30",0.526826,37.25
4,145,7,"0,20",0.268908,112.833
4,145,7,"0,25",0.243051,69.8958
4,145,7,"0,30",0.261151,48.1771
4,146,10,"0,20",0.421461,75.4062
4,146,10,"0,25",0.45766,54.0521
4,146,10,"0,30",0.417582,35.1979
4,147,9,"0,20",0.36393,63.75
4,147,9,"0,25",0.372334,37.7396
4,147,9,"0,30",0.383969,32.8229
4,148,8,"0,20",0.315449,55.5833
4,148,8,"0,25",0.336134,39.2604
4,148,8,"0,30",0.374919,34.4375
4,149,9,"0,20",0.62702,71.3542
4,149,9,"0,25",0.557207,58.6979
4,149,9,"0,30",0.490627,47.7708
4,150,7,"0,20",0.425339,70.4792
4,150,7,"0,25",0.361991,49.4583
4,150,7,"0,30",0.378151,44.8333
4,151,8,"0,20",0.435036,61.8333
4,151,8,"0,25",0.438914,51.6875
4,151,8,"0,30",0.37298,35.9792
4,152,7,"0,20",0.581125,72.8125
4,152,7,"0,25",0.484809,52.3438
4,152,7,"0,30",0.413058,40.875
4,153,8,"0,20",0.575953,62.7292
4,153,8,"0,25",0.450549,42.7708
4,153,8,"0,30",0.46671,38.9062
4,154,8,"0,20",0.363284,50.7917
4,154,8,"0,25",0.316742,41.0625
4,154,8,"0,30",0.270847,28.5625
4,155,9,"0,20",0.465417,67.2083
4,155,9,"0,25",0.478345,47.375
4,155,9,"0,30",0.481577,39.7292
4,156,9,"0,20",0.197156,51.1458
4,156,9,"0,25",0.215902,38.4271
4,156,9,"0,30",0.22883,32.7604
4,157,9,"0,20",0.349063,69.0729
4,157,9,"0,25",0.330963,50.5521
4,157,9,"0,30",0.29541,34.3958
4,158,8,"0,20",0.280543,64.9792
4,158,8,"0,25",0.222366,37.8229
4,158,8,"0,30",0.191338,27.4271
4,159,10,"0,20",0.489334,83.7917
4,159,10,"0,25",0.473174,65.9583
4,159,10,"0,30",0.416936,48.9583
4,160,7,"0,20",0.458953,69.4062
4,160,7,"0,25",0.361991,45.6458
4,160,7,"0,30",0.347123,35.7292
4,161,8,"0,20",0.155785,46.3542
4,161,8,"0,25",0.217195,43.7292
4,161,8,"0,30",0.21267,35.1667
4,162,9,"0,20",0.402715,72.8542
4,162,9,"0,25",0.404008,52.375
4,162,9,"0,30",0.402715,39.8333
4,163,8,"0,20",0.367162,82.4375
4,163,8,"0,25",0.375566,54.7083
4,163,8,"0,30",0.314803,36.1042
4,164,8,"0,20",0.405301,65.6667
4,164,8,"0,25",0.408533,46.1458
4,164,8,"0,30",0.378151,34.5417
4,165,11,"0,20",0.188106,115.75
4,165,11,"0,25",0.177763,83.9583
4,165,11,"0,30",0.116354,31.2917
4,166,8,"0,20",0.32256,60.8125
4,166,8,"0,25",0.294118,49.8542
4,166,8,"0,30",0.23788,36.2396
4,167,7,"0,20",0.358759,62.4167
4,167,7,"0,25",0.344538,46.3958
4,167,7,"0,30",0.365869,36.5521
4,168,10,"0,20",0.345184,79.9375
4,168,10,"0,25",0.302521,55.6771
4,168,10,"0,30",0.285068,44.7917
4,169,7,"0,20",0.171299,47.5833
4,169,7,"0,25",0.216548,37.3125
4,169,7,"0,30",0.254686,31.2396
4,170,7,"0,20",0.429218,77.5
4,170,7,"0,25",0.363284,46.7812
4,170,7,"0,30",0.326438,32.7292
4,171,10,"0,20",0.484163,93.625
4,171,10,"0,25",0.406593,53.7083
4,171,10,"0,30",0.371041,36.2292
4,172,9,"0,20",0.594699,57.7812
4,172,9,"0,25",0.537815,47.7188
4,172,9,"0,30",0.472527,37.125
4,173,6,"0,20",0.586942,58.9271
4,173,6,"0,25",0.541694,40.3021
4,173,6,"0,30",0.535229,32.6667
4,174,6,"0,20",0.498384,72.5625
4,174,6,"0,25",0.490627,53.9375
4,174,6,"0,30",0.438268,39.5
4,175,7,"0,20",0.477699,62.6458
4,175,7,"0,25",0.431157,45.7292
4,175,7,"0,30",0.39819,35.3646
4,176,7,"0,20",0.36393,62.875
4,176,7,"0,25",0.367809,47.5625
4,176,7,"0,30",0.336781,33.125
4,177,10,"0,20",0.687783,84.7812
4,177,10,"0,25",0.561732,57.4583
4,177,10,"0,30",0.480284,42.3333
4,178,9,"0,20",0.493213,66.9792
4,178,9,"0,25",0.455074,48.7604
4,178,9,"0,30",0.425986,32.5
4,179,7,"0,20",0.446025,61.7917
4,179,7,"0,25",0.420814,49.3958
4,179,7,"0,30",0.299935,32.8125
4,180,9,"0,20",0.40724,67.8333
4,180,9,"0,25",0.398836,47.1458
4,180,9,"0,30",0.361345,41.5
4,181,8,"0,20",0.321913,89.5729
4,181,8,"0,25",0.342599,58.0729
4,181,8,"0,30",0.352941,46.5521
4,182,8,"0,20",0.312217,80.3542
4,182,8,"0,25",0.352941,63.3125
4,182,8,"0,30",0.334842,45.9167
4,183,8,"0,20",0.275372,74.7083
4,183,8,"0,25",0.238526,48.625
4,183,8,"0,30",0.264383,36.3542
4,184,7,"0,20",0.454428,68.6458
4,184,7,"0,25",0.400776,45.8646
4,184,7,"0,30",0.365223,33.125
4,185,9,"0,20",0.519069,73.6875
4,185,9,"0,25",0.47382,56
4,185,9,"0,30",0.409179,38.1667
4,186,7,"0,20",0.377505,91.3021
4,186,7,"0,25",0.306399,55.3646
4,186,7,"0,30",0.318681,42.9375
4,187,8,"0,20",0.555915,75.8333
4,187,8,"0,25",0.473174,56.8438
4,187,8,"0,30",0.369101,36.1042
4,188,7,"0,20",0.511959,90.8333
4,188,7,"0,25",0.476406,63.0417
4,188,7,"0,30",0.356173,38.8958
4,189,7,"0,20",0.138979,55.7292
4,189,7,"0,25",0.195863,53.7083
4,189,7,"0,30",0.205559,41.8229
4,190,10,"0,20",0.341952,62.4167
4,190,10,"0,25",0.336781,45.0417
4,190,10,"0,30",0.29541,30.5417
4,191,9,"0,20",0.359405,69.7917
4,191,9,"0,25",0.355527,48.8958
4,191,9,"0,30",0.361991,42.625
4,192,11,"0,20",0.487395,87.5417
4,192,11,"0,25",0.404654,56.2917
4,192,11,"0,30",0.410472,39.6875
4,193,10,"0,20",0.488688,68.6146
4,193,10,"0,25",0.435036,48.3125
4,193,10,"0,30",0.336781,27.8958
4,194,7,"0,20",0.535229,75.7396
4,194,7,"0,25",0.366516,47.875
4,194,7,"0,30",0.30446,34.3333
4,195,8,"0,20",0.285068,64.125
4,195,8,"0,25",0.272786,46.625
4,195,8,"0,30",0.285714,36.5625
4,196,9,"0,20",0.54234,71.3542
4,196,9,"0,25",0.459599,48.6875
4,196,9,"0,30",0.394958,36.9792
4,197,10,"0,20",0.545572,84.9688
4,197,10,"0,25",0.453782,54.4583
4,197,10,"0,30",0.319974,29.2708
4,198,9,"0,20",0.464124,71.7917
4,198,9,"0,25",0.437621,49.75
4,198,9,"0,30",0.408533,36.2604
4,199,9,"0,20",0.433096,87.25
4,199,9,"0,25",0.402715,54.6458
4,199,9,"0,30",0.340013,40.9479
0,-1,6,"0,20",0.52424,77.7708
0,-1,6,"0,25",0.444085,47.1458
0,-1,6,"0,30",0.393019,34.5625
