cle,fenetre,brut_moyen_atr,trades,net_moyen_atr,net_median_atr,p01,p05,p95,p99,max,min,somme_atr,somme_top1pc_atr,somme_top5pc_atr,somme_sans_top1pc_atr,somme_sans_top5pc_atr,pertes_sous_m3_par_an,trades_sup_3atr_par_an,trades_sup_3atr,trades_sup_5atr_par_an,trades_sup_5atr,trades_sup_10atr_par_an,trades_sup_10atr,longs,net_moyen_longs_atr,courts,net_moyen_courts_atr
XAU,2020-05-06 → 2026-10-01,0.135222,713,0.019477,-1.31548,-4.1953,-4.10317,6.95055,12.8531,21.9121,-5.35563,13.8871,108.644,376.233,-94.757,-362.346,21.7058,20.925,134,11.3994,73,2.18619,14,380,0.241666,333,-0.234072
US100,2020-11-08 → 2026-10-01,0.0379242,674,-0.0375478,-1.56988,-4.06033,-4.04211,8.19483,11.3118,14.9886,-6.29536,-25.3072,90.1393,346.967,-115.447,-372.274,23.2416,23.2416,137,14.5896,86,2.884,17,352,0.110643,322,-0.199546
US30,2020-11-08 → 2026-10-01,-0.0286952,700,-0.107987,-1.5802,-4.08845,-4.06051,7.8214,14.9471,30.4096,-6.54352,-75.591,141.935,429.009,-217.526,-504.6,25.4471,21.3755,126,12.5539,74,3.56259,21,396,-0.0396703,304,-0.196979
GER40,2020-11-08 → 2026-10-01,0.184613,619,0.086098,-1.37217,-4.16354,-4.0711,7.66258,12.1189,17.202,-4.36933,53.2947,85.8843,332.233,-32.5896,-278.939,17.4736,20.188,119,12.3842,73,3.22329,19,317,0.153747,302,0.0150887
GBPJPY,2020-04-01 → 2026-10-01,0.198889,759,0.00560119,-1.021,-4.29772,-4.18962,6.6422,11.8016,22.8852,-5.01599,4.25131,121.071,378.653,-116.819,-374.402,18.3087,20.7703,135,9.84667,64,2.30781,15,404,0.101492,355,-0.103525
WTI,2020-11-08 → 2026-10-01,0.0537506,641,-0.310785,-1.71269,-4.52348,-4.34607,7.43525,11.5674,20.3921,-8.26941,-199.213,83.7154,312.04,-282.928,-511.253,23.7506,21.2059,125,11.3663,67,1.86612,11,325,0.068594,316,-0.700969
BRENT,2020-11-08 → 2026-10-01,-0.00852875,548,-0.394343,-1.80299,-5.06243,-4.28688,6.80844,9.71426,14.954,-7.59534,-216.1,66.9299,242.095,-283.03,-458.196,17.6433,16.7951,99,8.48235,50,1.01788,6,265,-0.00632913,283,-0.757678
BTC (repère),2021-10-01 → 2026-10-01,0.39936,836,0.134618,-0.868766,-4.47624,-4.23591,8.31764,14.0143,32.5464,-17.325,112.541,145.331,504.693,-32.7905,-392.152,27.0037,30.4042,152,17.8024,89,5.80079,29,447,0.0511529,389,0.230528
Panier crypto (repère),2021-10-01 → 2026-10-01,0.317317,3972,0.0764909,-0.979442,-4.47944,-4.22835,7.03664,12.3082,246.748,-17.7204,303.822,1001.63,2421.02,-697.807,-2117.2,126.817,135.619,678,72.4099,362,16.4022,82,1985,0.111679,1987,0.0413383
