cle,annee,trades,net_somme_atr,net_moyen_atr,brut_moyen_atr,trades_sup_3atr,trades_sup_5atr
XAU,2020,69,7.72976,0.112025,0.210371,12,7
XAU,2021,112,-10.9671,-0.0979207,0.039396,21,12
XAU,2022,124,69.4935,0.560432,0.68743,29,15
XAU,2023,110,-70.7722,-0.643384,-0.522476,14,10
XAU,2024,118,-10.4082,-0.0882051,0.0566184,18,10
XAU,2025,103,-40.3795,-0.392034,-0.29867,19,7
XAU,2026,77,69.1909,0.898583,0.958419,21,12
US100,2020,10,-9.57067,-0.957067,-0.88508,0,0
US100,2021,112,-13.1887,-0.117756,-0.0122609,24,13
US100,2022,121,9.49461,0.0784678,0.127433,28,21
US100,2023,125,0.85677,0.00685416,0.0846196,28,17
US100,2024,122,-30.0426,-0.246251,-0.166756,21,12
US100,2025,114,-0.879998,-0.00771928,0.062786,22,16
US100,2026,70,18.0234,0.257477,0.32821,14,7
US30,2020,11,-23.9774,-2.17976,-2.12507,0,0
US30,2021,114,35.1826,0.30862,0.389372,25,14
US30,2022,110,-14.7643,-0.134221,-0.0826165,20,10
US30,2023,127,47.5347,0.374289,0.466449,25,14
US30,2024,120,-17.4166,-0.145138,-0.0499372,20,14
US30,2025,126,-68.5972,-0.544423,-0.45407,20,10
US30,2026,92,-33.5528,-0.364705,-0.30484,16,12
GER40,2020,7,-4.84435,-0.69205,-0.631265,0,0
GER40,2021,121,10.747,0.0888179,0.206476,22,12
GER40,2022,99,51.6747,0.521966,0.59064,23,13
GER40,2023,112,-20.3763,-0.181931,-0.0717263,20,11
GER40,2024,99,50.7574,0.512701,0.632184,23,18
GER40,2025,104,7.22354,0.0694571,0.160594,20,13
GER40,2026,77,-41.8872,-0.54399,-0.467754,11,6
GBPJPY,2020,73,7.1363,0.0977576,0.280764,15,7
GBPJPY,2021,118,1.91313,0.016213,0.255724,20,13
GBPJPY,2022,115,0.0520944,0.000452995,0.143931,19,6
GBPJPY,2023,129,-4.78024,-0.0370561,0.132145,24,12
GBPJPY,2024,114,46.0144,0.403635,0.580364,24,12
GBPJPY,2025,126,-37.5304,-0.297861,-0.0779295,17,7
GBPJPY,2026,84,-8.55399,-0.101833,0.123151,16,7
WTI,2020,10,-21.4483,-2.14483,-1.16834,1,1
WTI,2021,96,-76.0335,-0.792016,-0.359081,12,7
WTI,2022,119,26.2195,0.220332,0.435125,30,17
WTI,2023,106,-52.567,-0.495915,-0.182135,20,14
WTI,2024,107,-49.7266,-0.464735,-0.0369341,18,11
WTI,2025,116,5.09887,0.0439558,0.541043,28,11
WTI,2026,87,-30.7559,-0.353516,-0.122682,16,6
BRENT,2020,13,-28.8241,-2.21724,-1.30152,1,1
BRENT,2021,85,-64.1487,-0.754691,-0.408029,8,4
BRENT,2022,88,0.13803,0.00156852,0.285069,20,9
BRENT,2023,106,-72.8653,-0.687409,-0.375154,17,10
BRENT,2024,99,-52.9974,-0.535328,-0.0308822,17,11
BRENT,2025,95,4.92047,0.0517944,0.516441,21,11
BRENT,2026,62,-2.32299,-0.0374677,0.251679,15,4
