cle,calendrier,trades,convention_bps,ecart_bps,commission_bps,swap_bps,total_bps,convention_atr,total_atr,swap_atr,part_avec_rollover,nuits_moyennes,brut_atr,net_convention_atr,net_ftmo_atr
BTC,continu,885,5,0.118634,6.5,2.2693,8.88794,0.158501,0.264791,0.0549782,0.2,0.272316,0.398673,0.240172,0.133883
BTC,ftmo,836,5,0.118635,6.5,2.40231,9.02095,0.15603,0.264742,0.0582007,0.211722,0.288278,0.39936,0.24333,0.134618
SOL,continu,862,5,2.50159,6.5,2.48453,11.4861,0.0683633,0.15369,0.0306135,0.230858,0.298144,0.244924,0.176561,0.0912341
SOL,ftmo,813,5,2.50172,6.5,2.63428,11.636,0.0674935,0.15397,0.0324586,0.244772,0.316113,0.26197,0.194477,0.108
AVAX,continu,792,5,2.5016,6.5,2.84091,11.8425,0.0709056,0.163933,0.0362786,0.244949,0.340909,0.378719,0.307813,0.214786
AVAX,ftmo,744,5,2.50164,6.5,2.99059,11.9922,0.0703964,0.165123,0.0383851,0.259409,0.358871,0.355269,0.284872,0.190146
XAU,continu,532,4,1.01805,0.14,0.766123,1.92417,0.24828,0.117188,0.0452655,0.351504,0.488722,0.360095,0.111815,0.242907
XAU,ftmo,564,4,1.01881,0.14,0.739569,1.89838,0.258087,0.118558,0.0437463,0.317376,0.457447,0.13739,-0.120697,0.018832
ETH,continu,839,5,2.22733,6.5,2.39372,11.1211,0.114751,0.245206,0.0449149,0.208582,0.287247,0.0520041,-0.0627466,-0.193202
ETH,ftmo,792,5,2.22743,6.5,2.53577,11.2632,0.112774,0.244425,0.0475803,0.22096,0.304293,0.0370085,-0.075766,-0.207417
XRP,continu,834,5,9.97757,6.5,2.61791,19.0955,0.0998759,0.374036,0.0449052,0.227818,0.314149,0.490856,0.39098,0.11682
XRP,ftmo,787,5,9.97792,6.5,2.77425,19.2522,0.0987747,0.373094,0.047587,0.241423,0.33291,0.533555,0.43478,0.160461
