cle,symbole,ticks,barres_mesurees,debut,fin,ecart_median_bps,ecart_moyen_bps,ecart_p90_bps,ecart_max_bps,ecart_median_semaine_bps,ecart_median_weekend_bps,pires_demi_heures_locales,dernier_prix,description,swap_type,swap_long,swap_short,swap_triple,swap_cout_long_bps_nuit,swap_cout_short_bps_nuit,commission_type,commission,commission_bps_cote,levier_paliers,levier,seances,fiche_source
BTC,BTCUSD,2850313,435,2026-09-25 23:22:09.855000+00:00,2026-10-05 23:22:34.350000+00:00,0.118609,0.120278,0.120326,0.366636,0.119245,0.118113,09:30 0.1; 05:30 0.1; 03:30 0.1,85883.7,"Bitcoin vs US Dollar, Spot CFD",Percentage,-30,-30,Friday,8.33333,8.33333,PercentageOfTradingVolume,0.0325,3.25,1000000:1,1,Sun 00:00-Sun 20:55|Sun 21:05-Mon 20:55|Mon 21:05-Tue 20:55|Tue 21:05-Wed 20:55|Wed 21:05-Thu 20:55|Thu 21:05-Fri 20:55|Fri 21:05-Sat 20:55|Sat 21:05-Sun 00:00,BTCUSD
ETH,ETHUSD,487264,435,2026-09-25 23:22:51.351000+00:00,2026-10-05 23:22:44.939000+00:00,2.2304,2.22993,2.25069,2.48537,2.23197,2.22941,21:30 2.2; 18:30 2.2; 23:30 2.2,2714.31,"Ethereum vs US Dollar, Spot CFD",Percentage,-30,-30,Friday,8.33333,8.33333,PercentageOfTradingVolume,0.0325,3.25,1000000:1,1,Sun 00:00-Sun 20:55|Sun 21:05-Mon 20:55|Mon 21:05-Tue 20:55|Tue 21:05-Wed 20:55|Wed 21:05-Thu 20:55|Thu 21:05-Fri 20:55|Fri 21:05-Sat 20:55|Sat 21:05-Sun 00:00,ETHUSD
SOL,SOLUSD,306456,435,2026-09-25 23:23:01.055000+00:00,2026-10-05 23:22:46.835000+00:00,2.50219,2.50121,2.54356,2.57478,2.51857,2.47423,21:00 2.5; 17:30 2.5; 20:00 2.5,120.94,"Solana vs US Dollar, Spot CFD",Percentage,-30,-30,Friday,8.33333,8.33333,PercentageOfTradingVolume,0.0325,3.25,1000000:1,1,Sun 00:00-Sun 20:55|Sun 21:05-Mon 20:55|Mon 21:05-Tue 20:55|Tue 21:05-Wed 20:55|Wed 21:05-Thu 20:55|Thu 21:05-Fri 20:55|Fri 21:05-Sat 20:55|Sat 21:05-Sun 00:00,SOLUSD
AVAX,AVAUSD,145521,437,2026-09-26 03:00:00.003000+00:00,2026-10-06 01:17:24.327000+00:00,18.2648,18.6878,19.2864,27.3598,18.2648,18.315,10:00 18.7; 23:30 18.7; 08:30 18.6,11.17,"Avalanche vs US Dollar, Spot CFD",Percentage,-30,-30,Friday,8.33333,8.33333,PercentageOfTradingVolume,0.0325,3.25,1000000:1,1,Sun 00:00-Sun 20:55|Sun 21:05-Mon 20:55|Mon 21:05-Tue 20:55|Tue 21:05-Wed 20:55|Wed 21:05-Thu 20:55|Thu 21:05-Fri 20:55|Fri 21:05-Sat 20:55|Sat 21:05-Sun 00:00,AVAUSD
XRP,XRPUSD,607028,435,2026-09-25 23:23:00.922000+00:00,2026-10-05 23:22:57.346000+00:00,9.98702,9.96239,10.0981,10.2316,10.011,9.90459,21:30 10.1; 17:30 10.1; 23:30 10.1,1.5093,"Ripple vs US Dollar, Spot CFD",Percentage,-30,-30,Friday,8.33333,8.33333,PercentageOfTradingVolume,0.0325,3.25,1000000:1,1,Sun 00:00-Sun 20:55|Sun 21:05-Mon 20:55|Mon 21:05-Tue 20:55|Tue 21:05-Wed 20:55|Wed 21:05-Thu 20:55|Thu 21:05-Fri 20:55|Fri 21:05-Sat 20:55|Sat 21:05-Sun 00:00,XRPUSD
XAU,XAUUSD,1585124,271,2026-09-27 22:05:00.005000+00:00,2026-10-05 23:23:20.850000+00:00,0.988239,1.01493,1.11361,1.24228,0.988091,1.1732,18:30 1.2; 20:00 1.1; 21:00 1.1,4140.6,"Gold vs US Dollar, Spot CFD",Pips,-0.649,-0.042,Wednesday,1.56741,0.101435,PercentageOfTradingVolume,0.0007,0.07,1000000:15,15,Sun 22:05-Mon 20:50|Mon 22:05-Tue 20:50|Tue 22:05-Wed 20:50|Wed 22:05-Thu 20:50|Thu 22:05-Fri 20:50,XAUUSD
US100,US100.cash,2642267,271,2026-09-27 22:05:00.013000+00:00,2026-10-05 23:21:03.751000+00:00,0.503609,0.530487,0.637611,0.703221,0.504229,0.47505,16:00 0.7; 03:00 0.6; 20:00 0.6,31082.1,"NASDAQ 100 Index, Spot CFD",Pips,-6.9638,0.3417,Friday,2.24045,-0.109935,UsdPerOneLot,0,0,1000000:15,15,Sun 22:05-Mon 20:50|Mon 22:05-Tue 20:50|Tue 22:05-Wed 20:50|Wed 22:05-Thu 20:50|Thu 22:05-Fri 20:50,US100.cash
US30,US30.cash,1069020,271,2026-09-27 22:05:00.013000+00:00,2026-10-05 23:21:12.509000+00:00,0.481244,0.466442,0.518884,0.569478,0.481195,0.501522,18:30 0.5; 20:30 0.5; 20:00 0.5,51308.2,"Dow Jones Industrial Average Index, Spot CFD",Pips,-1.7655,-9.2392,Friday,0.344097,1.80072,UsdPerOneLot,0,0,1000000:15,15,Sun 22:05-Mon 20:50|Mon 22:05-Tue 20:50|Tue 22:05-Wed 20:50|Wed 22:05-Thu 20:50|Thu 22:05-Fri 20:50,US30.cash
GER40,GER40.cash,795611,269,2026-09-27 22:05:15.098000+00:00,2026-10-05 23:21:26.305000+00:00,0.835712,0.886645,1.38478,1.51691,0.804242,1.33128,22:00 1.5; 02:30 1.4; 03:00 1.4,25319.5,"German 40 Index, Spot CFD",Pips,-4.5178,-0.0456,Friday,1.78432,0.0180098,UsdPerOneLot,0,0,1000000:15,15,Sun 22:05-Mon 20:50|Mon 22:05-Tue 20:50|Tue 22:05-Wed 20:50|Wed 22:05-Thu 20:50|Thu 22:05-Fri 19:50,GER40.cash
GBPJPY,GBPJPY,1204265,290,2026-09-27 21:05:00.004000+00:00,2026-10-05 23:21:42.900000+00:00,1.00783,1.28553,1.38881,14.5985,1.00643,1.3177,17:30 10.5; 17:00 1.8; 18:00 1.4,208.766,Great Britain Pound vs Japanese Yen,Pips,0.317,-2.179,Wednesday,-0.151845,1.04375,UsdPerOneLot,2.5,0.18777,1000000:30,30,Sun 21:05-Mon 20:55|Mon 21:05-Tue 20:55|Tue 21:05-Wed 20:55|Wed 21:05-Thu 20:55|Thu 21:05-Fri 20:55,GBPJPY
WTI,USOIL.cash,647263,271,2026-09-27 22:05:00.013000+00:00,2026-10-05 23:21:30.004000+00:00,8.61359,8.57887,9.44804,9.91161,8.63921,7.49012,09:30 9.4; 04:30 9.4; 09:00 9.4,90.724,"West Texas Intermediate Crude Oil, Spot CFD",Pips,0.0497,-0.2253,Friday,-5.47815,24.8336,UsdPerOneLot,0,0,1000000:15,15,Sun 22:05-Mon 20:50|Mon 22:05-Tue 20:50|Tue 22:05-Wed 20:50|Wed 22:05-Thu 20:50|Thu 22:05-Fri 20:50,USOIL.cash
BRENT,UKOIL.cash,556520,245,2026-09-28 00:05:00.006000+00:00,2026-10-05 20:49:56.825000+00:00,7.09199,7.02204,7.66291,7.89243,7.09199,,14:30 7.6; 08:30 7.6; 04:30 7.6,104.792,"Crude Oil Brent, Spot CFD",Pips,0.061,-0.2758,Friday,-5.82106,26.3188,UsdPerOneLot,0,0,1000000:15,15,Mon 00:05-Mon 20:50|Tue 00:05-Tue 20:50|Wed 00:05-Wed 20:50|Thu 00:05-Thu 20:50|Fri 00:05-Fri 20:50,UKOIL.cash
META,META,126861,71,2026-09-28 13:35:00.010000+00:00,2026-10-05 20:00:00.003000+00:00,5.77756,6.19811,8.0397,15.199,5.77756,,10:00 7.4; 10:30 7.3; 11:00 6.3,743.86,"Meta Platforms, Spot CFD",Pips,-0.1662,-0.1314,Friday,2.23429,1.76646,PercentageOfTradingVolume,0.002,0.2,1000000:1,1,Mon 13:35-Mon 20:00|Tue 13:35-Tue 20:00|Wed 13:35-Wed 20:00|Thu 13:35-Thu 20:00|Fri 13:35-Fri 20:00,META
