demi_heure,mediane,moyenne,p90,n,cle
0,0.118828,0.118691,0.120211,10,BTC
1,0.118905,0.118628,0.120102,10,BTC
2,0.119004,0.118598,0.120132,9,BTC
3,0.118706,0.118673,0.120382,9,BTC
4,0.118713,0.11858,0.120071,9,BTC
5,0.118782,0.118546,0.120388,9,BTC
6,0.118982,0.118521,0.120285,9,BTC
7,0.119083,0.118587,0.120191,9,BTC
8,0.118989,0.118456,0.120205,9,BTC
9,0.118796,0.118498,0.120519,9,BTC
10,0.118817,0.11855,0.120474,9,BTC
11,0.1191,0.118471,0.120002,9,BTC
12,0.118325,0.118286,0.120069,8,BTC
13,0.118404,0.118211,0.119879,8,BTC
14,0.118497,0.118234,0.119754,8,BTC
15,0.1184,0.118145,0.119763,8,BTC
16,0.118164,0.118065,0.119647,8,BTC
17,0.118776,0.149373,0.19404,8,BTC
18,0.117818,0.117866,0.119706,8,BTC
19,0.119395,0.127968,0.147106,8,BTC
20,0.118219,0.126775,0.140882,8,BTC
21,0.118613,0.12868,0.155011,8,BTC
22,0.11907,0.122257,0.126731,9,BTC
23,0.11895,0.127776,0.136812,9,BTC
24,0.118823,0.118737,0.120544,9,BTC
25,0.118562,0.120511,0.123732,9,BTC
26,0.118659,0.118671,0.120527,9,BTC
27,0.118432,0.118486,0.119448,9,BTC
28,0.118311,0.118465,0.119487,9,BTC
29,0.118339,0.118455,0.119472,9,BTC
30,0.118407,0.118402,0.119341,10,BTC
31,0.118556,0.11848,0.119699,10,BTC
32,0.118331,0.118512,0.119799,10,BTC
33,0.118353,0.11844,0.119675,10,BTC
34,0.1184,0.11843,0.119629,10,BTC
35,0.1184,0.118442,0.119926,10,BTC
36,0.118608,0.118652,0.120343,10,BTC
37,0.118446,0.118339,0.119775,10,BTC
38,0.118613,0.118477,0.119601,9,BTC
39,0.118538,0.118487,0.119665,10,BTC
40,0.118427,0.118487,0.119786,9,BTC
41,0.118683,0.118566,0.119841,9,BTC
42,0.118683,0.125577,0.137523,9,BTC
43,0.118635,0.121102,0.124533,9,BTC
44,0.118451,0.124796,0.143741,9,BTC
45,0.11836,0.121779,0.125684,9,BTC
46,0.11876,0.118719,0.120076,10,BTC
47,0.118796,0.118726,0.120201,10,BTC
0,2.2351,2.24284,2.2714,10,ETH
1,2.23222,2.23505,2.25324,10,ETH
2,2.22902,2.23053,2.25115,9,ETH
3,2.22754,2.23235,2.2566,9,ETH
4,2.22747,2.22904,2.24877,9,ETH
5,2.22635,2.22748,2.25598,9,ETH
6,2.2214,2.2256,2.25593,9,ETH
7,2.22947,2.22745,2.25205,9,ETH
8,2.2193,2.22447,2.25002,9,ETH
9,2.22342,2.22325,2.25478,9,ETH
10,2.22315,2.225,2.25209,9,ETH
11,2.22088,2.22328,2.24523,9,ETH
12,2.21619,2.22159,2.24702,8,ETH
13,2.21678,2.2209,2.24131,8,ETH
14,2.21928,2.22033,2.23954,8,ETH
15,2.21845,2.2173,2.23677,8,ETH
16,2.21629,2.21598,2.2339,8,ETH
17,2.21246,2.21129,2.22731,8,ETH
18,2.21604,2.21215,2.23298,8,ETH
19,2.21189,2.21209,2.23527,8,ETH
20,2.21921,2.21664,2.23458,8,ETH
21,2.22539,2.22549,2.24617,8,ETH
22,2.23197,2.22996,2.24284,9,ETH
23,2.23278,2.23373,2.24409,9,ETH
24,2.23197,2.23364,2.24478,9,ETH
25,2.23214,2.23164,2.23584,9,ETH
26,2.2314,2.23185,2.2379,9,ETH
27,2.23315,2.22962,2.2384,9,ETH
28,2.23135,2.23002,2.23926,9,ETH
29,2.23201,2.22992,2.24124,9,ETH
30,2.22864,2.23089,2.24241,10,ETH
31,2.23396,2.23338,2.24473,10,ETH
32,2.23335,2.23378,2.2482,10,ETH
33,2.23496,2.2396,2.25489,10,ETH
34,2.23453,2.23304,2.24547,10,ETH
35,2.23557,2.23554,2.25325,10,ETH
36,2.23678,2.23369,2.24839,10,ETH
37,2.23782,2.2408,2.25884,10,ETH
38,2.23273,2.23117,2.24282,9,ETH
39,2.23197,2.23021,2.24174,10,ETH
40,2.23258,2.2311,2.24339,9,ETH
41,2.23316,2.23233,2.2449,9,ETH
42,2.23614,2.23299,2.24632,9,ETH
43,2.24005,2.23847,2.25699,9,ETH
44,2.23213,2.23338,2.25665,9,ETH
45,2.23246,2.23875,2.26708,9,ETH
46,2.23256,2.23288,2.2588,10,ETH
47,2.23731,2.26013,2.29129,10,ETH
0,2.50281,2.50486,2.52997,10,SOL
1,2.49824,2.5038,2.53369,10,SOL
2,2.49553,2.49823,2.52685,9,SOL
3,2.49823,2.50221,2.53352,9,SOL
4,2.49522,2.49921,2.5244,9,SOL
5,2.49325,2.4991,2.53184,9,SOL
6,2.49594,2.4984,2.5261,9,SOL
7,2.49097,2.50092,2.54128,9,SOL
8,2.48725,2.49392,2.53919,9,SOL
9,2.48468,2.49384,2.54728,9,SOL
10,2.48828,2.49771,2.54511,9,SOL
11,2.50198,2.49442,2.54089,9,SOL
12,2.49649,2.49478,2.5471,8,SOL
13,2.49623,2.49385,2.54301,8,SOL
14,2.50031,2.49367,2.53574,8,SOL
15,2.49601,2.49215,2.53665,8,SOL
16,2.49253,2.49035,2.53276,8,SOL
17,2.48587,2.48399,2.52434,8,SOL
18,2.47842,2.4829,2.52264,8,SOL
19,2.47313,2.48005,2.52427,8,SOL
20,2.48396,2.4857,2.52373,8,SOL
21,2.4966,2.49927,2.53432,8,SOL
22,2.50031,2.50397,2.54199,9,SOL
23,2.5152,2.50808,2.5434,9,SOL
24,2.51499,2.50604,2.54142,9,SOL
25,2.50428,2.50155,2.53869,9,SOL
26,2.50031,2.50236,2.54473,9,SOL
27,2.50428,2.50012,2.53062,9,SOL
28,2.50616,2.50157,2.53869,9,SOL
29,2.51141,2.50177,2.52877,9,SOL
30,2.50705,2.50162,2.53528,10,SOL
31,2.51068,2.5072,2.54531,10,SOL
32,2.51505,2.50973,2.54497,10,SOL
33,2.51103,2.50659,2.54148,10,SOL
34,2.51321,2.50879,2.54399,10,SOL
35,2.51909,2.50824,2.54643,10,SOL
36,2.5151,2.50832,2.5449,10,SOL
37,2.51328,2.50629,2.54087,10,SOL
38,2.51815,2.5071,2.53633,9,SOL
39,2.51115,2.5013,2.53657,10,SOL
40,2.51857,2.5078,2.53745,9,SOL
41,2.51836,2.50693,2.53326,9,SOL
42,2.52302,2.50889,2.54067,9,SOL
43,2.5152,2.51022,2.54569,9,SOL
44,2.51036,2.50913,2.54536,9,SOL
45,2.50721,2.50972,2.54653,9,SOL
46,2.49491,2.50421,2.54105,10,SOL
47,2.50236,2.50736,2.54324,10,SOL
0,2.50281,2.50486,2.52997,10,AVAX
1,2.49824,2.5038,2.53369,10,AVAX
2,2.49553,2.49823,2.52685,9,AVAX
3,2.49823,2.50221,2.53352,9,AVAX
4,2.49522,2.49921,2.5244,9,AVAX
5,2.49325,2.4991,2.53184,9,AVAX
6,2.49594,2.4984,2.5261,9,AVAX
7,2.49097,2.50092,2.54128,9,AVAX
8,2.48725,2.49392,2.53919,9,AVAX
9,2.48468,2.49384,2.54728,9,AVAX
10,2.48828,2.49771,2.54511,9,AVAX
11,2.50198,2.49442,2.54089,9,AVAX
12,2.49649,2.49478,2.5471,8,AVAX
13,2.49623,2.49385,2.54301,8,AVAX
14,2.50031,2.49367,2.53574,8,AVAX
15,2.49601,2.49215,2.53665,8,AVAX
16,2.49253,2.49035,2.53276,8,AVAX
17,2.48587,2.48399,2.52434,8,AVAX
18,2.47842,2.4829,2.52264,8,AVAX
19,2.47313,2.48005,2.52427,8,AVAX
20,2.48396,2.4857,2.52373,8,AVAX
21,2.4966,2.49927,2.53432,8,AVAX
22,2.50031,2.50397,2.54199,9,AVAX
23,2.5152,2.50808,2.5434,9,AVAX
24,2.51499,2.50604,2.54142,9,AVAX
25,2.50428,2.50155,2.53869,9,AVAX
26,2.50031,2.50236,2.54473,9,AVAX
27,2.50428,2.50012,2.53062,9,AVAX
28,2.50616,2.50157,2.53869,9,AVAX
29,2.51141,2.50177,2.52877,9,AVAX
30,2.50705,2.50162,2.53528,10,AVAX
31,2.51068,2.5072,2.54531,10,AVAX
32,2.51505,2.50973,2.54497,10,AVAX
33,2.51103,2.50659,2.54148,10,AVAX
34,2.51321,2.50879,2.54399,10,AVAX
35,2.51909,2.50824,2.54643,10,AVAX
36,2.5151,2.50832,2.5449,10,AVAX
37,2.51328,2.50629,2.54087,10,AVAX
38,2.51815,2.5071,2.53633,9,AVAX
39,2.51115,2.5013,2.53657,10,AVAX
40,2.51857,2.5078,2.53745,9,AVAX
41,2.51836,2.50693,2.53326,9,AVAX
42,2.52302,2.50889,2.54067,9,AVAX
43,2.5152,2.51022,2.54569,9,AVAX
44,2.51036,2.50913,2.54536,9,AVAX
45,2.50721,2.50972,2.54653,9,AVAX
46,2.49491,2.50421,2.54105,10,AVAX
47,2.50236,2.50736,2.54324,10,AVAX
0,10.0193,9.97527,10.0901,10,XRP
1,10.0209,9.97194,10.0988,10,XRP
2,9.98333,9.95174,10.0634,9,XRP
3,9.98835,9.96934,10.1217,9,XRP
4,9.95124,9.94339,10.0719,9,XRP
5,9.96466,9.93963,10.064,9,XRP
6,9.9744,9.9319,10.055,9,XRP
7,9.96413,9.94592,10.0995,9,XRP
8,9.94992,9.91874,10.1003,9,XRP
9,9.95983,9.92578,10.1278,9,XRP
10,9.99967,9.93994,10.1041,9,XRP
11,9.92654,9.91981,10.0664,9,XRP
12,9.93501,9.94084,10.1154,8,XRP
13,9.94009,9.92975,10.0971,8,XRP
14,9.9453,9.92932,10.0675,8,XRP
15,9.92654,9.92819,10.0743,8,XRP
16,9.89806,9.91736,10.0467,8,XRP
17,9.87625,9.87678,10.016,8,XRP
18,9.84485,9.86842,10.041,8,XRP
19,9.82434,9.86341,10.0333,8,XRP
20,9.89545,9.88902,10.0399,8,XRP
21,9.98676,9.93754,10.0502,8,XRP
22,9.96843,9.9422,10.0969,9,XRP
23,9.96658,9.95523,10.086,9,XRP
24,9.95282,9.94381,10.0655,9,XRP
25,9.94596,9.94472,10.0731,9,XRP
26,9.98037,9.97474,10.0848,9,XRP
27,9.98569,9.96737,10.0525,9,XRP
28,10.0097,9.96832,10.0387,9,XRP
29,9.99367,9.96747,10.0664,9,XRP
30,10.0092,9.99384,10.0973,10,XRP
31,10.0167,10.003,10.0989,10,XRP
32,10.0207,10.0083,10.1267,10,XRP
33,9.99583,9.99639,10.0779,10,XRP
34,10.015,10.0128,10.0848,10,XRP
35,10.0548,10.011,10.0943,10,XRP
36,10.0308,10.0114,10.1259,10,XRP
37,10.0479,10.0107,10.1128,10,XRP
38,10.0392,10.0054,10.1054,9,XRP
39,10.0378,9.95646,10.0975,10,XRP
40,10.0375,10.001,10.0986,9,XRP
41,10.0445,10.0007,10.0796,9,XRP
42,10.0479,10.0058,10.0843,9,XRP
43,10.058,10.014,10.1076,9,XRP
44,10.0197,10.0124,10.0967,9,XRP
45,10.0247,10.016,10.1044,9,XRP
46,10.0063,9.97134,10.1032,10,XRP
47,10.0526,9.98211,10.0896,10,XRP
0,1.10164,1.09151,1.1509,6,XAU
1,1.1013,1.10013,1.1141,6,XAU
2,1.10679,1.1198,1.1529,6,XAU
3,1.10677,1.11996,1.15459,6,XAU
4,0.985408,0.999152,1.03347,6,XAU
5,0.925069,0.918824,0.966797,6,XAU
6,0.982536,0.983511,0.989064,6,XAU
7,0.982271,0.936261,0.988306,6,XAU
8,0.981453,0.981496,0.985512,6,XAU
9,0.960783,0.936288,0.987529,6,XAU
10,0.935472,0.928773,0.989555,6,XAU
11,0.981725,0.97639,0.989601,6,XAU
12,0.982862,0.960419,0.986787,6,XAU
13,0.850604,0.880296,0.951141,6,XAU
14,0.982767,0.979578,0.986993,6,XAU
15,0.981571,0.979433,0.985113,6,XAU
16,0.983536,0.983524,0.987421,6,XAU
17,0.973431,0.961008,0.982514,6,XAU
18,0.977287,0.965257,0.987727,6,XAU
19,0.985034,0.98392,0.988993,6,XAU
20,0.983128,0.972633,0.988124,6,XAU
21,0.983701,0.985873,0.991288,6,XAU
22,0.985483,0.971195,0.991904,6,XAU
23,0.986099,0.968344,0.989721,6,XAU
24,0.964314,0.940878,0.993369,6,XAU
25,0.985192,0.952026,0.991018,6,XAU
26,0.984902,0.980924,0.989274,6,XAU
27,0.984847,0.948261,0.991545,6,XAU
28,0.988263,0.968167,0.991048,6,XAU
29,0.988725,0.963684,0.991211,6,XAU
30,0.988072,0.971011,0.990573,6,XAU
31,0.98213,0.938657,0.990111,6,XAU
32,1.06002,1.05151,1.06515,6,XAU
33,1.01595,1.0135,1.05589,6,XAU
34,,,,0,XAU
35,,,,0,XAU
36,,,,0,XAU
37,1.18252,1.18532,1.21005,7,XAU
38,1.10511,1.11384,1.14458,6,XAU
39,1.07123,1.06935,1.13678,6,XAU
40,1.10845,1.11763,1.14474,6,XAU
41,1.10761,1.09966,1.14793,6,XAU
42,1.10826,1.12067,1.15016,6,XAU
43,1.10593,1.10842,1.13518,6,XAU
44,1.10755,1.1164,1.14978,6,XAU
45,1.10395,1.1,1.14704,6,XAU
46,1.10769,1.12012,1.15108,6,XAU
47,1.10327,1.07975,1.15079,6,XAU
0,0.477524,0.502965,0.559426,6,US100
1,0.475185,0.486398,0.512202,6,US100
2,0.477093,0.480506,0.493093,6,US100
3,0.541819,0.535448,0.572363,6,US100
4,0.62312,0.606357,0.644436,6,US100
5,0.572782,0.573496,0.607526,6,US100
6,0.635516,0.633533,0.642636,6,US100
7,0.604867,0.590073,0.623936,6,US100
8,0.63405,0.622252,0.640105,6,US100
9,0.60122,0.584288,0.624592,6,US100
10,0.556652,0.557344,0.624162,6,US100
11,0.494968,0.513752,0.574756,6,US100
12,0.524342,0.530241,0.591426,6,US100
13,0.521832,0.524683,0.560844,6,US100
14,0.590685,0.589709,0.638388,6,US100
15,0.573671,0.5677,0.635377,6,US100
16,0.607152,0.600847,0.63981,6,US100
17,0.620481,0.599825,0.638923,6,US100
18,0.602971,0.577704,0.639061,6,US100
19,0.475328,0.474105,0.476897,6,US100
20,0.475797,0.474183,0.477765,6,US100
21,0.475751,0.474101,0.478272,6,US100
22,0.476013,0.474684,0.479488,6,US100
23,0.475959,0.474942,0.479384,6,US100
24,0.47578,0.474681,0.479183,6,US100
25,0.475861,0.474362,0.478021,6,US100
26,0.475888,0.474616,0.478882,6,US100
27,0.474639,0.474077,0.478221,6,US100
28,0.474842,0.474078,0.478252,6,US100
29,0.474915,0.474046,0.478197,6,US100
30,0.474611,0.473691,0.477718,6,US100
31,0.474591,0.47372,0.4781,6,US100
32,0.699323,0.696679,0.702397,6,US100
33,0.502388,0.511116,0.536551,6,US100
34,,,,0,US100
35,,,,0,US100
36,,,,0,US100
37,0.504711,0.523224,0.561472,7,US100
38,0.476187,0.480338,0.492564,6,US100
39,0.474951,0.474803,0.477544,6,US100
40,0.634174,0.599874,0.640734,6,US100
41,0.606055,0.584108,0.641009,6,US100
42,0.589263,0.576229,0.63357,6,US100
43,0.574524,0.557223,0.62566,6,US100
44,0.523382,0.52439,0.576752,6,US100
45,0.49235,0.502648,0.5441,6,US100
46,0.493919,0.502623,0.540348,6,US100
47,0.475939,0.497448,0.544663,6,US100
0,0.495276,0.493265,0.51349,6,US30
1,0.48306,0.483471,0.513234,6,US30
2,0.50244,0.502795,0.514712,6,US30
3,0.505052,0.506163,0.520702,6,US30
4,0.480444,0.467481,0.48388,6,US30
5,0.483307,0.476729,0.485504,6,US30
6,0.483589,0.483496,0.48619,6,US30
7,0.48301,0.480587,0.487346,6,US30
8,0.483465,0.483561,0.486946,6,US30
9,0.483406,0.483672,0.487324,6,US30
10,0.483372,0.48366,0.486779,6,US30
11,0.471446,0.467484,0.486401,6,US30
12,0.481293,0.474094,0.486463,6,US30
13,0.483456,0.480586,0.486343,6,US30
14,0.48366,0.48352,0.485821,6,US30
15,0.483552,0.483324,0.485556,6,US30
16,0.48354,0.483076,0.484927,6,US30
17,0.481937,0.482478,0.484615,6,US30
18,0.481607,0.482706,0.485381,6,US30
19,0.409223,0.409553,0.411246,6,US30
20,0.409584,0.410285,0.413339,6,US30
21,0.409759,0.410175,0.412818,6,US30
22,0.410157,0.41057,0.413065,6,US30
23,0.410555,0.410741,0.413225,6,US30
24,0.410574,0.410509,0.412451,6,US30
25,0.410184,0.410064,0.412054,6,US30
26,0.41019,0.410144,0.412022,6,US30
27,0.410081,0.409945,0.411488,6,US30
28,0.40981,0.409874,0.411825,6,US30
29,0.410126,0.410021,0.411747,6,US30
30,0.409801,0.409882,0.411679,6,US30
31,0.409783,0.409891,0.411678,6,US30
32,0.41281,0.413063,0.418178,6,US30
33,0.512684,0.510255,0.516103,6,US30
34,,,,0,US30
35,,,,0,US30
36,,,,0,US30
37,0.532829,0.537598,0.567914,7,US30
38,0.482877,0.480178,0.505024,6,US30
39,0.445718,0.457365,0.483469,6,US30
40,0.521842,0.522284,0.525291,6,US30
41,0.522186,0.516055,0.525671,6,US30
42,0.519877,0.515984,0.524309,6,US30
43,0.519578,0.515973,0.523696,6,US30
44,0.504865,0.506226,0.512707,6,US30
45,0.502837,0.502857,0.512315,6,US30
46,0.500693,0.499722,0.51481,6,US30
47,0.485496,0.486668,0.500698,6,US30
0,,,,0,GER40
1,1.37866,1.37243,1.4243,7,GER40
2,1.30627,1.28886,1.34382,6,GER40
3,1.20061,1.20966,1.24054,6,GER40
4,1.38444,1.38717,1.40389,6,GER40
5,1.39827,1.37008,1.44504,6,GER40
6,1.39705,1.36955,1.4388,6,GER40
7,1.27231,1.26396,1.30702,6,GER40
8,1.23309,1.2444,1.30101,6,GER40
9,1.18899,1.25728,1.40269,6,GER40
10,1.19967,1.23752,1.34452,6,GER40
11,1.21971,1.21771,1.27297,6,GER40
12,1.23025,1.25778,1.38369,6,GER40
13,1.21041,1.25105,1.39463,6,GER40
14,1.21822,1.25725,1.36473,6,GER40
15,1.32863,1.32401,1.41383,6,GER40
16,0.919112,0.91467,0.930045,6,GER40
17,0.883515,0.875417,0.926039,6,GER40
18,0.52514,0.526372,0.531758,6,GER40
19,0.525461,0.52682,0.533234,6,GER40
20,0.525286,0.519738,0.532191,6,GER40
21,0.524577,0.519703,0.531972,6,GER40
22,0.522077,0.512912,0.530509,6,GER40
23,0.486522,0.493331,0.509791,6,GER40
24,0.506334,0.506521,0.530111,6,GER40
25,0.486544,0.493179,0.509613,6,GER40
26,0.506426,0.505602,0.526986,6,GER40
27,0.486521,0.492275,0.527513,6,GER40
28,0.485977,0.492214,0.508206,6,GER40
29,0.525285,0.51169,0.527641,6,GER40
30,0.505359,0.504933,0.527379,6,GER40
31,0.526121,0.512323,0.528027,6,GER40
32,0.526616,0.525813,0.529804,6,GER40
33,0.526439,0.512666,0.529661,6,GER40
34,0.524581,0.513338,0.530387,6,GER40
35,0.922878,0.923193,0.92907,6,GER40
36,0.882217,0.87046,0.928471,6,GER40
37,0.857127,0.856452,0.928968,6,GER40
38,0.802326,0.817602,0.869376,6,GER40
39,0.780345,0.790451,0.92743,6,GER40
40,0.819194,0.797253,0.926043,6,GER40
41,0.838542,0.836607,0.925862,6,GER40
42,0.722278,0.711071,0.764685,6,GER40
43,0.726481,0.756886,0.842997,6,GER40
44,1.49724,1.49996,1.5144,5,GER40
45,1.35672,1.3732,1.44597,5,GER40
46,,,,0,GER40
47,,,,0,GER40
0,1.05401,1.07009,1.31478,6,GBPJPY
1,1.02981,1.07049,1.34304,6,GBPJPY
2,1.0061,1.03774,1.29045,6,GBPJPY
3,1.18861,1.21013,1.31807,6,GBPJPY
4,0.908515,0.990851,1.22404,6,GBPJPY
5,0.936715,0.990974,1.1485,6,GBPJPY
6,0.9563,0.966899,1.10531,6,GBPJPY
7,0.960077,0.990581,1.19668,6,GBPJPY
8,1.10414,1.09536,1.2968,6,GBPJPY
9,0.913015,0.943246,1.05476,6,GBPJPY
10,0.816602,0.839413,0.88669,6,GBPJPY
11,0.815892,0.823144,0.840731,6,GBPJPY
12,1.07667,1.05484,1.2231,6,GBPJPY
13,0.815662,0.847087,0.912301,6,GBPJPY
14,0.95903,0.975243,1.1289,6,GBPJPY
15,0.840145,0.902661,1.05308,6,GBPJPY
16,0.982091,0.982696,1.12621,6,GBPJPY
17,0.958225,1.01522,1.24885,6,GBPJPY
18,0.862269,0.88715,0.982596,6,GBPJPY
19,1.0802,1.00726,1.15099,6,GBPJPY
20,1.17569,1.12668,1.36457,6,GBPJPY
21,1.00575,0.99935,1.17626,6,GBPJPY
22,0.886903,0.934599,1.12594,6,GBPJPY
23,0.815646,0.863586,0.984411,6,GBPJPY
24,0.983601,0.991111,1.0554,6,GBPJPY
25,0.815985,0.871312,1.00738,6,GBPJPY
26,1.0297,1.02305,1.19996,6,GBPJPY
27,0.909974,1.03937,1.39372,6,GBPJPY
28,1.0532,1.095,1.34522,6,GBPJPY
29,0.959931,1.01452,1.31716,6,GBPJPY
30,1.10443,1.13441,1.31695,6,GBPJPY
31,0.959427,1.13424,1.53376,6,GBPJPY
32,1.29487,1.25393,1.38991,6,GBPJPY
33,1.10205,1.11825,1.24764,6,GBPJPY
34,1.82192,1.84098,1.87144,5,GBPJPY
35,10.5225,10.7221,13.5403,7,GBPJPY
36,1.38873,1.36941,1.52471,7,GBPJPY
37,1.2917,1.30094,1.43854,7,GBPJPY
38,1.1987,1.1826,1.34237,6,GBPJPY
39,0.935225,1.03906,1.34306,6,GBPJPY
40,1.34319,1.33468,1.39244,6,GBPJPY
41,0.983424,0.966496,1.0524,6,GBPJPY
42,1.19838,1.15822,1.34173,6,GBPJPY
43,0.913618,0.9984,1.24291,6,GBPJPY
44,1.14745,1.14242,1.3425,6,GBPJPY
45,0.84232,0.871286,0.959,6,GBPJPY
46,0.958343,1.02257,1.29169,6,GBPJPY
47,0.982834,0.958861,1.07668,6,GBPJPY
0,7.80166,7.79999,8.06111,6,WTI
1,7.3864,7.52458,7.9688,6,WTI
2,7.61708,7.59278,7.90964,6,WTI
3,7.9615,7.96925,8.43503,6,WTI
4,8.69517,8.74903,9.30189,6,WTI
5,8.27664,8.42892,8.89697,6,WTI
6,9.21729,9.06636,9.4989,6,WTI
7,8.95328,8.89704,9.39481,6,WTI
8,9.19063,9.08658,9.54796,6,WTI
9,9.39372,9.34767,9.59532,6,WTI
10,9.00548,9.00901,9.55476,6,WTI
11,8.69166,8.64301,9.13135,6,WTI
12,8.56767,8.6927,9.04124,6,WTI
13,8.33557,8.42223,8.74934,6,WTI
14,8.68086,8.73765,9.17453,6,WTI
15,8.60158,8.72055,9.2618,6,WTI
16,8.97769,8.95632,9.33704,6,WTI
17,9.29342,9.20944,9.53922,6,WTI
18,9.37336,9.35804,9.59992,6,WTI
19,9.4077,9.40011,9.63893,6,WTI
20,9.35832,9.27101,9.61498,6,WTI
21,9.24997,9.20292,9.52472,6,WTI
22,9.05394,9.14236,9.44341,6,WTI
23,9.35311,9.33471,9.54147,6,WTI
24,9.14594,9.15142,9.43858,6,WTI
25,9.14376,9.00307,9.30873,6,WTI
26,8.86812,8.82714,9.19821,6,WTI
27,8.97409,8.84897,9.14749,6,WTI
28,9.01301,8.97053,9.24251,6,WTI
29,9.32777,9.38791,9.60986,6,WTI
30,8.38165,8.36641,8.81714,6,WTI
31,7.88598,8.05233,8.71424,6,WTI
32,8.5545,8.56755,9.05537,6,WTI
33,7.99179,8.09955,8.58246,6,WTI
34,,,,0,WTI
35,,,,0,WTI
36,,,,0,WTI
37,7.67588,8.01321,8.87794,7,WTI
38,7.47493,7.47469,7.83883,6,WTI
39,7.23632,7.41201,7.93002,6,WTI
40,8.22475,8.33717,8.72217,6,WTI
41,8.20113,8.20865,8.51817,6,WTI
42,8.90098,8.8656,9.08516,6,WTI
43,8.15535,8.13156,8.75028,6,WTI
44,7.9218,8.0061,8.43346,6,WTI
45,8.11225,7.98027,8.32717,6,WTI
46,7.95926,7.93824,8.22422,6,WTI
47,7.9432,7.93889,8.43338,6,WTI
0,6.49059,6.36585,6.69704,6,BRENT
1,5.97392,6.01503,6.33049,6,BRENT
2,6.13867,6.12391,6.25699,6,BRENT
3,6.63504,6.49389,6.94547,6,BRENT
4,6.89086,7.0123,7.54256,6,BRENT
5,6.79357,6.91428,7.28018,6,BRENT
6,7.25062,7.34091,7.77392,6,BRENT
7,7.25163,7.25953,7.69904,6,BRENT
8,7.44351,7.47478,7.74561,6,BRENT
9,7.60138,7.63775,7.7595,6,BRENT
10,7.37256,7.34213,7.56775,6,BRENT
11,7.07689,7.09092,7.48943,6,BRENT
12,7.13836,7.0089,7.21663,6,BRENT
13,6.85774,6.82738,7.0507,6,BRENT
14,6.89294,6.97622,7.31767,6,BRENT
15,7.12853,7.08364,7.48302,6,BRENT
16,7.40856,7.34913,7.64834,6,BRENT
17,7.6152,7.39343,7.79927,6,BRENT
18,7.57879,7.55276,7.75562,6,BRENT
19,7.54041,7.53504,7.60386,6,BRENT
20,7.53706,7.43466,7.63783,6,BRENT
21,7.38856,7.43273,7.66996,6,BRENT
22,7.41172,7.39844,7.54755,6,BRENT
23,7.55786,7.5925,7.7303,6,BRENT
24,7.28739,7.3914,7.69021,6,BRENT
25,7.34863,7.25392,7.58481,6,BRENT
26,7.13585,7.08628,7.44042,6,BRENT
27,7.23069,7.17816,7.61633,6,BRENT
28,7.18157,7.20705,7.65502,6,BRENT
29,7.61538,7.60887,7.77894,6,BRENT
30,6.8694,6.77778,7.09956,6,BRENT
31,6.34888,6.50437,7.11511,6,BRENT
32,6.87733,6.88199,7.24863,6,BRENT
33,6.58813,6.57118,6.91559,5,BRENT
34,,,,0,BRENT
35,,,,0,BRENT
36,,,,0,BRENT
37,,,,0,BRENT
38,,,,0,BRENT
39,,,,0,BRENT
40,,,,0,BRENT
41,6.82092,6.89151,7.15776,6,BRENT
42,7.364,7.26423,7.61363,6,BRENT
43,6.79186,6.62811,7.20298,6,BRENT
44,6.37217,6.44223,6.88034,6,BRENT
45,6.68786,6.53219,6.96347,6,BRENT
46,6.53841,6.56776,6.83567,6,BRENT
47,6.43496,6.38525,6.60805,6,BRENT
