cle,symbole,variante,debut,fin,frais_moyens_bps,frais_moyens_atr,ecart_atr,commission_atr,swap_atr,atr_median_bps,part_avec_rollover,pnl_compose_r25,pnl_compose_1x,pnl_bps_1x,pf_1x,wr,esperance_atr,esperance_bps,mdd_r25,mdd_1x,n_trades,trades_par_mois,duree_mediane_barres,duree_mediane_h,part_frais_1x,calmar_r25,annees,exposition_brute_max,exposition_brute_P99,part_etats_exposition_sup_1,positions_max
XAU,XAUUSD,frictions FTMO,2020-05-06,2026-10-01,1.86532,0.115745,0.0650516,0.00893178,0.0417612,16.1018,0.304348,0.086439,0.123292,1341.4,1.07394,0.41655,0.019477,1.88135,-0.180529,-0.182634,713,9.2783,26,13,0.497861,0.0721789,6.40383,1.01801,1.00859,0.239706,1
XAU,XAUUSD,sans swaps,2020-05-06,2026-10-01,1.15936,0.0739834,0.0650516,0.00893178,0.0417612,16.1018,0.304348,0.140532,0.181121,1844.75,1.10259,0.417952,0.0612382,2.58731,-0.162947,-0.164448,713,9.2783,26,13,0.309438,0.127318,6.40383,1.01801,1.00859,0.230288,1
US100,US100.cash,frictions FTMO,2020-11-08,2026-10-01,1.30312,0.075472,0.0331273,0,0.0423448,17.6069,0.253709,0.0230909,0.0506497,719.516,1.03567,0.376855,-0.0375478,1.06753,-0.160661,-0.212151,674,9.52851,24,12.5,0.549689,0.0241519,5.89459,1.01796,1.00814,0.189158,1
US100,US100.cash,sans swaps,2020-11-08,2026-10-01,0.537351,0.0331273,0.0331273,0,0.0423448,17.6069,0.253709,0.0727514,0.105878,1235.65,1.06158,0.382789,0.00479694,1.8333,-0.138604,-0.18988,674,9.52851,24,12.5,0.226668,0.0864691,5.89459,1.01796,1.00814,0.175392,1
US30,US30.cash,frictions FTMO,2020-11-08,2026-10-01,0.87262,0.079292,0.0430788,0,0.0362132,11.2747,0.211429,-0.0814262,-0.117959,-1133.35,0.921664,0.355714,-0.107987,-1.61907,-0.129573,-0.162265,700,9.89608,22,11.5,,-0.110404,5.89459,1.01888,1.00604,0.270281,1
US30,US30.cash,sans swaps,2020-11-08,2026-10-01,0.468504,0.0430788,0.0430788,0,0.0362132,11.2747,0.211429,-0.0556114,-0.0927545,-850.469,0.940827,0.36,-0.071774,-1.21496,-0.123801,-0.143224,700,9.89608,22,11.5,,-0.0780268,5.89459,1.01888,1.00604,0.268222,1
GER40,GER40.cash,frictions FTMO,2020-11-08,2026-10-01,1.47944,0.0985152,0.0642245,0,0.0342908,14.1933,0.297254,0.0315513,-0.0490604,-373.3,0.975069,0.387722,0.086098,-0.603069,-0.113916,-0.140885,619,8.75096,26,13,1.68815,0.0463832,5.89459,1.01959,1.00766,0.21613,1
GER40,GER40.cash,sans swaps,2020-11-08,2026-10-01,0.898765,0.0642245,0.0642245,0,0.0342908,14.1933,0.297254,0.0667957,-0.0143021,-13.8636,0.999064,0.400646,0.120389,-0.0223968,-0.111425,-0.137086,619,8.75096,26,13,1.02556,0.0989874,5.89459,1.01959,1.00766,0.217034,1
GBPJPY,GBPJPY,frictions FTMO,2020-04-01,2026-10-01,1.83345,0.193288,0.125691,0.0483714,0.0192263,9.5844,0.31357,0.0394109,0.0433768,474.379,1.04613,0.421607,0.00560119,0.625005,-0.0752122,-0.0752122,759,9.73128,26,13,0.745773,0.0793064,6.49966,1.01742,1.0054,0.260266,1
GBPJPY,GBPJPY,sans swaps,2020-04-01,2026-10-01,1.6395,0.174062,0.125691,0.0483714,0.0192263,9.5844,0.31357,0.0546839,0.0588478,621.588,1.06095,0.426877,0.0248275,0.818956,-0.0709952,-0.0709952,759,9.73128,26,13,0.666882,0.115853,6.49966,1.01742,1.0054,0.255328,1
WTI,USOIL.cash,frictions FTMO,2020-11-08,2026-10-01,12.9937,0.364535,0.257427,0,0.107109,34.1275,0.25273,-0.402382,-0.495385,-6088.59,0.852128,0.365055,-0.310785,-9.49859,-0.413409,-0.511148,641,9.06198,26,13,3.7177,-0.202293,5.89459,1.01831,1.00543,0.0431394,1
WTI,USOIL.cash,sans swaps,2020-11-08,2026-10-01,8.58205,0.257427,0.257427,0,0.107109,34.1275,0.25273,-0.293153,-0.330083,-3260.74,0.917608,0.380655,-0.203676,-5.08697,-0.314616,-0.433268,641,9.06198,26,13,2.45546,-0.181678,5.89459,1.01831,1.00543,0.0471542,1
BRENT,UKOIL.cash,frictions FTMO,2020-11-08,2026-10-01,13.5645,0.385815,0.213873,0,0.171942,33.6771,0.286496,-0.413049,-0.453584,-5424.17,0.838448,0.355839,-0.394343,-9.89812,-0.453521,-0.532376,548,7.74721,24,13,3.69968,-0.190566,5.89459,1.01733,1.00596,0.0446324,1
BRENT,UKOIL.cash,sans swaps,2020-11-08,2026-10-01,7.06279,0.213873,0.213873,0,0.171942,33.6771,0.286496,-0.259244,-0.219936,-1861.22,0.940536,0.375912,-0.222401,-3.39638,-0.352068,-0.405828,548,7.74721,24,13,1.92635,-0.140979,5.89459,1.01733,1.00596,0.0472579,1
