serie,frais_bps,dimension,trades,trades_par_mois,pnl,mdd,calmar,plus_longue_sous_le_pic_jours,mois_positifs,mois,exposition_max,part_temps_en_position,part_temps_deux_positions,pf_1x,wr,esperance_bps
BTC seul,5,"0,25 %/ATR",806,14.9134,0.895259,-0.128965,1.18273,224.104,0.537037,54,1.09744,0.225562,0,1.20106,0.430521,11.287
SOL seul,5,"0,25 %/ATR",769,14.2288,0.394826,-0.130679,0.58682,566.667,0.555556,54,1.01596,0.21686,0,1.16754,0.440832,19.1767
Portefeuille BTC + SOL,5,"0,25 %/ATR",1575,29.1423,1.63368,-0.152031,1.57785,238.25,0.592593,54,2.01323,0.37213,0.0701252,1.17892,0.435556,15.1391
BTC seul,5,1x par position,806,14.9134,1.18122,-0.298687,0.632969,277.312,0.537037,54,1.13711,0.225562,0,1.20106,0.430521,11.287
SOL seul,5,1x par position,769,14.2288,1.73203,-0.42294,0.59114,572.979,0.5,54,1.40182,0.21686,0,1.16754,0.440832,19.1767
Portefeuille BTC + SOL,5,1x par position,1575,29.1423,4.77713,-0.401163,1.1869,291.5,0.5,54,2.33517,0.37213,0.0701252,1.17892,0.435556,15.1391
BTC seul,10,"0,25 %/ATR",806,14.9134,0.458205,-0.147999,0.590279,246.812,0.518519,54,1.09744,0.225562,0,1.10652,0.418114,6.28698
SOL seul,10,"0,25 %/ATR",769,14.2288,0.241519,-0.15236,0.322962,566.875,0.518519,54,1.01596,0.21686,0,1.12089,0.43433,14.1767
Portefeuille BTC + SOL,10,"0,25 %/ATR",1575,29.1423,0.803676,-0.181083,0.772716,280.833,0.592593,54,2.01323,0.37213,0.0701252,1.11593,0.426032,10.1391
BTC seul,10,1x par position,806,14.9134,0.458064,-0.317426,0.275143,585.5,0.537037,54,1.13711,0.225562,0,1.10652,0.418114,6.28698
SOL seul,10,1x par position,769,14.2288,0.860273,-0.444331,0.332573,584.938,0.5,54,1.40182,0.21686,0,1.12089,0.43433,14.1767
Portefeuille BTC + SOL,10,1x par position,1575,29.1423,1.62994,-0.456728,0.524363,304.5,0.5,54,2.33517,0.37213,0.0701252,1.11593,0.426032,10.1391
